image_path,cell_number,label
409443.webp,1,no_object
409443.webp,2,no_object
409443.webp,3,no_object
409443.webp,4,no_object
409443.webp,5,no_object
409443.webp,6,no_object
409443.webp,7,no_object
409443.webp,8,no_object
409443.webp,9,no_object
409443.webp,10,no_object
409443.webp,11,no_object
409443.webp,12,no_object
409443.webp,13,no_object
409443.webp,14,no_object
409443.webp,15,no_object
409443.webp,16,no_object
409443.webp,17,no_object
409443.webp,18,no_object
409443.webp,19,no_object
409443.webp,20,no_object
409443.webp,21,no_object
409443.webp,22,no_object
409443.webp,23,no_object
409443.webp,24,no_object
409443.webp,25,no_object
409443.webp,26,no_object
409443.webp,27,no_object
409443.webp,28,no_object
409443.webp,29,no_object
409443.webp,30,ball
409443.webp,31,ball
409443.webp,32,no_object
409443.webp,33,no_object
409443.webp,34,no_object
409443.webp,35,no_object
409443.webp,36,no_object
409443.webp,37,no_object
409443.webp,38,ball
409443.webp,39,no_object
409443.webp,40,no_object
409443.webp,41,no_object
409443.webp,42,no_object
409443.webp,43,no_object
409443.webp,44,no_object
409443.webp,45,no_object
409443.webp,46,no_object
409443.webp,47,no_object
409443.webp,48,no_object
409443.webp,49,no_object
409443.webp,50,no_object
409443.webp,51,no_object
409443.webp,52,no_object
409443.webp,53,no_object
409443.webp,54,no_object
409443.webp,55,no_object
409443.webp,56,no_object
409443.webp,57,no_object
409443.webp,58,no_object
409443.webp,59,no_object
409443.webp,60,no_object
409443.webp,61,no_object
409443.webp,62,no_object
409443.webp,63,no_object
409443.webp,64,no_object
409477.webp,1,no_object
409477.webp,2,no_object
409477.webp,3,ball
409477.webp,4,ball
409477.webp,5,no_object
409477.webp,6,no_object
409477.webp,7,no_object
409477.webp,8,no_object
409477.webp,9,no_object
409477.webp,10,no_object
409477.webp,11,no_object
409477.webp,12,no_object
409477.webp,13,no_object
409477.webp,14,no_object
409477.webp,15,no_object
409477.webp,16,no_object
409477.webp,17,no_object
409477.webp,18,no_object
409477.webp,19,no_object
409477.webp,20,no_object
409477.webp,21,no_object
409477.webp,22,no_object
409477.webp,23,no_object
409477.webp,24,no_object
409477.webp,25,no_object
409477.webp,26,no_object
409477.webp,27,no_object
409477.webp,28,no_object
409477.webp,29,no_object
409477.webp,30,no_object
409477.webp,31,no_object
409477.webp,32,no_object
409477.webp,33,no_object
409477.webp,34,no_object
409477.webp,35,no_object
409477.webp,36,no_object
409477.webp,37,no_object
409477.webp,38,no_object
409477.webp,39,no_object
409477.webp,40,no_object
409477.webp,41,no_object
409477.webp,42,no_object
409477.webp,43,no_object
409477.webp,44,no_object
409477.webp,45,no_object
409477.webp,46,no_object
409477.webp,47,no_object
409477.webp,48,no_object
409477.webp,49,no_object
409477.webp,50,no_object
409477.webp,51,no_object
409477.webp,52,no_object
409477.webp,53,no_object
409477.webp,54,no_object
409477.webp,55,no_object
409477.webp,56,no_object
409477.webp,57,no_object
409477.webp,58,no_object
409477.webp,59,no_object
409477.webp,60,no_object
409477.webp,61,no_object
409477.webp,62,no_object
409477.webp,63,no_object
409477.webp,64,no_object
409507.webp,1,no_object
409507.webp,2,no_object
409507.webp,3,no_object
409507.webp,4,no_object
409507.webp,5,no_object
409507.webp,6,no_object
409507.webp,7,no_object
409507.webp,8,no_object
409507.webp,9,no_object
409507.webp,10,no_object
409507.webp,11,no_object
409507.webp,12,no_object
409507.webp,13,no_object
409507.webp,14,no_object
409507.webp,15,no_object
409507.webp,16,no_object
409507.webp,17,no_object
409507.webp,18,no_object
409507.webp,19,no_object
409507.webp,20,no_object
409507.webp,21,no_object
409507.webp,22,no_object
409507.webp,23,no_object
409507.webp,24,no_object
409507.webp,25,no_object
409507.webp,26,no_object
409507.webp,27,no_object
409507.webp,28,no_object
409507.webp,29,no_object
409507.webp,30,no_object
409507.webp,31,no_object
409507.webp,32,no_object
409507.webp,33,no_object
409507.webp,34,no_object
409507.webp,35,no_object
409507.webp,36,no_object
409507.webp,37,no_object
409507.webp,38,no_object
409507.webp,39,no_object
409507.webp,40,no_object
409507.webp,41,no_object
409507.webp,42,no_object
409507.webp,43,no_object
409507.webp,44,no_object
409507.webp,45,no_object
409507.webp,46,no_object
409507.webp,47,no_object
409507.webp,48,stump
409507.webp,49,no_object
409507.webp,50,no_object
409507.webp,51,no_object
409507.webp,52,no_object
409507.webp,53,no_object
409507.webp,54,no_object
409507.webp,55,no_object
409507.webp,56,stump
409507.webp,57,no_object
409507.webp,58,no_object
409507.webp,59,no_object
409507.webp,60,no_object
409507.webp,61,no_object
409507.webp,62,no_object
409507.webp,63,no_object
409507.webp,64,stump
409179.webp,1,no_object
409179.webp,2,no_object
409179.webp,3,no_object
409179.webp,4,no_object
409179.webp,5,no_object
409179.webp,6,no_object
409179.webp,7,no_object
409179.webp,8,no_object
409179.webp,9,no_object
409179.webp,10,no_object
409179.webp,11,no_object
409179.webp,12,no_object
409179.webp,13,no_object
409179.webp,14,no_object
409179.webp,15,no_object
409179.webp,16,no_object
409179.webp,17,no_object
409179.webp,18,no_object
409179.webp,19,no_object
409179.webp,20,no_object
409179.webp,21,no_object
409179.webp,22,no_object
409179.webp,23,no_object
409179.webp,24,no_object
409179.webp,25,no_object
409179.webp,26,no_object
409179.webp,27,no_object
409179.webp,28,no_object
409179.webp,29,no_object
409179.webp,30,no_object
409179.webp,31,no_object
409179.webp,32,no_object
409179.webp,33,no_object
409179.webp,34,no_object
409179.webp,35,no_object
409179.webp,36,no_object
409179.webp,37,no_object
409179.webp,38,no_object
409179.webp,39,no_object
409179.webp,40,no_object
409179.webp,41,no_object
409179.webp,42,no_object
409179.webp,43,no_object
409179.webp,44,no_object
409179.webp,45,no_object
409179.webp,46,no_object
409179.webp,47,no_object
409179.webp,48,no_object
409179.webp,49,no_object
409179.webp,50,no_object
409179.webp,51,no_object
409179.webp,52,no_object
409179.webp,53,no_object
409179.webp,54,no_object
409179.webp,55,no_object
409179.webp,56,no_object
409179.webp,57,no_object
409179.webp,58,no_object
409179.webp,59,no_object
409179.webp,60,no_object
409179.webp,61,no_object
409179.webp,62,no_object
409179.webp,63,no_object
409179.webp,64,no_object
409201.webp,1,no_object
409201.webp,2,no_object
409201.webp,3,no_object
409201.webp,4,no_object
409201.webp,5,no_object
409201.webp,6,no_object
409201.webp,7,no_object
409201.webp,8,no_object
409201.webp,9,no_object
409201.webp,10,no_object
409201.webp,11,no_object
409201.webp,12,no_object
409201.webp,13,no_object
409201.webp,14,no_object
409201.webp,15,no_object
409201.webp,16,no_object
409201.webp,17,no_object
409201.webp,18,no_object
409201.webp,19,no_object
409201.webp,20,no_object
409201.webp,21,no_object
409201.webp,22,no_object
409201.webp,23,no_object
409201.webp,24,no_object
409201.webp,25,no_object
409201.webp,26,no_object
409201.webp,27,no_object
409201.webp,28,no_object
409201.webp,29,no_object
409201.webp,30,no_object
409201.webp,31,no_object
409201.webp,32,no_object
409201.webp,33,no_object
409201.webp,34,no_object
409201.webp,35,no_object
409201.webp,36,no_object
409201.webp,37,no_object
409201.webp,38,no_object
409201.webp,39,no_object
409201.webp,40,no_object
409201.webp,41,no_object
409201.webp,42,no_object
409201.webp,43,no_object
409201.webp,44,no_object
409201.webp,45,no_object
409201.webp,46,no_object
409201.webp,47,no_object
409201.webp,48,no_object
409201.webp,49,no_object
409201.webp,50,no_object
409201.webp,51,no_object
409201.webp,52,no_object
409201.webp,53,no_object
409201.webp,54,no_object
409201.webp,55,no_object
409201.webp,56,no_object
409201.webp,57,no_object
409201.webp,58,no_object
409201.webp,59,no_object
409201.webp,60,no_object
409201.webp,61,no_object
409201.webp,62,no_object
409201.webp,63,no_object
409201.webp,64,no_object
409204.webp,1,no_object
409204.webp,2,no_object
409204.webp,3,no_object
409204.webp,4,no_object
409204.webp,5,no_object
409204.webp,6,no_object
409204.webp,7,no_object
409204.webp,8,no_object
409204.webp,9,no_object
409204.webp,10,no_object
409204.webp,11,no_object
409204.webp,12,no_object
409204.webp,13,no_object
409204.webp,14,no_object
409204.webp,15,no_object
409204.webp,16,no_object
409204.webp,17,no_object
409204.webp,18,no_object
409204.webp,19,no_object
409204.webp,20,no_object
409204.webp,21,no_object
409204.webp,22,no_object
409204.webp,23,no_object
409204.webp,24,no_object
409204.webp,25,no_object
409204.webp,26,no_object
409204.webp,27,no_object
409204.webp,28,no_object
409204.webp,29,no_object
409204.webp,30,no_object
409204.webp,31,no_object
409204.webp,32,no_object
409204.webp,33,no_object
409204.webp,34,no_object
409204.webp,35,no_object
409204.webp,36,no_object
409204.webp,37,no_object
409204.webp,38,no_object
409204.webp,39,no_object
409204.webp,40,no_object
409204.webp,41,no_object
409204.webp,42,no_object
409204.webp,43,no_object
409204.webp,44,no_object
409204.webp,45,no_object
409204.webp,46,no_object
409204.webp,47,no_object
409204.webp,48,no_object
409204.webp,49,no_object
409204.webp,50,no_object
409204.webp,51,no_object
409204.webp,52,no_object
409204.webp,53,no_object
409204.webp,54,no_object
409204.webp,55,no_object
409204.webp,56,no_object
409204.webp,57,no_object
409204.webp,58,no_object
409204.webp,59,no_object
409204.webp,60,no_object
409204.webp,61,no_object
409204.webp,62,no_object
409204.webp,63,no_object
409204.webp,64,no_object
409306.webp,1,no_object
409306.webp,2,no_object
409306.webp,3,no_object
409306.webp,4,no_object
409306.webp,5,no_object
409306.webp,6,no_object
409306.webp,7,no_object
409306.webp,8,no_object
409306.webp,9,no_object
409306.webp,10,no_object
409306.webp,11,no_object
409306.webp,12,no_object
409306.webp,13,no_object
409306.webp,14,no_object
409306.webp,15,no_object
409306.webp,16,no_object
409306.webp,17,no_object
409306.webp,18,no_object
409306.webp,19,no_object
409306.webp,20,no_object
409306.webp,21,no_object
409306.webp,22,no_object
409306.webp,23,no_object
409306.webp,24,no_object
409306.webp,25,no_object
409306.webp,26,no_object
409306.webp,27,no_object
409306.webp,28,no_object
409306.webp,29,no_object
409306.webp,30,no_object
409306.webp,31,no_object
409306.webp,32,no_object
409306.webp,33,no_object
409306.webp,34,no_object
409306.webp,35,no_object
409306.webp,36,no_object
409306.webp,37,no_object
409306.webp,38,no_object
409306.webp,39,no_object
409306.webp,40,no_object
409306.webp,41,no_object
409306.webp,42,no_object
409306.webp,43,no_object
409306.webp,44,no_object
409306.webp,45,no_object
409306.webp,46,no_object
409306.webp,47,no_object
409306.webp,48,no_object
409306.webp,49,no_object
409306.webp,50,no_object
409306.webp,51,no_object
409306.webp,52,no_object
409306.webp,53,no_object
409306.webp,54,no_object
409306.webp,55,no_object
409306.webp,56,no_object
409306.webp,57,bat
409306.webp,58,bat
409306.webp,59,bat
409306.webp,60,no_object
409306.webp,61,no_object
409306.webp,62,no_object
409306.webp,63,no_object
409306.webp,64,no_object
409323.webp,1,no_object
409323.webp,2,no_object
409323.webp,3,no_object
409323.webp,4,no_object
409323.webp,5,no_object
409323.webp,6,no_object
409323.webp,7,no_object
409323.webp,8,no_object
409323.webp,9,no_object
409323.webp,10,no_object
409323.webp,11,no_object
409323.webp,12,no_object
409323.webp,13,no_object
409323.webp,14,no_object
409323.webp,15,no_object
409323.webp,16,no_object
409323.webp,17,no_object
409323.webp,18,no_object
409323.webp,19,no_object
409323.webp,20,no_object
409323.webp,21,no_object
409323.webp,22,no_object
409323.webp,23,no_object
409323.webp,24,no_object
409323.webp,25,no_object
409323.webp,26,no_object
409323.webp,27,no_object
409323.webp,28,no_object
409323.webp,29,no_object
409323.webp,30,no_object
409323.webp,31,no_object
409323.webp,32,no_object
409323.webp,33,no_object
409323.webp,34,no_object
409323.webp,35,no_object
409323.webp,36,no_object
409323.webp,37,no_object
409323.webp,38,no_object
409323.webp,39,no_object
409323.webp,40,no_object
409323.webp,41,no_object
409323.webp,42,no_object
409323.webp,43,no_object
409323.webp,44,no_object
409323.webp,45,no_object
409323.webp,46,no_object
409323.webp,47,no_object
409323.webp,48,no_object
409323.webp,49,no_object
409323.webp,50,ball
409323.webp,51,no_object
409323.webp,52,no_object
409323.webp,53,no_object
409323.webp,54,no_object
409323.webp,55,no_object
409323.webp,56,no_object
409323.webp,57,no_object
409323.webp,58,no_object
409323.webp,59,no_object
409323.webp,60,no_object
409323.webp,61,no_object
409323.webp,62,no_object
409323.webp,63,no_object
409323.webp,64,no_object
409550.webp,1,no_object
409550.webp,2,no_object
409550.webp,3,no_object
409550.webp,4,no_object
409550.webp,5,ball
409550.webp,6,no_object
409550.webp,7,no_object
409550.webp,8,no_object
409550.webp,9,no_object
409550.webp,10,no_object
409550.webp,11,no_object
409550.webp,12,no_object
409550.webp,13,no_object
409550.webp,14,no_object
409550.webp,15,no_object
409550.webp,16,no_object
409550.webp,17,no_object
409550.webp,18,no_object
409550.webp,19,no_object
409550.webp,20,no_object
409550.webp,21,no_object
409550.webp,22,no_object
409550.webp,23,no_object
409550.webp,24,no_object
409550.webp,25,no_object
409550.webp,26,no_object
409550.webp,27,no_object
409550.webp,28,no_object
409550.webp,29,no_object
409550.webp,30,no_object
409550.webp,31,no_object
409550.webp,32,no_object
409550.webp,33,no_object
409550.webp,34,no_object
409550.webp,35,no_object
409550.webp,36,no_object
409550.webp,37,no_object
409550.webp,38,no_object
409550.webp,39,no_object
409550.webp,40,no_object
409550.webp,41,no_object
409550.webp,42,no_object
409550.webp,43,no_object
409550.webp,44,no_object
409550.webp,45,no_object
409550.webp,46,no_object
409550.webp,47,no_object
409550.webp,48,no_object
409550.webp,49,no_object
409550.webp,50,no_object
409550.webp,51,no_object
409550.webp,52,no_object
409550.webp,53,no_object
409550.webp,54,no_object
409550.webp,55,no_object
409550.webp,56,no_object
409550.webp,57,no_object
409550.webp,58,no_object
409550.webp,59,no_object
409550.webp,60,no_object
409550.webp,61,no_object
409550.webp,62,no_object
409550.webp,63,no_object
409550.webp,64,no_object
409860.webp,1,no_object
409860.webp,2,no_object
409860.webp,3,no_object
409860.webp,4,no_object
409860.webp,5,no_object
409860.webp,6,no_object
409860.webp,7,no_object
409860.webp,8,no_object
409860.webp,9,no_object
409860.webp,10,no_object
409860.webp,11,no_object
409860.webp,12,no_object
409860.webp,13,no_object
409860.webp,14,no_object
409860.webp,15,no_object
409860.webp,16,no_object
409860.webp,17,no_object
409860.webp,18,no_object
409860.webp,19,no_object
409860.webp,20,no_object
409860.webp,21,no_object
409860.webp,22,no_object
409860.webp,23,no_object
409860.webp,24,no_object
409860.webp,25,no_object
409860.webp,26,no_object
409860.webp,27,no_object
409860.webp,28,no_object
409860.webp,29,no_object
409860.webp,30,no_object
409860.webp,31,no_object
409860.webp,32,no_object
409860.webp,33,no_object
409860.webp,34,no_object
409860.webp,35,no_object
409860.webp,36,no_object
409860.webp,37,no_object
409860.webp,38,no_object
409860.webp,39,no_object
409860.webp,40,no_object
409860.webp,41,no_object
409860.webp,42,no_object
409860.webp,43,no_object
409860.webp,44,no_object
409860.webp,45,no_object
409860.webp,46,no_object
409860.webp,47,no_object
409860.webp,48,no_object
409860.webp,49,stump
409860.webp,50,no_object
409860.webp,51,no_object
409860.webp,52,no_object
409860.webp,53,no_object
409860.webp,54,no_object
409860.webp,55,stump
409860.webp,56,no_object
409860.webp,57,no_object
409860.webp,58,no_object
409860.webp,59,no_object
409860.webp,60,no_object
409860.webp,61,ball
409860.webp,62,no_object
409860.webp,63,stump
409860.webp,64,no_object
409940.webp,1,no_object
409940.webp,2,no_object
409940.webp,3,no_object
409940.webp,4,no_object
409940.webp,5,no_object
409940.webp,6,no_object
409940.webp,7,no_object
409940.webp,8,no_object
409940.webp,9,no_object
409940.webp,10,no_object
409940.webp,11,no_object
409940.webp,12,no_object
409940.webp,13,no_object
409940.webp,14,no_object
409940.webp,15,no_object
409940.webp,16,no_object
409940.webp,17,no_object
409940.webp,18,no_object
409940.webp,19,no_object
409940.webp,20,no_object
409940.webp,21,no_object
409940.webp,22,no_object
409940.webp,23,no_object
409940.webp,24,no_object
409940.webp,25,no_object
409940.webp,26,no_object
409940.webp,27,no_object
409940.webp,28,no_object
409940.webp,29,no_object
409940.webp,30,no_object
409940.webp,31,no_object
409940.webp,32,no_object
409940.webp,33,no_object
409940.webp,34,no_object
409940.webp,35,no_object
409940.webp,36,no_object
409940.webp,37,no_object
409940.webp,38,no_object
409940.webp,39,no_object
409940.webp,40,no_object
409940.webp,41,no_object
409940.webp,42,no_object
409940.webp,43,no_object
409940.webp,44,no_object
409940.webp,45,no_object
409940.webp,46,no_object
409940.webp,47,no_object
409940.webp,48,no_object
409940.webp,49,no_object
409940.webp,50,no_object
409940.webp,51,no_object
409940.webp,52,no_object
409940.webp,53,no_object
409940.webp,54,no_object
409940.webp,55,no_object
409940.webp,56,no_object
409940.webp,57,stump
409940.webp,58,stump
409940.webp,59,stump
409940.webp,60,no_object
409940.webp,61,no_object
409940.webp,62,no_object
409940.webp,63,no_object
409940.webp,64,no_object
1132922938ee.webp,1,no_object
1132922938ee.webp,2,no_object
1132922938ee.webp,3,no_object
1132922938ee.webp,4,no_object
1132922938ee.webp,5,no_object
1132922938ee.webp,6,no_object
1132922938ee.webp,7,no_object
1132922938ee.webp,8,no_object
1132922938ee.webp,9,no_object
1132922938ee.webp,10,no_object
1132922938ee.webp,11,no_object
1132922938ee.webp,12,no_object
1132922938ee.webp,13,no_object
1132922938ee.webp,14,no_object
1132922938ee.webp,15,no_object
1132922938ee.webp,16,no_object
1132922938ee.webp,17,no_object
1132922938ee.webp,18,no_object
1132922938ee.webp,19,no_object
1132922938ee.webp,20,no_object
1132922938ee.webp,21,no_object
1132922938ee.webp,22,no_object
1132922938ee.webp,23,no_object
1132922938ee.webp,24,no_object
1132922938ee.webp,25,no_object
1132922938ee.webp,26,no_object
1132922938ee.webp,27,no_object
1132922938ee.webp,28,no_object
1132922938ee.webp,29,no_object
1132922938ee.webp,30,no_object
1132922938ee.webp,31,no_object
1132922938ee.webp,32,ball
1132922938ee.webp,33,stump
1132922938ee.webp,34,no_object
1132922938ee.webp,35,no_object
1132922938ee.webp,36,no_object
1132922938ee.webp,37,no_object
1132922938ee.webp,38,no_object
1132922938ee.webp,39,no_object
1132922938ee.webp,40,no_object
1132922938ee.webp,41,stump
1132922938ee.webp,42,no_object
1132922938ee.webp,43,no_object
1132922938ee.webp,44,no_object
1132922938ee.webp,45,no_object
1132922938ee.webp,46,no_object
1132922938ee.webp,47,no_object
1132922938ee.webp,48,no_object
1132922938ee.webp,49,stump
1132922938ee.webp,50,no_object
1132922938ee.webp,51,no_object
1132922938ee.webp,52,no_object
1132922938ee.webp,53,no_object
1132922938ee.webp,54,no_object
1132922938ee.webp,55,no_object
1132922938ee.webp,56,no_object
1132922938ee.webp,57,stump
1132922938ee.webp,58,no_object
1132922938ee.webp,59,no_object
1132922938ee.webp,60,no_object
1132922938ee.webp,61,no_object
1132922938ee.webp,62,no_object
1132922938ee.webp,63,no_object
1132922938ee.webp,64,no_object
113af926a798.webp,1,no_object
113af926a798.webp,2,no_object
113af926a798.webp,3,no_object
113af926a798.webp,4,no_object
113af926a798.webp,5,no_object
113af926a798.webp,6,no_object
113af926a798.webp,7,no_object
113af926a798.webp,8,no_object
113af926a798.webp,9,no_object
113af926a798.webp,10,no_object
113af926a798.webp,11,no_object
113af926a798.webp,12,no_object
113af926a798.webp,13,no_object
113af926a798.webp,14,no_object
113af926a798.webp,15,no_object
113af926a798.webp,16,no_object
113af926a798.webp,17,no_object
113af926a798.webp,18,no_object
113af926a798.webp,19,no_object
113af926a798.webp,20,no_object
113af926a798.webp,21,no_object
113af926a798.webp,22,no_object
113af926a798.webp,23,no_object
113af926a798.webp,24,no_object
113af926a798.webp,25,no_object
113af926a798.webp,26,no_object
113af926a798.webp,27,bat
113af926a798.webp,28,no_object
113af926a798.webp,29,no_object
113af926a798.webp,30,no_object
113af926a798.webp,31,no_object
113af926a798.webp,32,no_object
113af926a798.webp,33,no_object
113af926a798.webp,34,no_object
113af926a798.webp,35,bat
113af926a798.webp,36,no_object
113af926a798.webp,37,no_object
113af926a798.webp,38,no_object
113af926a798.webp,39,no_object
113af926a798.webp,40,no_object
113af926a798.webp,41,no_object
113af926a798.webp,42,no_object
113af926a798.webp,43,no_object
113af926a798.webp,44,no_object
113af926a798.webp,45,no_object
113af926a798.webp,46,no_object
113af926a798.webp,47,no_object
113af926a798.webp,48,no_object
113af926a798.webp,49,no_object
113af926a798.webp,50,no_object
113af926a798.webp,51,no_object
113af926a798.webp,52,no_object
113af926a798.webp,53,no_object
113af926a798.webp,54,no_object
113af926a798.webp,55,no_object
113af926a798.webp,56,no_object
113af926a798.webp,57,no_object
113af926a798.webp,58,no_object
113af926a798.webp,59,no_object
113af926a798.webp,60,no_object
113af926a798.webp,61,no_object
113af926a798.webp,62,no_object
113af926a798.webp,63,no_object
113af926a798.webp,64,no_object
1698499317-6258.jpg,1,no_object
1698499317-6258.jpg,2,no_object
1698499317-6258.jpg,3,no_object
1698499317-6258.jpg,4,no_object
1698499317-6258.jpg,5,no_object
1698499317-6258.jpg,6,no_object
1698499317-6258.jpg,7,no_object
1698499317-6258.jpg,8,no_object
1698499317-6258.jpg,9,no_object
1698499317-6258.jpg,10,no_object
1698499317-6258.jpg,11,no_object
1698499317-6258.jpg,12,no_object
1698499317-6258.jpg,13,no_object
1698499317-6258.jpg,14,no_object
1698499317-6258.jpg,15,no_object
1698499317-6258.jpg,16,no_object
1698499317-6258.jpg,17,no_object
1698499317-6258.jpg,18,no_object
1698499317-6258.jpg,19,no_object
1698499317-6258.jpg,20,no_object
1698499317-6258.jpg,21,no_object
1698499317-6258.jpg,22,no_object
1698499317-6258.jpg,23,no_object
1698499317-6258.jpg,24,no_object
1698499317-6258.jpg,25,stump
1698499317-6258.jpg,26,no_object
1698499317-6258.jpg,27,no_object
1698499317-6258.jpg,28,no_object
1698499317-6258.jpg,29,no_object
1698499317-6258.jpg,30,no_object
1698499317-6258.jpg,31,no_object
1698499317-6258.jpg,32,no_object
1698499317-6258.jpg,33,stump
1698499317-6258.jpg,34,no_object
1698499317-6258.jpg,35,no_object
1698499317-6258.jpg,36,no_object
1698499317-6258.jpg,37,no_object
1698499317-6258.jpg,38,no_object
1698499317-6258.jpg,39,no_object
1698499317-6258.jpg,40,no_object
1698499317-6258.jpg,41,stump
1698499317-6258.jpg,42,no_object
1698499317-6258.jpg,43,no_object
1698499317-6258.jpg,44,no_object
1698499317-6258.jpg,45,no_object
1698499317-6258.jpg,46,bat
1698499317-6258.jpg,47,no_object
1698499317-6258.jpg,48,no_object
1698499317-6258.jpg,49,stump
1698499317-6258.jpg,50,no_object
1698499317-6258.jpg,51,no_object
1698499317-6258.jpg,52,no_object
1698499317-6258.jpg,53,no_object
1698499317-6258.jpg,54,bat
1698499317-6258.jpg,55,bat
1698499317-6258.jpg,56,bat
1698499317-6258.jpg,57,stump
1698499317-6258.jpg,58,no_object
1698499317-6258.jpg,59,no_object
1698499317-6258.jpg,60,no_object
1698499317-6258.jpg,61,no_object
1698499317-6258.jpg,62,no_object
1698499317-6258.jpg,63,no_object
1698499317-6258.jpg,64,bat
1741087887458.webp,1,no_object
1741087887458.webp,2,no_object
1741087887458.webp,3,no_object
1741087887458.webp,4,no_object
1741087887458.webp,5,no_object
1741087887458.webp,6,ball
1741087887458.webp,7,no_object
1741087887458.webp,8,no_object
1741087887458.webp,9,no_object
1741087887458.webp,10,no_object
1741087887458.webp,11,no_object
1741087887458.webp,12,no_object
1741087887458.webp,13,no_object
1741087887458.webp,14,ball
1741087887458.webp,15,no_object
1741087887458.webp,16,no_object
1741087887458.webp,17,no_object
1741087887458.webp,18,no_object
1741087887458.webp,19,no_object
1741087887458.webp,20,no_object
1741087887458.webp,21,no_object
1741087887458.webp,22,no_object
1741087887458.webp,23,no_object
1741087887458.webp,24,no_object
1741087887458.webp,25,no_object
1741087887458.webp,26,no_object
1741087887458.webp,27,no_object
1741087887458.webp,28,no_object
1741087887458.webp,29,no_object
1741087887458.webp,30,no_object
1741087887458.webp,31,no_object
1741087887458.webp,32,no_object
1741087887458.webp,33,no_object
1741087887458.webp,34,no_object
1741087887458.webp,35,no_object
1741087887458.webp,36,no_object
1741087887458.webp,37,no_object
1741087887458.webp,38,no_object
1741087887458.webp,39,no_object
1741087887458.webp,40,no_object
1741087887458.webp,41,no_object
1741087887458.webp,42,no_object
1741087887458.webp,43,no_object
1741087887458.webp,44,no_object
1741087887458.webp,45,no_object
1741087887458.webp,46,no_object
1741087887458.webp,47,no_object
1741087887458.webp,48,no_object
1741087887458.webp,49,no_object
1741087887458.webp,50,no_object
1741087887458.webp,51,no_object
1741087887458.webp,52,no_object
1741087887458.webp,53,no_object
1741087887458.webp,54,no_object
1741087887458.webp,55,no_object
1741087887458.webp,56,no_object
1741087887458.webp,57,no_object
1741087887458.webp,58,no_object
1741087887458.webp,59,no_object
1741087887458.webp,60,no_object
1741087887458.webp,61,no_object
1741087887458.webp,62,no_object
1741087887458.webp,63,no_object
1741087887458.webp,64,no_object
1fb93095dc34.webp,1,no_object
1fb93095dc34.webp,2,no_object
1fb93095dc34.webp,3,no_object
1fb93095dc34.webp,4,no_object
1fb93095dc34.webp,5,no_object
1fb93095dc34.webp,6,no_object
1fb93095dc34.webp,7,no_object
1fb93095dc34.webp,8,no_object
1fb93095dc34.webp,9,no_object
1fb93095dc34.webp,10,no_object
1fb93095dc34.webp,11,no_object
1fb93095dc34.webp,12,no_object
1fb93095dc34.webp,13,no_object
1fb93095dc34.webp,14,no_object
1fb93095dc34.webp,15,no_object
1fb93095dc34.webp,16,no_object
1fb93095dc34.webp,17,no_object
1fb93095dc34.webp,18,no_object
1fb93095dc34.webp,19,no_object
1fb93095dc34.webp,20,no_object
1fb93095dc34.webp,21,no_object
1fb93095dc34.webp,22,no_object
1fb93095dc34.webp,23,no_object
1fb93095dc34.webp,24,no_object
1fb93095dc34.webp,25,no_object
1fb93095dc34.webp,26,no_object
1fb93095dc34.webp,27,no_object
1fb93095dc34.webp,28,no_object
1fb93095dc34.webp,29,no_object
1fb93095dc34.webp,30,no_object
1fb93095dc34.webp,31,no_object
1fb93095dc34.webp,32,no_object
1fb93095dc34.webp,33,stump
1fb93095dc34.webp,34,no_object
1fb93095dc34.webp,35,no_object
1fb93095dc34.webp,36,no_object
1fb93095dc34.webp,37,no_object
1fb93095dc34.webp,38,bat
1fb93095dc34.webp,39,bat
1fb93095dc34.webp,40,no_object
1fb93095dc34.webp,41,stump
1fb93095dc34.webp,42,no_object
1fb93095dc34.webp,43,no_object
1fb93095dc34.webp,44,no_object
1fb93095dc34.webp,45,no_object
1fb93095dc34.webp,46,no_object
1fb93095dc34.webp,47,bat
1fb93095dc34.webp,48,bat
1fb93095dc34.webp,49,stump
1fb93095dc34.webp,50,no_object
1fb93095dc34.webp,51,no_object
1fb93095dc34.webp,52,no_object
1fb93095dc34.webp,53,no_object
1fb93095dc34.webp,54,no_object
1fb93095dc34.webp,55,no_object
1fb93095dc34.webp,56,no_object
1fb93095dc34.webp,57,stump
1fb93095dc34.webp,58,no_object
1fb93095dc34.webp,59,no_object
1fb93095dc34.webp,60,no_object
1fb93095dc34.webp,61,no_object
1fb93095dc34.webp,62,no_object
1fb93095dc34.webp,63,no_object
1fb93095dc34.webp,64,no_object
243185.webp,1,no_object
243185.webp,2,no_object
243185.webp,3,no_object
243185.webp,4,no_object
243185.webp,5,no_object
243185.webp,6,no_object
243185.webp,7,no_object
243185.webp,8,no_object
243185.webp,9,no_object
243185.webp,10,no_object
243185.webp,11,no_object
243185.webp,12,no_object
243185.webp,13,no_object
243185.webp,14,no_object
243185.webp,15,no_object
243185.webp,16,no_object
243185.webp,17,no_object
243185.webp,18,no_object
243185.webp,19,no_object
243185.webp,20,no_object
243185.webp,21,no_object
243185.webp,22,no_object
243185.webp,23,no_object
243185.webp,24,no_object
243185.webp,25,no_object
243185.webp,26,no_object
243185.webp,27,no_object
243185.webp,28,no_object
243185.webp,29,no_object
243185.webp,30,no_object
243185.webp,31,no_object
243185.webp,32,no_object
243185.webp,33,no_object
243185.webp,34,no_object
243185.webp,35,no_object
243185.webp,36,no_object
243185.webp,37,no_object
243185.webp,38,no_object
243185.webp,39,no_object
243185.webp,40,no_object
243185.webp,41,no_object
243185.webp,42,no_object
243185.webp,43,no_object
243185.webp,44,no_object
243185.webp,45,no_object
243185.webp,46,no_object
243185.webp,47,no_object
243185.webp,48,no_object
243185.webp,49,no_object
243185.webp,50,no_object
243185.webp,51,no_object
243185.webp,52,no_object
243185.webp,53,no_object
243185.webp,54,no_object
243185.webp,55,no_object
243185.webp,56,no_object
243185.webp,57,no_object
243185.webp,58,ball
243185.webp,59,no_object
243185.webp,60,no_object
243185.webp,61,no_object
243185.webp,62,no_object
243185.webp,63,no_object
243185.webp,64,no_object
261153.webp,1,no_object
261153.webp,2,no_object
261153.webp,3,no_object
261153.webp,4,no_object
261153.webp,5,no_object
261153.webp,6,no_object
261153.webp,7,no_object
261153.webp,8,no_object
261153.webp,9,no_object
261153.webp,10,no_object
261153.webp,11,no_object
261153.webp,12,no_object
261153.webp,13,no_object
261153.webp,14,no_object
261153.webp,15,no_object
261153.webp,16,no_object
261153.webp,17,no_object
261153.webp,18,no_object
261153.webp,19,no_object
261153.webp,20,no_object
261153.webp,21,no_object
261153.webp,22,no_object
261153.webp,23,no_object
261153.webp,24,no_object
261153.webp,25,no_object
261153.webp,26,no_object
261153.webp,27,no_object
261153.webp,28,no_object
261153.webp,29,no_object
261153.webp,30,no_object
261153.webp,31,no_object
261153.webp,32,no_object
261153.webp,33,ball
261153.webp,34,no_object
261153.webp,35,no_object
261153.webp,36,no_object
261153.webp,37,no_object
261153.webp,38,no_object
261153.webp,39,no_object
261153.webp,40,no_object
261153.webp,41,no_object
261153.webp,42,no_object
261153.webp,43,no_object
261153.webp,44,no_object
261153.webp,45,no_object
261153.webp,46,no_object
261153.webp,47,no_object
261153.webp,48,no_object
261153.webp,49,no_object
261153.webp,50,no_object
261153.webp,51,no_object
261153.webp,52,no_object
261153.webp,53,no_object
261153.webp,54,no_object
261153.webp,55,no_object
261153.webp,56,no_object
261153.webp,57,no_object
261153.webp,58,no_object
261153.webp,59,no_object
261153.webp,60,no_object
261153.webp,61,no_object
261153.webp,62,no_object
261153.webp,63,no_object
261153.webp,64,no_object
262299.webp,1,no_object
262299.webp,2,no_object
262299.webp,3,no_object
262299.webp,4,no_object
262299.webp,5,ball
262299.webp,6,no_object
262299.webp,7,no_object
262299.webp,8,no_object
262299.webp,9,no_object
262299.webp,10,no_object
262299.webp,11,no_object
262299.webp,12,no_object
262299.webp,13,no_object
262299.webp,14,no_object
262299.webp,15,no_object
262299.webp,16,no_object
262299.webp,17,no_object
262299.webp,18,no_object
262299.webp,19,no_object
262299.webp,20,no_object
262299.webp,21,no_object
262299.webp,22,no_object
262299.webp,23,no_object
262299.webp,24,no_object
262299.webp,25,no_object
262299.webp,26,no_object
262299.webp,27,no_object
262299.webp,28,no_object
262299.webp,29,no_object
262299.webp,30,no_object
262299.webp,31,no_object
262299.webp,32,no_object
262299.webp,33,no_object
262299.webp,34,no_object
262299.webp,35,no_object
262299.webp,36,no_object
262299.webp,37,no_object
262299.webp,38,no_object
262299.webp,39,no_object
262299.webp,40,no_object
262299.webp,41,no_object
262299.webp,42,no_object
262299.webp,43,stump
262299.webp,44,stump
262299.webp,45,no_object
262299.webp,46,no_object
262299.webp,47,no_object
262299.webp,48,no_object
262299.webp,49,no_object
262299.webp,50,no_object
262299.webp,51,stump
262299.webp,52,stump
262299.webp,53,no_object
262299.webp,54,no_object
262299.webp,55,no_object
262299.webp,56,no_object
262299.webp,57,no_object
262299.webp,58,no_object
262299.webp,59,stump
262299.webp,60,stump
262299.webp,61,no_object
262299.webp,62,no_object
262299.webp,63,no_object
262299.webp,64,no_object
275605.webp,1,no_object
275605.webp,2,no_object
275605.webp,3,no_object
275605.webp,4,no_object
275605.webp,5,no_object
275605.webp,6,no_object
275605.webp,7,no_object
275605.webp,8,no_object
275605.webp,9,no_object
275605.webp,10,no_object
275605.webp,11,no_object
275605.webp,12,no_object
275605.webp,13,no_object
275605.webp,14,no_object
275605.webp,15,no_object
275605.webp,16,no_object
275605.webp,17,no_object
275605.webp,18,no_object
275605.webp,19,no_object
275605.webp,20,no_object
275605.webp,21,no_object
275605.webp,22,no_object
275605.webp,23,no_object
275605.webp,24,no_object
275605.webp,25,no_object
275605.webp,26,no_object
275605.webp,27,no_object
275605.webp,28,no_object
275605.webp,29,no_object
275605.webp,30,no_object
275605.webp,31,no_object
275605.webp,32,no_object
275605.webp,33,no_object
275605.webp,34,no_object
275605.webp,35,no_object
275605.webp,36,no_object
275605.webp,37,no_object
275605.webp,38,no_object
275605.webp,39,no_object
275605.webp,40,no_object
275605.webp,41,no_object
275605.webp,42,no_object
275605.webp,43,no_object
275605.webp,44,no_object
275605.webp,45,no_object
275605.webp,46,no_object
275605.webp,47,ball
275605.webp,48,no_object
275605.webp,49,no_object
275605.webp,50,no_object
275605.webp,51,no_object
275605.webp,52,no_object
275605.webp,53,no_object
275605.webp,54,no_object
275605.webp,55,no_object
275605.webp,56,no_object
275605.webp,57,no_object
275605.webp,58,no_object
275605.webp,59,no_object
275605.webp,60,no_object
275605.webp,61,no_object
275605.webp,62,no_object
275605.webp,63,no_object
275605.webp,64,no_object
276464.webp,1,no_object
276464.webp,2,no_object
276464.webp,3,no_object
276464.webp,4,no_object
276464.webp,5,no_object
276464.webp,6,no_object
276464.webp,7,no_object
276464.webp,8,no_object
276464.webp,9,no_object
276464.webp,10,no_object
276464.webp,11,no_object
276464.webp,12,no_object
276464.webp,13,no_object
276464.webp,14,no_object
276464.webp,15,no_object
276464.webp,16,no_object
276464.webp,17,no_object
276464.webp,18,no_object
276464.webp,19,no_object
276464.webp,20,no_object
276464.webp,21,no_object
276464.webp,22,no_object
276464.webp,23,no_object
276464.webp,24,no_object
276464.webp,25,no_object
276464.webp,26,no_object
276464.webp,27,no_object
276464.webp,28,no_object
276464.webp,29,no_object
276464.webp,30,no_object
276464.webp,31,no_object
276464.webp,32,no_object
276464.webp,33,bat
276464.webp,34,bat
276464.webp,35,no_object
276464.webp,36,no_object
276464.webp,37,no_object
276464.webp,38,stump
276464.webp,39,no_object
276464.webp,40,no_object
276464.webp,41,no_object
276464.webp,42,no_object
276464.webp,43,no_object
276464.webp,44,no_object
276464.webp,45,no_object
276464.webp,46,stump
276464.webp,47,no_object
276464.webp,48,no_object
276464.webp,49,no_object
276464.webp,50,no_object
276464.webp,51,no_object
276464.webp,52,no_object
276464.webp,53,ball
276464.webp,54,stump
276464.webp,55,no_object
276464.webp,56,no_object
276464.webp,57,no_object
276464.webp,58,no_object
276464.webp,59,no_object
276464.webp,60,no_object
276464.webp,61,no_object
276464.webp,62,no_object
276464.webp,63,no_object
276464.webp,64,no_object
280b94dbb452.jpg,1,no_object
280b94dbb452.jpg,2,no_object
280b94dbb452.jpg,3,no_object
280b94dbb452.jpg,4,no_object
280b94dbb452.jpg,5,no_object
280b94dbb452.jpg,6,no_object
280b94dbb452.jpg,7,no_object
280b94dbb452.jpg,8,no_object
280b94dbb452.jpg,9,no_object
280b94dbb452.jpg,10,no_object
280b94dbb452.jpg,11,no_object
280b94dbb452.jpg,12,no_object
280b94dbb452.jpg,13,no_object
280b94dbb452.jpg,14,bat
280b94dbb452.jpg,15,no_object
280b94dbb452.jpg,16,no_object
280b94dbb452.jpg,17,no_object
280b94dbb452.jpg,18,no_object
280b94dbb452.jpg,19,no_object
280b94dbb452.jpg,20,no_object
280b94dbb452.jpg,21,no_object
280b94dbb452.jpg,22,no_object
280b94dbb452.jpg,23,no_object
280b94dbb452.jpg,24,no_object
280b94dbb452.jpg,25,no_object
280b94dbb452.jpg,26,no_object
280b94dbb452.jpg,27,no_object
280b94dbb452.jpg,28,no_object
280b94dbb452.jpg,29,no_object
280b94dbb452.jpg,30,no_object
280b94dbb452.jpg,31,no_object
280b94dbb452.jpg,32,no_object
280b94dbb452.jpg,33,no_object
280b94dbb452.jpg,34,no_object
280b94dbb452.jpg,35,no_object
280b94dbb452.jpg,36,stump
280b94dbb452.jpg,37,no_object
280b94dbb452.jpg,38,no_object
280b94dbb452.jpg,39,no_object
280b94dbb452.jpg,40,no_object
280b94dbb452.jpg,41,ball
280b94dbb452.jpg,42,ball
280b94dbb452.jpg,43,no_object
280b94dbb452.jpg,44,stump
280b94dbb452.jpg,45,no_object
280b94dbb452.jpg,46,no_object
280b94dbb452.jpg,47,no_object
280b94dbb452.jpg,48,no_object
280b94dbb452.jpg,49,ball
280b94dbb452.jpg,50,ball
280b94dbb452.jpg,51,no_object
280b94dbb452.jpg,52,stump
280b94dbb452.jpg,53,no_object
280b94dbb452.jpg,54,no_object
280b94dbb452.jpg,55,no_object
280b94dbb452.jpg,56,no_object
280b94dbb452.jpg,57,no_object
280b94dbb452.jpg,58,no_object
280b94dbb452.jpg,59,no_object
280b94dbb452.jpg,60,stump
280b94dbb452.jpg,61,no_object
280b94dbb452.jpg,62,no_object
280b94dbb452.jpg,63,no_object
280b94dbb452.jpg,64,no_object
28448222576c.webp,1,no_object
28448222576c.webp,2,no_object
28448222576c.webp,3,no_object
28448222576c.webp,4,no_object
28448222576c.webp,5,no_object
28448222576c.webp,6,no_object
28448222576c.webp,7,no_object
28448222576c.webp,8,no_object
28448222576c.webp,9,no_object
28448222576c.webp,10,no_object
28448222576c.webp,11,no_object
28448222576c.webp,12,no_object
28448222576c.webp,13,no_object
28448222576c.webp,14,no_object
28448222576c.webp,15,no_object
28448222576c.webp,16,no_object
28448222576c.webp,17,no_object
28448222576c.webp,18,no_object
28448222576c.webp,19,bat
28448222576c.webp,20,no_object
28448222576c.webp,21,no_object
28448222576c.webp,22,no_object
28448222576c.webp,23,no_object
28448222576c.webp,24,no_object
28448222576c.webp,25,no_object
28448222576c.webp,26,no_object
28448222576c.webp,27,bat
28448222576c.webp,28,no_object
28448222576c.webp,29,no_object
28448222576c.webp,30,no_object
28448222576c.webp,31,no_object
28448222576c.webp,32,no_object
28448222576c.webp,33,no_object
28448222576c.webp,34,no_object
28448222576c.webp,35,no_object
28448222576c.webp,36,no_object
28448222576c.webp,37,no_object
28448222576c.webp,38,stump
28448222576c.webp,39,stump
28448222576c.webp,40,no_object
28448222576c.webp,41,no_object
28448222576c.webp,42,no_object
28448222576c.webp,43,no_object
28448222576c.webp,44,no_object
28448222576c.webp,45,no_object
28448222576c.webp,46,stump
28448222576c.webp,47,stump
28448222576c.webp,48,no_object
28448222576c.webp,49,no_object
28448222576c.webp,50,no_object
28448222576c.webp,51,no_object
28448222576c.webp,52,no_object
28448222576c.webp,53,no_object
28448222576c.webp,54,no_object
28448222576c.webp,55,no_object
28448222576c.webp,56,no_object
28448222576c.webp,57,no_object
28448222576c.webp,58,no_object
28448222576c.webp,59,no_object
28448222576c.webp,60,no_object
28448222576c.webp,61,no_object
28448222576c.webp,62,no_object
28448222576c.webp,63,no_object
28448222576c.webp,64,no_object
288748.webp,1,no_object
288748.webp,2,no_object
288748.webp,3,no_object
288748.webp,4,no_object
288748.webp,5,no_object
288748.webp,6,no_object
288748.webp,7,no_object
288748.webp,8,no_object
288748.webp,9,no_object
288748.webp,10,no_object
288748.webp,11,no_object
288748.webp,12,no_object
288748.webp,13,no_object
288748.webp,14,no_object
288748.webp,15,no_object
288748.webp,16,no_object
288748.webp,17,no_object
288748.webp,18,no_object
288748.webp,19,no_object
288748.webp,20,no_object
288748.webp,21,no_object
288748.webp,22,no_object
288748.webp,23,no_object
288748.webp,24,no_object
288748.webp,25,no_object
288748.webp,26,no_object
288748.webp,27,no_object
288748.webp,28,no_object
288748.webp,29,no_object
288748.webp,30,no_object
288748.webp,31,no_object
288748.webp,32,no_object
288748.webp,33,no_object
288748.webp,34,bat
288748.webp,35,no_object
288748.webp,36,ball
288748.webp,37,no_object
288748.webp,38,stump
288748.webp,39,stump
288748.webp,40,no_object
288748.webp,41,no_object
288748.webp,42,no_object
288748.webp,43,no_object
288748.webp,44,no_object
288748.webp,45,no_object
288748.webp,46,stump
288748.webp,47,no_object
288748.webp,48,no_object
288748.webp,49,no_object
288748.webp,50,no_object
288748.webp,51,no_object
288748.webp,52,no_object
288748.webp,53,no_object
288748.webp,54,stump
288748.webp,55,no_object
288748.webp,56,no_object
288748.webp,57,no_object
288748.webp,58,no_object
288748.webp,59,no_object
288748.webp,60,no_object
288748.webp,61,no_object
288748.webp,62,no_object
288748.webp,63,no_object
288748.webp,64,no_object
288dfd28ac2c.webp,1,no_object
288dfd28ac2c.webp,2,no_object
288dfd28ac2c.webp,3,no_object
288dfd28ac2c.webp,4,no_object
288dfd28ac2c.webp,5,no_object
288dfd28ac2c.webp,6,no_object
288dfd28ac2c.webp,7,no_object
288dfd28ac2c.webp,8,no_object
288dfd28ac2c.webp,9,no_object
288dfd28ac2c.webp,10,no_object
288dfd28ac2c.webp,11,no_object
288dfd28ac2c.webp,12,no_object
288dfd28ac2c.webp,13,no_object
288dfd28ac2c.webp,14,no_object
288dfd28ac2c.webp,15,no_object
288dfd28ac2c.webp,16,no_object
288dfd28ac2c.webp,17,no_object
288dfd28ac2c.webp,18,no_object
288dfd28ac2c.webp,19,no_object
288dfd28ac2c.webp,20,no_object
288dfd28ac2c.webp,21,no_object
288dfd28ac2c.webp,22,no_object
288dfd28ac2c.webp,23,no_object
288dfd28ac2c.webp,24,no_object
288dfd28ac2c.webp,25,no_object
288dfd28ac2c.webp,26,no_object
288dfd28ac2c.webp,27,no_object
288dfd28ac2c.webp,28,bat
288dfd28ac2c.webp,29,bat
288dfd28ac2c.webp,30,no_object
288dfd28ac2c.webp,31,no_object
288dfd28ac2c.webp,32,no_object
288dfd28ac2c.webp,33,no_object
288dfd28ac2c.webp,34,no_object
288dfd28ac2c.webp,35,no_object
288dfd28ac2c.webp,36,no_object
288dfd28ac2c.webp,37,bat
288dfd28ac2c.webp,38,stump
288dfd28ac2c.webp,39,no_object
288dfd28ac2c.webp,40,no_object
288dfd28ac2c.webp,41,no_object
288dfd28ac2c.webp,42,no_object
288dfd28ac2c.webp,43,no_object
288dfd28ac2c.webp,44,no_object
288dfd28ac2c.webp,45,stump
288dfd28ac2c.webp,46,stump
288dfd28ac2c.webp,47,no_object
288dfd28ac2c.webp,48,no_object
288dfd28ac2c.webp,49,no_object
288dfd28ac2c.webp,50,no_object
288dfd28ac2c.webp,51,no_object
288dfd28ac2c.webp,52,no_object
288dfd28ac2c.webp,53,stump
288dfd28ac2c.webp,54,stump
288dfd28ac2c.webp,55,no_object
288dfd28ac2c.webp,56,no_object
288dfd28ac2c.webp,57,no_object
288dfd28ac2c.webp,58,no_object
288dfd28ac2c.webp,59,no_object
288dfd28ac2c.webp,60,no_object
288dfd28ac2c.webp,61,stump
288dfd28ac2c.webp,62,stump
288dfd28ac2c.webp,63,no_object
288dfd28ac2c.webp,64,no_object
3369e404ed8c.webp,1,no_object
3369e404ed8c.webp,2,no_object
3369e404ed8c.webp,3,no_object
3369e404ed8c.webp,4,no_object
3369e404ed8c.webp,5,no_object
3369e404ed8c.webp,6,no_object
3369e404ed8c.webp,7,no_object
3369e404ed8c.webp,8,no_object
3369e404ed8c.webp,9,no_object
3369e404ed8c.webp,10,no_object
3369e404ed8c.webp,11,no_object
3369e404ed8c.webp,12,no_object
3369e404ed8c.webp,13,no_object
3369e404ed8c.webp,14,no_object
3369e404ed8c.webp,15,no_object
3369e404ed8c.webp,16,no_object
3369e404ed8c.webp,17,no_object
3369e404ed8c.webp,18,no_object
3369e404ed8c.webp,19,no_object
3369e404ed8c.webp,20,no_object
3369e404ed8c.webp,21,no_object
3369e404ed8c.webp,22,no_object
3369e404ed8c.webp,23,no_object
3369e404ed8c.webp,24,no_object
3369e404ed8c.webp,25,no_object
3369e404ed8c.webp,26,no_object
3369e404ed8c.webp,27,no_object
3369e404ed8c.webp,28,no_object
3369e404ed8c.webp,29,no_object
3369e404ed8c.webp,30,no_object
3369e404ed8c.webp,31,no_object
3369e404ed8c.webp,32,no_object
3369e404ed8c.webp,33,ball
3369e404ed8c.webp,34,no_object
3369e404ed8c.webp,35,no_object
3369e404ed8c.webp,36,stump
3369e404ed8c.webp,37,stump
3369e404ed8c.webp,38,no_object
3369e404ed8c.webp,39,no_object
3369e404ed8c.webp,40,no_object
3369e404ed8c.webp,41,no_object
3369e404ed8c.webp,42,no_object
3369e404ed8c.webp,43,no_object
3369e404ed8c.webp,44,bat
3369e404ed8c.webp,45,bat
3369e404ed8c.webp,46,no_object
3369e404ed8c.webp,47,no_object
3369e404ed8c.webp,48,no_object
3369e404ed8c.webp,49,no_object
3369e404ed8c.webp,50,no_object
3369e404ed8c.webp,51,no_object
3369e404ed8c.webp,52,stump
3369e404ed8c.webp,53,stump
3369e404ed8c.webp,54,no_object
3369e404ed8c.webp,55,no_object
3369e404ed8c.webp,56,no_object
3369e404ed8c.webp,57,no_object
3369e404ed8c.webp,58,no_object
3369e404ed8c.webp,59,no_object
3369e404ed8c.webp,60,stump
3369e404ed8c.webp,61,stump
3369e404ed8c.webp,62,no_object
3369e404ed8c.webp,63,no_object
3369e404ed8c.webp,64,no_object
353126.webp,1,no_object
353126.webp,2,no_object
353126.webp,3,no_object
353126.webp,4,bat
353126.webp,5,no_object
353126.webp,6,no_object
353126.webp,7,no_object
353126.webp,8,no_object
353126.webp,9,no_object
353126.webp,10,no_object
353126.webp,11,no_object
353126.webp,12,bat
353126.webp,13,no_object
353126.webp,14,no_object
353126.webp,15,no_object
353126.webp,16,no_object
353126.webp,17,no_object
353126.webp,18,no_object
353126.webp,19,no_object
353126.webp,20,no_object
353126.webp,21,no_object
353126.webp,22,no_object
353126.webp,23,no_object
353126.webp,24,no_object
353126.webp,25,no_object
353126.webp,26,no_object
353126.webp,27,no_object
353126.webp,28,no_object
353126.webp,29,no_object
353126.webp,30,no_object
353126.webp,31,no_object
353126.webp,32,no_object
353126.webp,33,no_object
353126.webp,34,no_object
353126.webp,35,no_object
353126.webp,36,no_object
353126.webp,37,no_object
353126.webp,38,no_object
353126.webp,39,no_object
353126.webp,40,no_object
353126.webp,41,no_object
353126.webp,42,no_object
353126.webp,43,stump
353126.webp,44,no_object
353126.webp,45,no_object
353126.webp,46,no_object
353126.webp,47,no_object
353126.webp,48,no_object
353126.webp,49,no_object
353126.webp,50,no_object
353126.webp,51,stump
353126.webp,52,no_object
353126.webp,53,no_object
353126.webp,54,no_object
353126.webp,55,no_object
353126.webp,56,no_object
353126.webp,57,no_object
353126.webp,58,no_object
353126.webp,59,stump
353126.webp,60,no_object
353126.webp,61,no_object
353126.webp,62,no_object
353126.webp,63,no_object
353126.webp,64,no_object
353190.webp,1,no_object
353190.webp,2,no_object
353190.webp,3,no_object
353190.webp,4,no_object
353190.webp,5,no_object
353190.webp,6,no_object
353190.webp,7,no_object
353190.webp,8,no_object
353190.webp,9,no_object
353190.webp,10,no_object
353190.webp,11,no_object
353190.webp,12,no_object
353190.webp,13,no_object
353190.webp,14,no_object
353190.webp,15,no_object
353190.webp,16,no_object
353190.webp,17,no_object
353190.webp,18,no_object
353190.webp,19,no_object
353190.webp,20,no_object
353190.webp,21,no_object
353190.webp,22,no_object
353190.webp,23,no_object
353190.webp,24,ball
353190.webp,25,no_object
353190.webp,26,no_object
353190.webp,27,no_object
353190.webp,28,bat
353190.webp,29,bat
353190.webp,30,no_object
353190.webp,31,no_object
353190.webp,32,ball
353190.webp,33,no_object
353190.webp,34,no_object
353190.webp,35,no_object
353190.webp,36,bat
353190.webp,37,bat
353190.webp,38,bat
353190.webp,39,no_object
353190.webp,40,no_object
353190.webp,41,no_object
353190.webp,42,no_object
353190.webp,43,no_object
353190.webp,44,no_object
353190.webp,45,bat
353190.webp,46,bat
353190.webp,47,no_object
353190.webp,48,no_object
353190.webp,49,no_object
353190.webp,50,no_object
353190.webp,51,no_object
353190.webp,52,no_object
353190.webp,53,no_object
353190.webp,54,no_object
353190.webp,55,no_object
353190.webp,56,no_object
353190.webp,57,no_object
353190.webp,58,no_object
353190.webp,59,no_object
353190.webp,60,no_object
353190.webp,61,no_object
353190.webp,62,no_object
353190.webp,63,no_object
353190.webp,64,no_object
353195.webp,1,no_object
353195.webp,2,no_object
353195.webp,3,no_object
353195.webp,4,no_object
353195.webp,5,no_object
353195.webp,6,no_object
353195.webp,7,no_object
353195.webp,8,no_object
353195.webp,9,no_object
353195.webp,10,no_object
353195.webp,11,no_object
353195.webp,12,no_object
353195.webp,13,no_object
353195.webp,14,no_object
353195.webp,15,no_object
353195.webp,16,no_object
353195.webp,17,no_object
353195.webp,18,no_object
353195.webp,19,no_object
353195.webp,20,no_object
353195.webp,21,no_object
353195.webp,22,ball
353195.webp,23,no_object
353195.webp,24,no_object
353195.webp,25,no_object
353195.webp,26,no_object
353195.webp,27,no_object
353195.webp,28,no_object
353195.webp,29,no_object
353195.webp,30,no_object
353195.webp,31,no_object
353195.webp,32,no_object
353195.webp,33,no_object
353195.webp,34,no_object
353195.webp,35,no_object
353195.webp,36,no_object
353195.webp,37,no_object
353195.webp,38,no_object
353195.webp,39,no_object
353195.webp,40,no_object
353195.webp,41,no_object
353195.webp,42,no_object
353195.webp,43,no_object
353195.webp,44,no_object
353195.webp,45,no_object
353195.webp,46,no_object
353195.webp,47,no_object
353195.webp,48,no_object
353195.webp,49,no_object
353195.webp,50,no_object
353195.webp,51,no_object
353195.webp,52,no_object
353195.webp,53,no_object
353195.webp,54,no_object
353195.webp,55,no_object
353195.webp,56,no_object
353195.webp,57,no_object
353195.webp,58,no_object
353195.webp,59,no_object
353195.webp,60,no_object
353195.webp,61,no_object
353195.webp,62,no_object
353195.webp,63,no_object
353195.webp,64,no_object
353277.webp,1,no_object
353277.webp,2,no_object
353277.webp,3,no_object
353277.webp,4,no_object
353277.webp,5,no_object
353277.webp,6,no_object
353277.webp,7,no_object
353277.webp,8,no_object
353277.webp,9,no_object
353277.webp,10,no_object
353277.webp,11,no_object
353277.webp,12,no_object
353277.webp,13,no_object
353277.webp,14,no_object
353277.webp,15,no_object
353277.webp,16,no_object
353277.webp,17,no_object
353277.webp,18,no_object
353277.webp,19,no_object
353277.webp,20,no_object
353277.webp,21,no_object
353277.webp,22,no_object
353277.webp,23,no_object
353277.webp,24,no_object
353277.webp,25,no_object
353277.webp,26,no_object
353277.webp,27,no_object
353277.webp,28,no_object
353277.webp,29,ball
353277.webp,30,no_object
353277.webp,31,no_object
353277.webp,32,no_object
353277.webp,33,no_object
353277.webp,34,no_object
353277.webp,35,no_object
353277.webp,36,no_object
353277.webp,37,ball
353277.webp,38,bat
353277.webp,39,bat
353277.webp,40,stump
353277.webp,41,no_object
353277.webp,42,no_object
353277.webp,43,no_object
353277.webp,44,no_object
353277.webp,45,no_object
353277.webp,46,no_object
353277.webp,47,bat
353277.webp,48,stump
353277.webp,49,no_object
353277.webp,50,no_object
353277.webp,51,no_object
353277.webp,52,no_object
353277.webp,53,no_object
353277.webp,54,no_object
353277.webp,55,no_object
353277.webp,56,stump
353277.webp,57,no_object
353277.webp,58,no_object
353277.webp,59,no_object
353277.webp,60,no_object
353277.webp,61,no_object
353277.webp,62,no_object
353277.webp,63,no_object
353277.webp,64,stump
353472.webp,1,no_object
353472.webp,2,no_object
353472.webp,3,no_object
353472.webp,4,no_object
353472.webp,5,no_object
353472.webp,6,no_object
353472.webp,7,no_object
353472.webp,8,no_object
353472.webp,9,no_object
353472.webp,10,no_object
353472.webp,11,no_object
353472.webp,12,no_object
353472.webp,13,no_object
353472.webp,14,no_object
353472.webp,15,no_object
353472.webp,16,no_object
353472.webp,17,no_object
353472.webp,18,no_object
353472.webp,19,no_object
353472.webp,20,no_object
353472.webp,21,no_object
353472.webp,22,no_object
353472.webp,23,no_object
353472.webp,24,no_object
353472.webp,25,no_object
353472.webp,26,no_object
353472.webp,27,no_object
353472.webp,28,no_object
353472.webp,29,no_object
353472.webp,30,no_object
353472.webp,31,no_object
353472.webp,32,no_object
353472.webp,33,no_object
353472.webp,34,no_object
353472.webp,35,no_object
353472.webp,36,stump
353472.webp,37,no_object
353472.webp,38,no_object
353472.webp,39,no_object
353472.webp,40,no_object
353472.webp,41,no_object
353472.webp,42,no_object
353472.webp,43,bat
353472.webp,44,stump
353472.webp,45,no_object
353472.webp,46,no_object
353472.webp,47,ball
353472.webp,48,no_object
353472.webp,49,no_object
353472.webp,50,no_object
353472.webp,51,bat
353472.webp,52,stump
353472.webp,53,no_object
353472.webp,54,no_object
353472.webp,55,no_object
353472.webp,56,no_object
353472.webp,57,no_object
353472.webp,58,no_object
353472.webp,59,no_object
353472.webp,60,stump
353472.webp,61,no_object
353472.webp,62,no_object
353472.webp,63,no_object
353472.webp,64,no_object
395176.webp,1,no_object
395176.webp,2,no_object
395176.webp,3,no_object
395176.webp,4,no_object
395176.webp,5,no_object
395176.webp,6,no_object
395176.webp,7,no_object
395176.webp,8,no_object
395176.webp,9,no_object
395176.webp,10,ball
395176.webp,11,no_object
395176.webp,12,no_object
395176.webp,13,no_object
395176.webp,14,no_object
395176.webp,15,no_object
395176.webp,16,no_object
395176.webp,17,no_object
395176.webp,18,no_object
395176.webp,19,no_object
395176.webp,20,no_object
395176.webp,21,no_object
395176.webp,22,no_object
395176.webp,23,no_object
395176.webp,24,no_object
395176.webp,25,no_object
395176.webp,26,no_object
395176.webp,27,no_object
395176.webp,28,no_object
395176.webp,29,no_object
395176.webp,30,no_object
395176.webp,31,no_object
395176.webp,32,no_object
395176.webp,33,no_object
395176.webp,34,no_object
395176.webp,35,no_object
395176.webp,36,no_object
395176.webp,37,no_object
395176.webp,38,no_object
395176.webp,39,no_object
395176.webp,40,no_object
395176.webp,41,no_object
395176.webp,42,no_object
395176.webp,43,no_object
395176.webp,44,no_object
395176.webp,45,no_object
395176.webp,46,no_object
395176.webp,47,no_object
395176.webp,48,no_object
395176.webp,49,no_object
395176.webp,50,no_object
395176.webp,51,no_object
395176.webp,52,no_object
395176.webp,53,no_object
395176.webp,54,no_object
395176.webp,55,no_object
395176.webp,56,no_object
395176.webp,57,no_object
395176.webp,58,no_object
395176.webp,59,no_object
395176.webp,60,no_object
395176.webp,61,no_object
395176.webp,62,no_object
395176.webp,63,no_object
395176.webp,64,no_object
395219.webp,1,no_object
395219.webp,2,no_object
395219.webp,3,no_object
395219.webp,4,no_object
395219.webp,5,no_object
395219.webp,6,no_object
395219.webp,7,no_object
395219.webp,8,no_object
395219.webp,9,no_object
395219.webp,10,no_object
395219.webp,11,ball
395219.webp,12,no_object
395219.webp,13,no_object
395219.webp,14,bat
395219.webp,15,no_object
395219.webp,16,no_object
395219.webp,17,no_object
395219.webp,18,no_object
395219.webp,19,no_object
395219.webp,20,no_object
395219.webp,21,no_object
395219.webp,22,bat
395219.webp,23,no_object
395219.webp,24,no_object
395219.webp,25,no_object
395219.webp,26,no_object
395219.webp,27,no_object
395219.webp,28,no_object
395219.webp,29,no_object
395219.webp,30,bat
395219.webp,31,no_object
395219.webp,32,no_object
395219.webp,33,no_object
395219.webp,34,no_object
395219.webp,35,no_object
395219.webp,36,no_object
395219.webp,37,no_object
395219.webp,38,no_object
395219.webp,39,no_object
395219.webp,40,no_object
395219.webp,41,no_object
395219.webp,42,no_object
395219.webp,43,no_object
395219.webp,44,no_object
395219.webp,45,no_object
395219.webp,46,no_object
395219.webp,47,no_object
395219.webp,48,no_object
395219.webp,49,no_object
395219.webp,50,no_object
395219.webp,51,no_object
395219.webp,52,no_object
395219.webp,53,no_object
395219.webp,54,no_object
395219.webp,55,no_object
395219.webp,56,no_object
395219.webp,57,no_object
395219.webp,58,no_object
395219.webp,59,no_object
395219.webp,60,no_object
395219.webp,61,no_object
395219.webp,62,no_object
395219.webp,63,no_object
395219.webp,64,no_object
395359.webp,1,no_object
395359.webp,2,no_object
395359.webp,3,no_object
395359.webp,4,no_object
395359.webp,5,no_object
395359.webp,6,no_object
395359.webp,7,no_object
395359.webp,8,no_object
395359.webp,9,no_object
395359.webp,10,no_object
395359.webp,11,no_object
395359.webp,12,no_object
395359.webp,13,no_object
395359.webp,14,no_object
395359.webp,15,no_object
395359.webp,16,no_object
395359.webp,17,no_object
395359.webp,18,no_object
395359.webp,19,no_object
395359.webp,20,no_object
395359.webp,21,no_object
395359.webp,22,no_object
395359.webp,23,no_object
395359.webp,24,no_object
395359.webp,25,no_object
395359.webp,26,no_object
395359.webp,27,no_object
395359.webp,28,no_object
395359.webp,29,no_object
395359.webp,30,no_object
395359.webp,31,no_object
395359.webp,32,no_object
395359.webp,33,no_object
395359.webp,34,no_object
395359.webp,35,no_object
395359.webp,36,no_object
395359.webp,37,no_object
395359.webp,38,no_object
395359.webp,39,ball
395359.webp,40,stump
395359.webp,41,no_object
395359.webp,42,no_object
395359.webp,43,no_object
395359.webp,44,no_object
395359.webp,45,no_object
395359.webp,46,no_object
395359.webp,47,no_object
395359.webp,48,stump
395359.webp,49,no_object
395359.webp,50,no_object
395359.webp,51,bat
395359.webp,52,bat
395359.webp,53,no_object
395359.webp,54,no_object
395359.webp,55,no_object
395359.webp,56,stump
395359.webp,57,no_object
395359.webp,58,no_object
395359.webp,59,no_object
395359.webp,60,no_object
395359.webp,61,no_object
395359.webp,62,no_object
395359.webp,63,no_object
395359.webp,64,no_object
397092.webp,1,no_object
397092.webp,2,no_object
397092.webp,3,no_object
397092.webp,4,no_object
397092.webp,5,no_object
397092.webp,6,no_object
397092.webp,7,no_object
397092.webp,8,no_object
397092.webp,9,no_object
397092.webp,10,no_object
397092.webp,11,no_object
397092.webp,12,no_object
397092.webp,13,no_object
397092.webp,14,no_object
397092.webp,15,no_object
397092.webp,16,no_object
397092.webp,17,ball
397092.webp,18,no_object
397092.webp,19,no_object
397092.webp,20,no_object
397092.webp,21,no_object
397092.webp,22,no_object
397092.webp,23,no_object
397092.webp,24,no_object
397092.webp,25,no_object
397092.webp,26,no_object
397092.webp,27,no_object
397092.webp,28,no_object
397092.webp,29,no_object
397092.webp,30,no_object
397092.webp,31,no_object
397092.webp,32,no_object
397092.webp,33,no_object
397092.webp,34,no_object
397092.webp,35,no_object
397092.webp,36,no_object
397092.webp,37,no_object
397092.webp,38,no_object
397092.webp,39,no_object
397092.webp,40,no_object
397092.webp,41,no_object
397092.webp,42,no_object
397092.webp,43,no_object
397092.webp,44,no_object
397092.webp,45,no_object
397092.webp,46,no_object
397092.webp,47,no_object
397092.webp,48,no_object
397092.webp,49,no_object
397092.webp,50,no_object
397092.webp,51,no_object
397092.webp,52,no_object
397092.webp,53,no_object
397092.webp,54,no_object
397092.webp,55,no_object
397092.webp,56,no_object
397092.webp,57,no_object
397092.webp,58,no_object
397092.webp,59,no_object
397092.webp,60,no_object
397092.webp,61,no_object
397092.webp,62,no_object
397092.webp,63,no_object
397092.webp,64,no_object
397537.webp,1,no_object
397537.webp,2,no_object
397537.webp,3,no_object
397537.webp,4,no_object
397537.webp,5,no_object
397537.webp,6,no_object
397537.webp,7,no_object
397537.webp,8,no_object
397537.webp,9,no_object
397537.webp,10,no_object
397537.webp,11,no_object
397537.webp,12,no_object
397537.webp,13,no_object
397537.webp,14,no_object
397537.webp,15,no_object
397537.webp,16,no_object
397537.webp,17,no_object
397537.webp,18,no_object
397537.webp,19,no_object
397537.webp,20,no_object
397537.webp,21,no_object
397537.webp,22,no_object
397537.webp,23,no_object
397537.webp,24,no_object
397537.webp,25,no_object
397537.webp,26,no_object
397537.webp,27,no_object
397537.webp,28,no_object
397537.webp,29,no_object
397537.webp,30,no_object
397537.webp,31,no_object
397537.webp,32,no_object
397537.webp,33,no_object
397537.webp,34,no_object
397537.webp,35,ball
397537.webp,36,no_object
397537.webp,37,no_object
397537.webp,38,no_object
397537.webp,39,no_object
397537.webp,40,no_object
397537.webp,41,no_object
397537.webp,42,no_object
397537.webp,43,no_object
397537.webp,44,no_object
397537.webp,45,no_object
397537.webp,46,no_object
397537.webp,47,no_object
397537.webp,48,no_object
397537.webp,49,no_object
397537.webp,50,no_object
397537.webp,51,no_object
397537.webp,52,no_object
397537.webp,53,no_object
397537.webp,54,no_object
397537.webp,55,no_object
397537.webp,56,no_object
397537.webp,57,no_object
397537.webp,58,no_object
397537.webp,59,no_object
397537.webp,60,no_object
397537.webp,61,no_object
397537.webp,62,no_object
397537.webp,63,no_object
397537.webp,64,no_object
397627.webp,1,no_object
397627.webp,2,no_object
397627.webp,3,no_object
397627.webp,4,no_object
397627.webp,5,no_object
397627.webp,6,no_object
397627.webp,7,no_object
397627.webp,8,no_object
397627.webp,9,ball
397627.webp,10,no_object
397627.webp,11,no_object
397627.webp,12,no_object
397627.webp,13,no_object
397627.webp,14,no_object
397627.webp,15,no_object
397627.webp,16,no_object
397627.webp,17,no_object
397627.webp,18,no_object
397627.webp,19,no_object
397627.webp,20,no_object
397627.webp,21,no_object
397627.webp,22,no_object
397627.webp,23,no_object
397627.webp,24,no_object
397627.webp,25,no_object
397627.webp,26,no_object
397627.webp,27,no_object
397627.webp,28,no_object
397627.webp,29,no_object
397627.webp,30,no_object
397627.webp,31,no_object
397627.webp,32,no_object
397627.webp,33,no_object
397627.webp,34,no_object
397627.webp,35,no_object
397627.webp,36,no_object
397627.webp,37,no_object
397627.webp,38,no_object
397627.webp,39,no_object
397627.webp,40,no_object
397627.webp,41,no_object
397627.webp,42,no_object
397627.webp,43,no_object
397627.webp,44,no_object
397627.webp,45,no_object
397627.webp,46,no_object
397627.webp,47,no_object
397627.webp,48,no_object
397627.webp,49,no_object
397627.webp,50,no_object
397627.webp,51,no_object
397627.webp,52,no_object
397627.webp,53,no_object
397627.webp,54,no_object
397627.webp,55,no_object
397627.webp,56,no_object
397627.webp,57,no_object
397627.webp,58,no_object
397627.webp,59,no_object
397627.webp,60,no_object
397627.webp,61,no_object
397627.webp,62,no_object
397627.webp,63,no_object
397627.webp,64,no_object
397daa57d55e.webp,1,no_object
397daa57d55e.webp,2,no_object
397daa57d55e.webp,3,no_object
397daa57d55e.webp,4,no_object
397daa57d55e.webp,5,no_object
397daa57d55e.webp,6,no_object
397daa57d55e.webp,7,no_object
397daa57d55e.webp,8,no_object
397daa57d55e.webp,9,no_object
397daa57d55e.webp,10,no_object
397daa57d55e.webp,11,no_object
397daa57d55e.webp,12,no_object
397daa57d55e.webp,13,ball
397daa57d55e.webp,14,ball
397daa57d55e.webp,15,no_object
397daa57d55e.webp,16,no_object
397daa57d55e.webp,17,no_object
397daa57d55e.webp,18,no_object
397daa57d55e.webp,19,no_object
397daa57d55e.webp,20,no_object
397daa57d55e.webp,21,ball
397daa57d55e.webp,22,ball
397daa57d55e.webp,23,no_object
397daa57d55e.webp,24,no_object
397daa57d55e.webp,25,no_object
397daa57d55e.webp,26,no_object
397daa57d55e.webp,27,bat
397daa57d55e.webp,28,no_object
397daa57d55e.webp,29,no_object
397daa57d55e.webp,30,no_object
397daa57d55e.webp,31,no_object
397daa57d55e.webp,32,no_object
397daa57d55e.webp,33,no_object
397daa57d55e.webp,34,no_object
397daa57d55e.webp,35,bat
397daa57d55e.webp,36,stump
397daa57d55e.webp,37,stump
397daa57d55e.webp,38,no_object
397daa57d55e.webp,39,no_object
397daa57d55e.webp,40,no_object
397daa57d55e.webp,41,no_object
397daa57d55e.webp,42,no_object
397daa57d55e.webp,43,bat
397daa57d55e.webp,44,stump
397daa57d55e.webp,45,stump
397daa57d55e.webp,46,no_object
397daa57d55e.webp,47,no_object
397daa57d55e.webp,48,no_object
397daa57d55e.webp,49,no_object
397daa57d55e.webp,50,no_object
397daa57d55e.webp,51,no_object
397daa57d55e.webp,52,stump
397daa57d55e.webp,53,stump
397daa57d55e.webp,54,no_object
397daa57d55e.webp,55,no_object
397daa57d55e.webp,56,no_object
397daa57d55e.webp,57,no_object
397daa57d55e.webp,58,no_object
397daa57d55e.webp,59,no_object
397daa57d55e.webp,60,stump
397daa57d55e.webp,61,stump
397daa57d55e.webp,62,no_object
397daa57d55e.webp,63,no_object
397daa57d55e.webp,64,no_object
398279.webp,1,no_object
398279.webp,2,no_object
398279.webp,3,no_object
398279.webp,4,no_object
398279.webp,5,no_object
398279.webp,6,no_object
398279.webp,7,no_object
398279.webp,8,no_object
398279.webp,9,no_object
398279.webp,10,no_object
398279.webp,11,no_object
398279.webp,12,no_object
398279.webp,13,no_object
398279.webp,14,no_object
398279.webp,15,no_object
398279.webp,16,no_object
398279.webp,17,no_object
398279.webp,18,no_object
398279.webp,19,no_object
398279.webp,20,no_object
398279.webp,21,no_object
398279.webp,22,bat
398279.webp,23,no_object
398279.webp,24,no_object
398279.webp,25,no_object
398279.webp,26,no_object
398279.webp,27,no_object
398279.webp,28,no_object
398279.webp,29,no_object
398279.webp,30,no_object
398279.webp,31,no_object
398279.webp,32,no_object
398279.webp,33,no_object
398279.webp,34,no_object
398279.webp,35,no_object
398279.webp,36,no_object
398279.webp,37,no_object
398279.webp,38,no_object
398279.webp,39,no_object
398279.webp,40,no_object
398279.webp,41,no_object
398279.webp,42,no_object
398279.webp,43,no_object
398279.webp,44,stump
398279.webp,45,no_object
398279.webp,46,no_object
398279.webp,47,no_object
398279.webp,48,no_object
398279.webp,49,no_object
398279.webp,50,no_object
398279.webp,51,no_object
398279.webp,52,stump
398279.webp,53,no_object
398279.webp,54,no_object
398279.webp,55,no_object
398279.webp,56,no_object
398279.webp,57,no_object
398279.webp,58,no_object
398279.webp,59,no_object
398279.webp,60,stump
398279.webp,61,no_object
398279.webp,62,no_object
398279.webp,63,no_object
398279.webp,64,no_object
400423.webp,1,no_object
400423.webp,2,no_object
400423.webp,3,no_object
400423.webp,4,no_object
400423.webp,5,no_object
400423.webp,6,no_object
400423.webp,7,no_object
400423.webp,8,no_object
400423.webp,9,no_object
400423.webp,10,no_object
400423.webp,11,no_object
400423.webp,12,no_object
400423.webp,13,no_object
400423.webp,14,no_object
400423.webp,15,no_object
400423.webp,16,no_object
400423.webp,17,no_object
400423.webp,18,no_object
400423.webp,19,no_object
400423.webp,20,no_object
400423.webp,21,no_object
400423.webp,22,no_object
400423.webp,23,no_object
400423.webp,24,no_object
400423.webp,25,no_object
400423.webp,26,no_object
400423.webp,27,no_object
400423.webp,28,no_object
400423.webp,29,no_object
400423.webp,30,no_object
400423.webp,31,no_object
400423.webp,32,no_object
400423.webp,33,no_object
400423.webp,34,no_object
400423.webp,35,ball
400423.webp,36,stump
400423.webp,37,stump
400423.webp,38,no_object
400423.webp,39,no_object
400423.webp,40,no_object
400423.webp,41,no_object
400423.webp,42,no_object
400423.webp,43,ball
400423.webp,44,stump
400423.webp,45,stump
400423.webp,46,bat
400423.webp,47,no_object
400423.webp,48,no_object
400423.webp,49,no_object
400423.webp,50,no_object
400423.webp,51,no_object
400423.webp,52,stump
400423.webp,53,stump
400423.webp,54,bat
400423.webp,55,no_object
400423.webp,56,no_object
400423.webp,57,no_object
400423.webp,58,no_object
400423.webp,59,no_object
400423.webp,60,stump
400423.webp,61,stump
400423.webp,62,bat
400423.webp,63,no_object
400423.webp,64,no_object
401962.webp,1,no_object
401962.webp,2,no_object
401962.webp,3,no_object
401962.webp,4,no_object
401962.webp,5,no_object
401962.webp,6,no_object
401962.webp,7,no_object
401962.webp,8,no_object
401962.webp,9,no_object
401962.webp,10,ball
401962.webp,11,no_object
401962.webp,12,no_object
401962.webp,13,no_object
401962.webp,14,no_object
401962.webp,15,no_object
401962.webp,16,no_object
401962.webp,17,no_object
401962.webp,18,no_object
401962.webp,19,no_object
401962.webp,20,no_object
401962.webp,21,no_object
401962.webp,22,no_object
401962.webp,23,no_object
401962.webp,24,no_object
401962.webp,25,no_object
401962.webp,26,no_object
401962.webp,27,no_object
401962.webp,28,no_object
401962.webp,29,no_object
401962.webp,30,no_object
401962.webp,31,no_object
401962.webp,32,no_object
401962.webp,33,no_object
401962.webp,34,no_object
401962.webp,35,no_object
401962.webp,36,no_object
401962.webp,37,no_object
401962.webp,38,no_object
401962.webp,39,no_object
401962.webp,40,no_object
401962.webp,41,no_object
401962.webp,42,no_object
401962.webp,43,no_object
401962.webp,44,no_object
401962.webp,45,no_object
401962.webp,46,no_object
401962.webp,47,no_object
401962.webp,48,no_object
401962.webp,49,no_object
401962.webp,50,no_object
401962.webp,51,no_object
401962.webp,52,no_object
401962.webp,53,no_object
401962.webp,54,no_object
401962.webp,55,no_object
401962.webp,56,no_object
401962.webp,57,no_object
401962.webp,58,no_object
401962.webp,59,no_object
401962.webp,60,no_object
401962.webp,61,no_object
401962.webp,62,no_object
401962.webp,63,no_object
401962.webp,64,no_object
402128.webp,1,no_object
402128.webp,2,no_object
402128.webp,3,no_object
402128.webp,4,no_object
402128.webp,5,no_object
402128.webp,6,no_object
402128.webp,7,no_object
402128.webp,8,no_object
402128.webp,9,no_object
402128.webp,10,no_object
402128.webp,11,no_object
402128.webp,12,no_object
402128.webp,13,no_object
402128.webp,14,no_object
402128.webp,15,no_object
402128.webp,16,no_object
402128.webp,17,no_object
402128.webp,18,no_object
402128.webp,19,no_object
402128.webp,20,no_object
402128.webp,21,no_object
402128.webp,22,no_object
402128.webp,23,no_object
402128.webp,24,no_object
402128.webp,25,ball
402128.webp,26,no_object
402128.webp,27,no_object
402128.webp,28,no_object
402128.webp,29,no_object
402128.webp,30,no_object
402128.webp,31,bat
402128.webp,32,no_object
402128.webp,33,no_object
402128.webp,34,stump
402128.webp,35,stump
402128.webp,36,no_object
402128.webp,37,no_object
402128.webp,38,no_object
402128.webp,39,bat
402128.webp,40,no_object
402128.webp,41,no_object
402128.webp,42,stump
402128.webp,43,stump
402128.webp,44,no_object
402128.webp,45,no_object
402128.webp,46,no_object
402128.webp,47,bat
402128.webp,48,no_object
402128.webp,49,no_object
402128.webp,50,stump
402128.webp,51,stump
402128.webp,52,no_object
402128.webp,53,no_object
402128.webp,54,no_object
402128.webp,55,no_object
402128.webp,56,no_object
402128.webp,57,no_object
402128.webp,58,stump
402128.webp,59,stump
402128.webp,60,no_object
402128.webp,61,no_object
402128.webp,62,no_object
402128.webp,63,no_object
402128.webp,64,no_object
403282.webp,1,no_object
403282.webp,2,no_object
403282.webp,3,no_object
403282.webp,4,no_object
403282.webp,5,no_object
403282.webp,6,no_object
403282.webp,7,no_object
403282.webp,8,no_object
403282.webp,9,no_object
403282.webp,10,no_object
403282.webp,11,no_object
403282.webp,12,no_object
403282.webp,13,no_object
403282.webp,14,no_object
403282.webp,15,no_object
403282.webp,16,no_object
403282.webp,17,no_object
403282.webp,18,no_object
403282.webp,19,no_object
403282.webp,20,no_object
403282.webp,21,no_object
403282.webp,22,no_object
403282.webp,23,no_object
403282.webp,24,no_object
403282.webp,25,no_object
403282.webp,26,no_object
403282.webp,27,ball
403282.webp,28,no_object
403282.webp,29,no_object
403282.webp,30,no_object
403282.webp,31,no_object
403282.webp,32,no_object
403282.webp,33,no_object
403282.webp,34,stump
403282.webp,35,stump
403282.webp,36,no_object
403282.webp,37,no_object
403282.webp,38,no_object
403282.webp,39,no_object
403282.webp,40,no_object
403282.webp,41,no_object
403282.webp,42,stump
403282.webp,43,stump
403282.webp,44,no_object
403282.webp,45,bat
403282.webp,46,no_object
403282.webp,47,no_object
403282.webp,48,no_object
403282.webp,49,no_object
403282.webp,50,stump
403282.webp,51,stump
403282.webp,52,no_object
403282.webp,53,bat
403282.webp,54,no_object
403282.webp,55,no_object
403282.webp,56,no_object
403282.webp,57,no_object
403282.webp,58,stump
403282.webp,59,stump
403282.webp,60,no_object
403282.webp,61,no_object
403282.webp,62,no_object
403282.webp,63,no_object
403282.webp,64,no_object
403432.webp,1,no_object
403432.webp,2,no_object
403432.webp,3,no_object
403432.webp,4,no_object
403432.webp,5,no_object
403432.webp,6,no_object
403432.webp,7,no_object
403432.webp,8,no_object
403432.webp,9,no_object
403432.webp,10,no_object
403432.webp,11,no_object
403432.webp,12,no_object
403432.webp,13,no_object
403432.webp,14,no_object
403432.webp,15,no_object
403432.webp,16,no_object
403432.webp,17,no_object
403432.webp,18,no_object
403432.webp,19,no_object
403432.webp,20,no_object
403432.webp,21,no_object
403432.webp,22,no_object
403432.webp,23,no_object
403432.webp,24,no_object
403432.webp,25,no_object
403432.webp,26,no_object
403432.webp,27,no_object
403432.webp,28,no_object
403432.webp,29,no_object
403432.webp,30,ball
403432.webp,31,no_object
403432.webp,32,no_object
403432.webp,33,no_object
403432.webp,34,no_object
403432.webp,35,no_object
403432.webp,36,no_object
403432.webp,37,no_object
403432.webp,38,no_object
403432.webp,39,no_object
403432.webp,40,no_object
403432.webp,41,no_object
403432.webp,42,no_object
403432.webp,43,no_object
403432.webp,44,no_object
403432.webp,45,no_object
403432.webp,46,no_object
403432.webp,47,no_object
403432.webp,48,no_object
403432.webp,49,no_object
403432.webp,50,no_object
403432.webp,51,no_object
403432.webp,52,no_object
403432.webp,53,no_object
403432.webp,54,no_object
403432.webp,55,no_object
403432.webp,56,no_object
403432.webp,57,no_object
403432.webp,58,no_object
403432.webp,59,no_object
403432.webp,60,no_object
403432.webp,61,no_object
403432.webp,62,no_object
403432.webp,63,no_object
403432.webp,64,no_object
403444.webp,1,no_object
403444.webp,2,no_object
403444.webp,3,ball
403444.webp,4,no_object
403444.webp,5,no_object
403444.webp,6,no_object
403444.webp,7,no_object
403444.webp,8,no_object
403444.webp,9,no_object
403444.webp,10,no_object
403444.webp,11,no_object
403444.webp,12,no_object
403444.webp,13,no_object
403444.webp,14,no_object
403444.webp,15,no_object
403444.webp,16,no_object
403444.webp,17,no_object
403444.webp,18,no_object
403444.webp,19,no_object
403444.webp,20,no_object
403444.webp,21,no_object
403444.webp,22,no_object
403444.webp,23,no_object
403444.webp,24,no_object
403444.webp,25,no_object
403444.webp,26,no_object
403444.webp,27,no_object
403444.webp,28,no_object
403444.webp,29,no_object
403444.webp,30,no_object
403444.webp,31,no_object
403444.webp,32,no_object
403444.webp,33,no_object
403444.webp,34,no_object
403444.webp,35,no_object
403444.webp,36,no_object
403444.webp,37,no_object
403444.webp,38,no_object
403444.webp,39,no_object
403444.webp,40,no_object
403444.webp,41,no_object
403444.webp,42,no_object
403444.webp,43,no_object
403444.webp,44,no_object
403444.webp,45,no_object
403444.webp,46,no_object
403444.webp,47,no_object
403444.webp,48,no_object
403444.webp,49,no_object
403444.webp,50,no_object
403444.webp,51,no_object
403444.webp,52,no_object
403444.webp,53,no_object
403444.webp,54,no_object
403444.webp,55,no_object
403444.webp,56,no_object
403444.webp,57,no_object
403444.webp,58,no_object
403444.webp,59,no_object
403444.webp,60,no_object
403444.webp,61,no_object
403444.webp,62,no_object
403444.webp,63,no_object
403444.webp,64,no_object
408327.webp,1,no_object
408327.webp,2,no_object
408327.webp,3,no_object
408327.webp,4,no_object
408327.webp,5,no_object
408327.webp,6,no_object
408327.webp,7,no_object
408327.webp,8,no_object
408327.webp,9,no_object
408327.webp,10,no_object
408327.webp,11,no_object
408327.webp,12,no_object
408327.webp,13,no_object
408327.webp,14,no_object
408327.webp,15,no_object
408327.webp,16,no_object
408327.webp,17,no_object
408327.webp,18,no_object
408327.webp,19,bat
408327.webp,20,bat
408327.webp,21,no_object
408327.webp,22,no_object
408327.webp,23,no_object
408327.webp,24,no_object
408327.webp,25,no_object
408327.webp,26,no_object
408327.webp,27,bat
408327.webp,28,bat
408327.webp,29,no_object
408327.webp,30,no_object
408327.webp,31,no_object
408327.webp,32,no_object
408327.webp,33,no_object
408327.webp,34,no_object
408327.webp,35,no_object
408327.webp,36,no_object
408327.webp,37,no_object
408327.webp,38,no_object
408327.webp,39,no_object
408327.webp,40,no_object
408327.webp,41,no_object
408327.webp,42,no_object
408327.webp,43,no_object
408327.webp,44,no_object
408327.webp,45,stump
408327.webp,46,stump
408327.webp,47,no_object
408327.webp,48,no_object
408327.webp,49,no_object
408327.webp,50,no_object
408327.webp,51,no_object
408327.webp,52,ball
408327.webp,53,stump
408327.webp,54,stump
408327.webp,55,no_object
408327.webp,56,no_object
408327.webp,57,no_object
408327.webp,58,no_object
408327.webp,59,no_object
408327.webp,60,ball
408327.webp,61,stump
408327.webp,62,stump
408327.webp,63,no_object
408327.webp,64,no_object
408731.webp,1,no_object
408731.webp,2,no_object
408731.webp,3,no_object
408731.webp,4,no_object
408731.webp,5,no_object
408731.webp,6,no_object
408731.webp,7,no_object
408731.webp,8,no_object
408731.webp,9,no_object
408731.webp,10,no_object
408731.webp,11,no_object
408731.webp,12,no_object
408731.webp,13,no_object
408731.webp,14,no_object
408731.webp,15,bat
408731.webp,16,bat
408731.webp,17,no_object
408731.webp,18,no_object
408731.webp,19,no_object
408731.webp,20,no_object
408731.webp,21,no_object
408731.webp,22,no_object
408731.webp,23,no_object
408731.webp,24,no_object
408731.webp,25,no_object
408731.webp,26,no_object
408731.webp,27,no_object
408731.webp,28,no_object
408731.webp,29,no_object
408731.webp,30,no_object
408731.webp,31,no_object
408731.webp,32,no_object
408731.webp,33,ball
408731.webp,34,stump
408731.webp,35,no_object
408731.webp,36,no_object
408731.webp,37,no_object
408731.webp,38,no_object
408731.webp,39,no_object
408731.webp,40,no_object
408731.webp,41,stump
408731.webp,42,stump
408731.webp,43,no_object
408731.webp,44,no_object
408731.webp,45,no_object
408731.webp,46,no_object
408731.webp,47,no_object
408731.webp,48,no_object
408731.webp,49,stump
408731.webp,50,stump
408731.webp,51,no_object
408731.webp,52,no_object
408731.webp,53,no_object
408731.webp,54,no_object
408731.webp,55,no_object
408731.webp,56,no_object
408731.webp,57,no_object
408731.webp,58,stump
408731.webp,59,no_object
408731.webp,60,no_object
408731.webp,61,no_object
408731.webp,62,no_object
408731.webp,63,no_object
408731.webp,64,no_object
408738.webp,1,no_object
408738.webp,2,no_object
408738.webp,3,no_object
408738.webp,4,no_object
408738.webp,5,no_object
408738.webp,6,no_object
408738.webp,7,no_object
408738.webp,8,no_object
408738.webp,9,no_object
408738.webp,10,no_object
408738.webp,11,no_object
408738.webp,12,no_object
408738.webp,13,no_object
408738.webp,14,no_object
408738.webp,15,no_object
408738.webp,16,no_object
408738.webp,17,no_object
408738.webp,18,no_object
408738.webp,19,no_object
408738.webp,20,no_object
408738.webp,21,no_object
408738.webp,22,no_object
408738.webp,23,no_object
408738.webp,24,no_object
408738.webp,25,no_object
408738.webp,26,no_object
408738.webp,27,no_object
408738.webp,28,no_object
408738.webp,29,no_object
408738.webp,30,no_object
408738.webp,31,no_object
408738.webp,32,no_object
408738.webp,33,no_object
408738.webp,34,no_object
408738.webp,35,no_object
408738.webp,36,no_object
408738.webp,37,no_object
408738.webp,38,no_object
408738.webp,39,no_object
408738.webp,40,stump
408738.webp,41,no_object
408738.webp,42,bat
408738.webp,43,no_object
408738.webp,44,no_object
408738.webp,45,no_object
408738.webp,46,no_object
408738.webp,47,no_object
408738.webp,48,stump
408738.webp,49,no_object
408738.webp,50,no_object
408738.webp,51,no_object
408738.webp,52,no_object
408738.webp,53,no_object
408738.webp,54,no_object
408738.webp,55,no_object
408738.webp,56,ball
408738.webp,57,no_object
408738.webp,58,no_object
408738.webp,59,no_object
408738.webp,60,no_object
408738.webp,61,no_object
408738.webp,62,no_object
408738.webp,63,no_object
408738.webp,64,no_object
409101.webp,1,no_object
409101.webp,2,no_object
409101.webp,3,no_object
409101.webp,4,no_object
409101.webp,5,no_object
409101.webp,6,no_object
409101.webp,7,no_object
409101.webp,8,no_object
409101.webp,9,no_object
409101.webp,10,no_object
409101.webp,11,no_object
409101.webp,12,no_object
409101.webp,13,no_object
409101.webp,14,no_object
409101.webp,15,no_object
409101.webp,16,no_object
409101.webp,17,no_object
409101.webp,18,no_object
409101.webp,19,no_object
409101.webp,20,no_object
409101.webp,21,no_object
409101.webp,22,no_object
409101.webp,23,no_object
409101.webp,24,no_object
409101.webp,25,no_object
409101.webp,26,no_object
409101.webp,27,no_object
409101.webp,28,no_object
409101.webp,29,no_object
409101.webp,30,no_object
409101.webp,31,no_object
409101.webp,32,no_object
409101.webp,33,no_object
409101.webp,34,no_object
409101.webp,35,no_object
409101.webp,36,no_object
409101.webp,37,no_object
409101.webp,38,ball
409101.webp,39,no_object
409101.webp,40,no_object
409101.webp,41,no_object
409101.webp,42,no_object
409101.webp,43,no_object
409101.webp,44,no_object
409101.webp,45,no_object
409101.webp,46,no_object
409101.webp,47,no_object
409101.webp,48,no_object
409101.webp,49,no_object
409101.webp,50,no_object
409101.webp,51,no_object
409101.webp,52,no_object
409101.webp,53,no_object
409101.webp,54,no_object
409101.webp,55,no_object
409101.webp,56,no_object
409101.webp,57,no_object
409101.webp,58,no_object
409101.webp,59,no_object
409101.webp,60,no_object
409101.webp,61,no_object
409101.webp,62,no_object
409101.webp,63,no_object
409101.webp,64,no_object
409116.jpg,1,no_object
409116.jpg,2,no_object
409116.jpg,3,no_object
409116.jpg,4,no_object
409116.jpg,5,no_object
409116.jpg,6,no_object
409116.jpg,7,bat
409116.jpg,8,no_object
409116.jpg,9,no_object
409116.jpg,10,no_object
409116.jpg,11,no_object
409116.jpg,12,no_object
409116.jpg,13,no_object
409116.jpg,14,no_object
409116.jpg,15,bat
409116.jpg,16,no_object
409116.jpg,17,no_object
409116.jpg,18,no_object
409116.jpg,19,no_object
409116.jpg,20,ball
409116.jpg,21,no_object
409116.jpg,22,no_object
409116.jpg,23,bat
409116.jpg,24,no_object
409116.jpg,25,no_object
409116.jpg,26,no_object
409116.jpg,27,no_object
409116.jpg,28,no_object
409116.jpg,29,no_object
409116.jpg,30,no_object
409116.jpg,31,no_object
409116.jpg,32,no_object
409116.jpg,33,no_object
409116.jpg,34,no_object
409116.jpg,35,no_object
409116.jpg,36,no_object
409116.jpg,37,no_object
409116.jpg,38,stump
409116.jpg,39,stump
409116.jpg,40,no_object
409116.jpg,41,no_object
409116.jpg,42,stump
409116.jpg,43,no_object
409116.jpg,44,no_object
409116.jpg,45,no_object
409116.jpg,46,stump
409116.jpg,47,stump
409116.jpg,48,no_object
409116.jpg,49,no_object
409116.jpg,50,stump
409116.jpg,51,no_object
409116.jpg,52,no_object
409116.jpg,53,no_object
409116.jpg,54,stump
409116.jpg,55,stump
409116.jpg,56,no_object
409116.jpg,57,no_object
409116.jpg,58,stump
409116.jpg,59,no_object
409116.jpg,60,no_object
409116.jpg,61,no_object
409116.jpg,62,stump
409116.jpg,63,stump
409116.jpg,64,no_object
409520.webp,1,no_object
409520.webp,2,no_object
409520.webp,3,no_object
409520.webp,4,no_object
409520.webp,5,no_object
409520.webp,6,no_object
409520.webp,7,no_object
409520.webp,8,no_object
409520.webp,9,no_object
409520.webp,10,no_object
409520.webp,11,no_object
409520.webp,12,no_object
409520.webp,13,no_object
409520.webp,14,no_object
409520.webp,15,no_object
409520.webp,16,no_object
409520.webp,17,no_object
409520.webp,18,no_object
409520.webp,19,no_object
409520.webp,20,no_object
409520.webp,21,no_object
409520.webp,22,no_object
409520.webp,23,no_object
409520.webp,24,no_object
409520.webp,25,no_object
409520.webp,26,no_object
409520.webp,27,no_object
409520.webp,28,no_object
409520.webp,29,no_object
409520.webp,30,no_object
409520.webp,31,no_object
409520.webp,32,no_object
409520.webp,33,no_object
409520.webp,34,bat
409520.webp,35,no_object
409520.webp,36,no_object
409520.webp,37,no_object
409520.webp,38,no_object
409520.webp,39,no_object
409520.webp,40,no_object
409520.webp,41,no_object
409520.webp,42,bat
409520.webp,43,bat
409520.webp,44,no_object
409520.webp,45,no_object
409520.webp,46,no_object
409520.webp,47,no_object
409520.webp,48,no_object
409520.webp,49,no_object
409520.webp,50,no_object
409520.webp,51,bat
409520.webp,52,no_object
409520.webp,53,no_object
409520.webp,54,no_object
409520.webp,55,no_object
409520.webp,56,no_object
409520.webp,57,no_object
409520.webp,58,no_object
409520.webp,59,no_object
409520.webp,60,no_object
409520.webp,61,no_object
409520.webp,62,no_object
409520.webp,63,no_object
409520.webp,64,no_object
409528.webp,1,no_object
409528.webp,2,no_object
409528.webp,3,no_object
409528.webp,4,ball
409528.webp,5,no_object
409528.webp,6,no_object
409528.webp,7,no_object
409528.webp,8,no_object
409528.webp,9,no_object
409528.webp,10,no_object
409528.webp,11,no_object
409528.webp,12,no_object
409528.webp,13,no_object
409528.webp,14,no_object
409528.webp,15,no_object
409528.webp,16,no_object
409528.webp,17,no_object
409528.webp,18,no_object
409528.webp,19,no_object
409528.webp,20,no_object
409528.webp,21,no_object
409528.webp,22,no_object
409528.webp,23,no_object
409528.webp,24,no_object
409528.webp,25,no_object
409528.webp,26,no_object
409528.webp,27,no_object
409528.webp,28,no_object
409528.webp,29,no_object
409528.webp,30,no_object
409528.webp,31,no_object
409528.webp,32,no_object
409528.webp,33,no_object
409528.webp,34,no_object
409528.webp,35,no_object
409528.webp,36,no_object
409528.webp,37,no_object
409528.webp,38,no_object
409528.webp,39,no_object
409528.webp,40,no_object
409528.webp,41,no_object
409528.webp,42,no_object
409528.webp,43,no_object
409528.webp,44,no_object
409528.webp,45,no_object
409528.webp,46,no_object
409528.webp,47,no_object
409528.webp,48,no_object
409528.webp,49,no_object
409528.webp,50,no_object
409528.webp,51,no_object
409528.webp,52,no_object
409528.webp,53,no_object
409528.webp,54,no_object
409528.webp,55,no_object
409528.webp,56,no_object
409528.webp,57,no_object
409528.webp,58,no_object
409528.webp,59,no_object
409528.webp,60,no_object
409528.webp,61,no_object
409528.webp,62,no_object
409528.webp,63,no_object
409528.webp,64,no_object
409531.webp,1,no_object
409531.webp,2,no_object
409531.webp,3,no_object
409531.webp,4,no_object
409531.webp,5,no_object
409531.webp,6,no_object
409531.webp,7,no_object
409531.webp,8,no_object
409531.webp,9,no_object
409531.webp,10,no_object
409531.webp,11,no_object
409531.webp,12,no_object
409531.webp,13,ball
409531.webp,14,no_object
409531.webp,15,no_object
409531.webp,16,no_object
409531.webp,17,no_object
409531.webp,18,no_object
409531.webp,19,no_object
409531.webp,20,no_object
409531.webp,21,ball
409531.webp,22,no_object
409531.webp,23,no_object
409531.webp,24,no_object
409531.webp,25,no_object
409531.webp,26,no_object
409531.webp,27,no_object
409531.webp,28,no_object
409531.webp,29,no_object
409531.webp,30,no_object
409531.webp,31,no_object
409531.webp,32,no_object
409531.webp,33,no_object
409531.webp,34,no_object
409531.webp,35,no_object
409531.webp,36,no_object
409531.webp,37,no_object
409531.webp,38,no_object
409531.webp,39,no_object
409531.webp,40,no_object
409531.webp,41,no_object
409531.webp,42,no_object
409531.webp,43,no_object
409531.webp,44,no_object
409531.webp,45,no_object
409531.webp,46,no_object
409531.webp,47,no_object
409531.webp,48,no_object
409531.webp,49,no_object
409531.webp,50,no_object
409531.webp,51,no_object
409531.webp,52,no_object
409531.webp,53,no_object
409531.webp,54,no_object
409531.webp,55,no_object
409531.webp,56,no_object
409531.webp,57,no_object
409531.webp,58,no_object
409531.webp,59,no_object
409531.webp,60,no_object
409531.webp,61,no_object
409531.webp,62,no_object
409531.webp,63,no_object
409531.webp,64,no_object
409575.webp,1,no_object
409575.webp,2,no_object
409575.webp,3,no_object
409575.webp,4,no_object
409575.webp,5,no_object
409575.webp,6,no_object
409575.webp,7,no_object
409575.webp,8,no_object
409575.webp,9,no_object
409575.webp,10,no_object
409575.webp,11,ball
409575.webp,12,no_object
409575.webp,13,no_object
409575.webp,14,no_object
409575.webp,15,no_object
409575.webp,16,no_object
409575.webp,17,no_object
409575.webp,18,no_object
409575.webp,19,no_object
409575.webp,20,no_object
409575.webp,21,no_object
409575.webp,22,no_object
409575.webp,23,no_object
409575.webp,24,no_object
409575.webp,25,no_object
409575.webp,26,no_object
409575.webp,27,no_object
409575.webp,28,no_object
409575.webp,29,no_object
409575.webp,30,no_object
409575.webp,31,no_object
409575.webp,32,no_object
409575.webp,33,no_object
409575.webp,34,no_object
409575.webp,35,no_object
409575.webp,36,no_object
409575.webp,37,no_object
409575.webp,38,no_object
409575.webp,39,no_object
409575.webp,40,no_object
409575.webp,41,no_object
409575.webp,42,no_object
409575.webp,43,no_object
409575.webp,44,no_object
409575.webp,45,no_object
409575.webp,46,no_object
409575.webp,47,no_object
409575.webp,48,no_object
409575.webp,49,no_object
409575.webp,50,no_object
409575.webp,51,no_object
409575.webp,52,no_object
409575.webp,53,no_object
409575.webp,54,no_object
409575.webp,55,no_object
409575.webp,56,no_object
409575.webp,57,no_object
409575.webp,58,no_object
409575.webp,59,no_object
409575.webp,60,no_object
409575.webp,61,no_object
409575.webp,62,no_object
409575.webp,63,no_object
409575.webp,64,no_object
409593.webp,1,no_object
409593.webp,2,no_object
409593.webp,3,no_object
409593.webp,4,no_object
409593.webp,5,no_object
409593.webp,6,no_object
409593.webp,7,no_object
409593.webp,8,no_object
409593.webp,9,no_object
409593.webp,10,no_object
409593.webp,11,no_object
409593.webp,12,no_object
409593.webp,13,no_object
409593.webp,14,bat
409593.webp,15,no_object
409593.webp,16,no_object
409593.webp,17,no_object
409593.webp,18,no_object
409593.webp,19,no_object
409593.webp,20,no_object
409593.webp,21,no_object
409593.webp,22,bat
409593.webp,23,bat
409593.webp,24,no_object
409593.webp,25,no_object
409593.webp,26,no_object
409593.webp,27,no_object
409593.webp,28,no_object
409593.webp,29,no_object
409593.webp,30,no_object
409593.webp,31,bat
409593.webp,32,no_object
409593.webp,33,no_object
409593.webp,34,stump
409593.webp,35,no_object
409593.webp,36,no_object
409593.webp,37,no_object
409593.webp,38,no_object
409593.webp,39,no_object
409593.webp,40,no_object
409593.webp,41,ball
409593.webp,42,stump
409593.webp,43,no_object
409593.webp,44,no_object
409593.webp,45,no_object
409593.webp,46,no_object
409593.webp,47,no_object
409593.webp,48,no_object
409593.webp,49,no_object
409593.webp,50,stump
409593.webp,51,no_object
409593.webp,52,no_object
409593.webp,53,no_object
409593.webp,54,no_object
409593.webp,55,no_object
409593.webp,56,no_object
409593.webp,57,no_object
409593.webp,58,stump
409593.webp,59,no_object
409593.webp,60,no_object
409593.webp,61,no_object
409593.webp,62,no_object
409593.webp,63,no_object
409593.webp,64,no_object
409614.webp,1,no_object
409614.webp,2,no_object
409614.webp,3,no_object
409614.webp,4,no_object
409614.webp,5,no_object
409614.webp,6,no_object
409614.webp,7,no_object
409614.webp,8,no_object
409614.webp,9,no_object
409614.webp,10,no_object
409614.webp,11,no_object
409614.webp,12,no_object
409614.webp,13,no_object
409614.webp,14,no_object
409614.webp,15,no_object
409614.webp,16,no_object
409614.webp,17,no_object
409614.webp,18,no_object
409614.webp,19,no_object
409614.webp,20,no_object
409614.webp,21,no_object
409614.webp,22,no_object
409614.webp,23,no_object
409614.webp,24,no_object
409614.webp,25,no_object
409614.webp,26,no_object
409614.webp,27,no_object
409614.webp,28,no_object
409614.webp,29,no_object
409614.webp,30,no_object
409614.webp,31,no_object
409614.webp,32,no_object
409614.webp,33,no_object
409614.webp,34,no_object
409614.webp,35,no_object
409614.webp,36,no_object
409614.webp,37,no_object
409614.webp,38,no_object
409614.webp,39,no_object
409614.webp,40,no_object
409614.webp,41,no_object
409614.webp,42,no_object
409614.webp,43,stump
409614.webp,44,stump
409614.webp,45,no_object
409614.webp,46,bat
409614.webp,47,no_object
409614.webp,48,no_object
409614.webp,49,no_object
409614.webp,50,no_object
409614.webp,51,stump
409614.webp,52,stump
409614.webp,53,no_object
409614.webp,54,bat
409614.webp,55,no_object
409614.webp,56,no_object
409614.webp,57,no_object
409614.webp,58,no_object
409614.webp,59,stump
409614.webp,60,stump
409614.webp,61,no_object
409614.webp,62,bat
409614.webp,63,no_object
409614.webp,64,no_object
42c7875cf041.webp,1,no_object
42c7875cf041.webp,2,no_object
42c7875cf041.webp,3,no_object
42c7875cf041.webp,4,no_object
42c7875cf041.webp,5,no_object
42c7875cf041.webp,6,no_object
42c7875cf041.webp,7,no_object
42c7875cf041.webp,8,no_object
42c7875cf041.webp,9,no_object
42c7875cf041.webp,10,no_object
42c7875cf041.webp,11,no_object
42c7875cf041.webp,12,no_object
42c7875cf041.webp,13,no_object
42c7875cf041.webp,14,no_object
42c7875cf041.webp,15,no_object
42c7875cf041.webp,16,no_object
42c7875cf041.webp,17,no_object
42c7875cf041.webp,18,no_object
42c7875cf041.webp,19,no_object
42c7875cf041.webp,20,no_object
42c7875cf041.webp,21,no_object
42c7875cf041.webp,22,no_object
42c7875cf041.webp,23,no_object
42c7875cf041.webp,24,no_object
42c7875cf041.webp,25,no_object
42c7875cf041.webp,26,no_object
42c7875cf041.webp,27,bat
42c7875cf041.webp,28,no_object
42c7875cf041.webp,29,no_object
42c7875cf041.webp,30,no_object
42c7875cf041.webp,31,no_object
42c7875cf041.webp,32,no_object
42c7875cf041.webp,33,no_object
42c7875cf041.webp,34,no_object
42c7875cf041.webp,35,bat
42c7875cf041.webp,36,no_object
42c7875cf041.webp,37,no_object
42c7875cf041.webp,38,no_object
42c7875cf041.webp,39,no_object
42c7875cf041.webp,40,no_object
42c7875cf041.webp,41,no_object
42c7875cf041.webp,42,no_object
42c7875cf041.webp,43,no_object
42c7875cf041.webp,44,no_object
42c7875cf041.webp,45,no_object
42c7875cf041.webp,46,no_object
42c7875cf041.webp,47,no_object
42c7875cf041.webp,48,no_object
42c7875cf041.webp,49,no_object
42c7875cf041.webp,50,no_object
42c7875cf041.webp,51,no_object
42c7875cf041.webp,52,no_object
42c7875cf041.webp,53,no_object
42c7875cf041.webp,54,no_object
42c7875cf041.webp,55,no_object
42c7875cf041.webp,56,no_object
42c7875cf041.webp,57,no_object
42c7875cf041.webp,58,no_object
42c7875cf041.webp,59,no_object
42c7875cf041.webp,60,no_object
42c7875cf041.webp,61,no_object
42c7875cf041.webp,62,no_object
42c7875cf041.webp,63,no_object
42c7875cf041.webp,64,no_object
4be27e4e1e76.webp,1,no_object
4be27e4e1e76.webp,2,no_object
4be27e4e1e76.webp,3,no_object
4be27e4e1e76.webp,4,no_object
4be27e4e1e76.webp,5,no_object
4be27e4e1e76.webp,6,no_object
4be27e4e1e76.webp,7,no_object
4be27e4e1e76.webp,8,no_object
4be27e4e1e76.webp,9,no_object
4be27e4e1e76.webp,10,no_object
4be27e4e1e76.webp,11,no_object
4be27e4e1e76.webp,12,no_object
4be27e4e1e76.webp,13,no_object
4be27e4e1e76.webp,14,no_object
4be27e4e1e76.webp,15,no_object
4be27e4e1e76.webp,16,no_object
4be27e4e1e76.webp,17,no_object
4be27e4e1e76.webp,18,no_object
4be27e4e1e76.webp,19,no_object
4be27e4e1e76.webp,20,no_object
4be27e4e1e76.webp,21,no_object
4be27e4e1e76.webp,22,bat
4be27e4e1e76.webp,23,no_object
4be27e4e1e76.webp,24,no_object
4be27e4e1e76.webp,25,no_object
4be27e4e1e76.webp,26,no_object
4be27e4e1e76.webp,27,no_object
4be27e4e1e76.webp,28,no_object
4be27e4e1e76.webp,29,bat
4be27e4e1e76.webp,30,bat
4be27e4e1e76.webp,31,no_object
4be27e4e1e76.webp,32,no_object
4be27e4e1e76.webp,33,no_object
4be27e4e1e76.webp,34,no_object
4be27e4e1e76.webp,35,no_object
4be27e4e1e76.webp,36,stump
4be27e4e1e76.webp,37,no_object
4be27e4e1e76.webp,38,no_object
4be27e4e1e76.webp,39,no_object
4be27e4e1e76.webp,40,no_object
4be27e4e1e76.webp,41,no_object
4be27e4e1e76.webp,42,no_object
4be27e4e1e76.webp,43,no_object
4be27e4e1e76.webp,44,stump
4be27e4e1e76.webp,45,no_object
4be27e4e1e76.webp,46,no_object
4be27e4e1e76.webp,47,no_object
4be27e4e1e76.webp,48,no_object
4be27e4e1e76.webp,49,no_object
4be27e4e1e76.webp,50,no_object
4be27e4e1e76.webp,51,no_object
4be27e4e1e76.webp,52,stump
4be27e4e1e76.webp,53,no_object
4be27e4e1e76.webp,54,no_object
4be27e4e1e76.webp,55,no_object
4be27e4e1e76.webp,56,no_object
4be27e4e1e76.webp,57,no_object
4be27e4e1e76.webp,58,no_object
4be27e4e1e76.webp,59,no_object
4be27e4e1e76.webp,60,stump
4be27e4e1e76.webp,61,no_object
4be27e4e1e76.webp,62,no_object
4be27e4e1e76.webp,63,no_object
4be27e4e1e76.webp,64,no_object
55f14ed389b2.webp,1,no_object
55f14ed389b2.webp,2,no_object
55f14ed389b2.webp,3,no_object
55f14ed389b2.webp,4,no_object
55f14ed389b2.webp,5,no_object
55f14ed389b2.webp,6,no_object
55f14ed389b2.webp,7,no_object
55f14ed389b2.webp,8,no_object
55f14ed389b2.webp,9,no_object
55f14ed389b2.webp,10,no_object
55f14ed389b2.webp,11,no_object
55f14ed389b2.webp,12,no_object
55f14ed389b2.webp,13,no_object
55f14ed389b2.webp,14,no_object
55f14ed389b2.webp,15,no_object
55f14ed389b2.webp,16,no_object
55f14ed389b2.webp,17,no_object
55f14ed389b2.webp,18,no_object
55f14ed389b2.webp,19,no_object
55f14ed389b2.webp,20,no_object
55f14ed389b2.webp,21,no_object
55f14ed389b2.webp,22,no_object
55f14ed389b2.webp,23,no_object
55f14ed389b2.webp,24,no_object
55f14ed389b2.webp,25,no_object
55f14ed389b2.webp,26,no_object
55f14ed389b2.webp,27,bat
55f14ed389b2.webp,28,no_object
55f14ed389b2.webp,29,no_object
55f14ed389b2.webp,30,no_object
55f14ed389b2.webp,31,no_object
55f14ed389b2.webp,32,no_object
55f14ed389b2.webp,33,no_object
55f14ed389b2.webp,34,no_object
55f14ed389b2.webp,35,bat
55f14ed389b2.webp,36,bat
55f14ed389b2.webp,37,stump
55f14ed389b2.webp,38,stump
55f14ed389b2.webp,39,no_object
55f14ed389b2.webp,40,no_object
55f14ed389b2.webp,41,no_object
55f14ed389b2.webp,42,no_object
55f14ed389b2.webp,43,bat
55f14ed389b2.webp,44,bat
55f14ed389b2.webp,45,stump
55f14ed389b2.webp,46,stump
55f14ed389b2.webp,47,no_object
55f14ed389b2.webp,48,no_object
55f14ed389b2.webp,49,no_object
55f14ed389b2.webp,50,no_object
55f14ed389b2.webp,51,no_object
55f14ed389b2.webp,52,ball
55f14ed389b2.webp,53,stump
55f14ed389b2.webp,54,stump
55f14ed389b2.webp,55,no_object
55f14ed389b2.webp,56,no_object
55f14ed389b2.webp,57,no_object
55f14ed389b2.webp,58,no_object
55f14ed389b2.webp,59,no_object
55f14ed389b2.webp,60,no_object
55f14ed389b2.webp,61,stump
55f14ed389b2.webp,62,stump
55f14ed389b2.webp,63,no_object
55f14ed389b2.webp,64,no_object
56d519101ca5.webp,1,no_object
56d519101ca5.webp,2,no_object
56d519101ca5.webp,3,no_object
56d519101ca5.webp,4,no_object
56d519101ca5.webp,5,bat
56d519101ca5.webp,6,bat
56d519101ca5.webp,7,no_object
56d519101ca5.webp,8,no_object
56d519101ca5.webp,9,no_object
56d519101ca5.webp,10,no_object
56d519101ca5.webp,11,no_object
56d519101ca5.webp,12,no_object
56d519101ca5.webp,13,bat
56d519101ca5.webp,14,bat
56d519101ca5.webp,15,no_object
56d519101ca5.webp,16,no_object
56d519101ca5.webp,17,no_object
56d519101ca5.webp,18,no_object
56d519101ca5.webp,19,no_object
56d519101ca5.webp,20,no_object
56d519101ca5.webp,21,no_object
56d519101ca5.webp,22,no_object
56d519101ca5.webp,23,no_object
56d519101ca5.webp,24,no_object
56d519101ca5.webp,25,no_object
56d519101ca5.webp,26,no_object
56d519101ca5.webp,27,no_object
56d519101ca5.webp,28,no_object
56d519101ca5.webp,29,no_object
56d519101ca5.webp,30,no_object
56d519101ca5.webp,31,no_object
56d519101ca5.webp,32,no_object
56d519101ca5.webp,33,no_object
56d519101ca5.webp,34,no_object
56d519101ca5.webp,35,no_object
56d519101ca5.webp,36,no_object
56d519101ca5.webp,37,no_object
56d519101ca5.webp,38,no_object
56d519101ca5.webp,39,no_object
56d519101ca5.webp,40,no_object
56d519101ca5.webp,41,no_object
56d519101ca5.webp,42,no_object
56d519101ca5.webp,43,stump
56d519101ca5.webp,44,stump
56d519101ca5.webp,45,no_object
56d519101ca5.webp,46,no_object
56d519101ca5.webp,47,no_object
56d519101ca5.webp,48,no_object
56d519101ca5.webp,49,no_object
56d519101ca5.webp,50,no_object
56d519101ca5.webp,51,stump
56d519101ca5.webp,52,stump
56d519101ca5.webp,53,no_object
56d519101ca5.webp,54,no_object
56d519101ca5.webp,55,no_object
56d519101ca5.webp,56,no_object
56d519101ca5.webp,57,no_object
56d519101ca5.webp,58,no_object
56d519101ca5.webp,59,stump
56d519101ca5.webp,60,stump
56d519101ca5.webp,61,no_object
56d519101ca5.webp,62,no_object
56d519101ca5.webp,63,no_object
56d519101ca5.webp,64,no_object
58b7cde0485a.webp,1,no_object
58b7cde0485a.webp,2,no_object
58b7cde0485a.webp,3,no_object
58b7cde0485a.webp,4,no_object
58b7cde0485a.webp,5,no_object
58b7cde0485a.webp,6,no_object
58b7cde0485a.webp,7,no_object
58b7cde0485a.webp,8,no_object
58b7cde0485a.webp,9,no_object
58b7cde0485a.webp,10,no_object
58b7cde0485a.webp,11,no_object
58b7cde0485a.webp,12,no_object
58b7cde0485a.webp,13,no_object
58b7cde0485a.webp,14,no_object
58b7cde0485a.webp,15,no_object
58b7cde0485a.webp,16,no_object
58b7cde0485a.webp,17,no_object
58b7cde0485a.webp,18,bat
58b7cde0485a.webp,19,bat
58b7cde0485a.webp,20,bat
58b7cde0485a.webp,21,no_object
58b7cde0485a.webp,22,no_object
58b7cde0485a.webp,23,no_object
58b7cde0485a.webp,24,no_object
58b7cde0485a.webp,25,no_object
58b7cde0485a.webp,26,no_object
58b7cde0485a.webp,27,no_object
58b7cde0485a.webp,28,no_object
58b7cde0485a.webp,29,no_object
58b7cde0485a.webp,30,no_object
58b7cde0485a.webp,31,no_object
58b7cde0485a.webp,32,no_object
58b7cde0485a.webp,33,no_object
58b7cde0485a.webp,34,ball
58b7cde0485a.webp,35,no_object
58b7cde0485a.webp,36,no_object
58b7cde0485a.webp,37,no_object
58b7cde0485a.webp,38,no_object
58b7cde0485a.webp,39,no_object
58b7cde0485a.webp,40,no_object
58b7cde0485a.webp,41,no_object
58b7cde0485a.webp,42,no_object
58b7cde0485a.webp,43,no_object
58b7cde0485a.webp,44,no_object
58b7cde0485a.webp,45,no_object
58b7cde0485a.webp,46,no_object
58b7cde0485a.webp,47,no_object
58b7cde0485a.webp,48,no_object
58b7cde0485a.webp,49,no_object
58b7cde0485a.webp,50,no_object
58b7cde0485a.webp,51,no_object
58b7cde0485a.webp,52,no_object
58b7cde0485a.webp,53,no_object
58b7cde0485a.webp,54,no_object
58b7cde0485a.webp,55,no_object
58b7cde0485a.webp,56,no_object
58b7cde0485a.webp,57,no_object
58b7cde0485a.webp,58,no_object
58b7cde0485a.webp,59,no_object
58b7cde0485a.webp,60,no_object
58b7cde0485a.webp,61,no_object
58b7cde0485a.webp,62,no_object
58b7cde0485a.webp,63,no_object
58b7cde0485a.webp,64,no_object
6116b616c5e1.webp,1,no_object
6116b616c5e1.webp,2,no_object
6116b616c5e1.webp,3,no_object
6116b616c5e1.webp,4,no_object
6116b616c5e1.webp,5,no_object
6116b616c5e1.webp,6,no_object
6116b616c5e1.webp,7,no_object
6116b616c5e1.webp,8,no_object
6116b616c5e1.webp,9,no_object
6116b616c5e1.webp,10,no_object
6116b616c5e1.webp,11,no_object
6116b616c5e1.webp,12,no_object
6116b616c5e1.webp,13,no_object
6116b616c5e1.webp,14,bat
6116b616c5e1.webp,15,no_object
6116b616c5e1.webp,16,no_object
6116b616c5e1.webp,17,no_object
6116b616c5e1.webp,18,no_object
6116b616c5e1.webp,19,no_object
6116b616c5e1.webp,20,no_object
6116b616c5e1.webp,21,no_object
6116b616c5e1.webp,22,bat
6116b616c5e1.webp,23,bat
6116b616c5e1.webp,24,no_object
6116b616c5e1.webp,25,no_object
6116b616c5e1.webp,26,no_object
6116b616c5e1.webp,27,no_object
6116b616c5e1.webp,28,no_object
6116b616c5e1.webp,29,no_object
6116b616c5e1.webp,30,no_object
6116b616c5e1.webp,31,no_object
6116b616c5e1.webp,32,no_object
6116b616c5e1.webp,33,no_object
6116b616c5e1.webp,34,stump
6116b616c5e1.webp,35,stump
6116b616c5e1.webp,36,no_object
6116b616c5e1.webp,37,no_object
6116b616c5e1.webp,38,no_object
6116b616c5e1.webp,39,no_object
6116b616c5e1.webp,40,no_object
6116b616c5e1.webp,41,no_object
6116b616c5e1.webp,42,stump
6116b616c5e1.webp,43,stump
6116b616c5e1.webp,44,no_object
6116b616c5e1.webp,45,no_object
6116b616c5e1.webp,46,no_object
6116b616c5e1.webp,47,no_object
6116b616c5e1.webp,48,no_object
6116b616c5e1.webp,49,no_object
6116b616c5e1.webp,50,stump
6116b616c5e1.webp,51,no_object
6116b616c5e1.webp,52,no_object
6116b616c5e1.webp,53,no_object
6116b616c5e1.webp,54,no_object
6116b616c5e1.webp,55,no_object
6116b616c5e1.webp,56,no_object
6116b616c5e1.webp,57,no_object
6116b616c5e1.webp,58,stump
6116b616c5e1.webp,59,no_object
6116b616c5e1.webp,60,no_object
6116b616c5e1.webp,61,no_object
6116b616c5e1.webp,62,no_object
6116b616c5e1.webp,63,no_object
6116b616c5e1.webp,64,no_object
648ff941aa8f.webp,1,no_object
648ff941aa8f.webp,2,no_object
648ff941aa8f.webp,3,no_object
648ff941aa8f.webp,4,no_object
648ff941aa8f.webp,5,no_object
648ff941aa8f.webp,6,no_object
648ff941aa8f.webp,7,no_object
648ff941aa8f.webp,8,no_object
648ff941aa8f.webp,9,no_object
648ff941aa8f.webp,10,no_object
648ff941aa8f.webp,11,no_object
648ff941aa8f.webp,12,no_object
648ff941aa8f.webp,13,no_object
648ff941aa8f.webp,14,no_object
648ff941aa8f.webp,15,no_object
648ff941aa8f.webp,16,no_object
648ff941aa8f.webp,17,no_object
648ff941aa8f.webp,18,no_object
648ff941aa8f.webp,19,no_object
648ff941aa8f.webp,20,no_object
648ff941aa8f.webp,21,no_object
648ff941aa8f.webp,22,no_object
648ff941aa8f.webp,23,no_object
648ff941aa8f.webp,24,no_object
648ff941aa8f.webp,25,no_object
648ff941aa8f.webp,26,no_object
648ff941aa8f.webp,27,no_object
648ff941aa8f.webp,28,no_object
648ff941aa8f.webp,29,no_object
648ff941aa8f.webp,30,ball
648ff941aa8f.webp,31,no_object
648ff941aa8f.webp,32,no_object
648ff941aa8f.webp,33,no_object
648ff941aa8f.webp,34,no_object
648ff941aa8f.webp,35,no_object
648ff941aa8f.webp,36,no_object
648ff941aa8f.webp,37,no_object
648ff941aa8f.webp,38,no_object
648ff941aa8f.webp,39,no_object
648ff941aa8f.webp,40,no_object
648ff941aa8f.webp,41,no_object
648ff941aa8f.webp,42,no_object
648ff941aa8f.webp,43,no_object
648ff941aa8f.webp,44,no_object
648ff941aa8f.webp,45,stump
648ff941aa8f.webp,46,no_object
648ff941aa8f.webp,47,no_object
648ff941aa8f.webp,48,no_object
648ff941aa8f.webp,49,no_object
648ff941aa8f.webp,50,no_object
648ff941aa8f.webp,51,no_object
648ff941aa8f.webp,52,no_object
648ff941aa8f.webp,53,stump
648ff941aa8f.webp,54,no_object
648ff941aa8f.webp,55,no_object
648ff941aa8f.webp,56,no_object
648ff941aa8f.webp,57,no_object
648ff941aa8f.webp,58,no_object
648ff941aa8f.webp,59,no_object
648ff941aa8f.webp,60,no_object
648ff941aa8f.webp,61,stump
648ff941aa8f.webp,62,no_object
648ff941aa8f.webp,63,no_object
648ff941aa8f.webp,64,no_object
6b5c9f54ab3e.webp,1,no_object
6b5c9f54ab3e.webp,2,no_object
6b5c9f54ab3e.webp,3,no_object
6b5c9f54ab3e.webp,4,bat
6b5c9f54ab3e.webp,5,no_object
6b5c9f54ab3e.webp,6,no_object
6b5c9f54ab3e.webp,7,no_object
6b5c9f54ab3e.webp,8,no_object
6b5c9f54ab3e.webp,9,no_object
6b5c9f54ab3e.webp,10,no_object
6b5c9f54ab3e.webp,11,bat
6b5c9f54ab3e.webp,12,bat
6b5c9f54ab3e.webp,13,no_object
6b5c9f54ab3e.webp,14,no_object
6b5c9f54ab3e.webp,15,no_object
6b5c9f54ab3e.webp,16,no_object
6b5c9f54ab3e.webp,17,no_object
6b5c9f54ab3e.webp,18,no_object
6b5c9f54ab3e.webp,19,no_object
6b5c9f54ab3e.webp,20,no_object
6b5c9f54ab3e.webp,21,no_object
6b5c9f54ab3e.webp,22,no_object
6b5c9f54ab3e.webp,23,no_object
6b5c9f54ab3e.webp,24,no_object
6b5c9f54ab3e.webp,25,no_object
6b5c9f54ab3e.webp,26,no_object
6b5c9f54ab3e.webp,27,no_object
6b5c9f54ab3e.webp,28,no_object
6b5c9f54ab3e.webp,29,no_object
6b5c9f54ab3e.webp,30,no_object
6b5c9f54ab3e.webp,31,no_object
6b5c9f54ab3e.webp,32,no_object
6b5c9f54ab3e.webp,33,no_object
6b5c9f54ab3e.webp,34,no_object
6b5c9f54ab3e.webp,35,no_object
6b5c9f54ab3e.webp,36,no_object
6b5c9f54ab3e.webp,37,no_object
6b5c9f54ab3e.webp,38,no_object
6b5c9f54ab3e.webp,39,no_object
6b5c9f54ab3e.webp,40,no_object
6b5c9f54ab3e.webp,41,no_object
6b5c9f54ab3e.webp,42,no_object
6b5c9f54ab3e.webp,43,no_object
6b5c9f54ab3e.webp,44,no_object
6b5c9f54ab3e.webp,45,no_object
6b5c9f54ab3e.webp,46,no_object
6b5c9f54ab3e.webp,47,no_object
6b5c9f54ab3e.webp,48,stump
6b5c9f54ab3e.webp,49,no_object
6b5c9f54ab3e.webp,50,no_object
6b5c9f54ab3e.webp,51,no_object
6b5c9f54ab3e.webp,52,no_object
6b5c9f54ab3e.webp,53,no_object
6b5c9f54ab3e.webp,54,no_object
6b5c9f54ab3e.webp,55,no_object
6b5c9f54ab3e.webp,56,stump
6b5c9f54ab3e.webp,57,no_object
6b5c9f54ab3e.webp,58,no_object
6b5c9f54ab3e.webp,59,no_object
6b5c9f54ab3e.webp,60,no_object
6b5c9f54ab3e.webp,61,no_object
6b5c9f54ab3e.webp,62,no_object
6b5c9f54ab3e.webp,63,no_object
6b5c9f54ab3e.webp,64,stump
7101160395018349873_n.jpg,1,no_object
7101160395018349873_n.jpg,2,no_object
7101160395018349873_n.jpg,3,no_object
7101160395018349873_n.jpg,4,ball
7101160395018349873_n.jpg,5,no_object
7101160395018349873_n.jpg,6,no_object
7101160395018349873_n.jpg,7,no_object
7101160395018349873_n.jpg,8,no_object
7101160395018349873_n.jpg,9,no_object
7101160395018349873_n.jpg,10,no_object
7101160395018349873_n.jpg,11,no_object
7101160395018349873_n.jpg,12,no_object
7101160395018349873_n.jpg,13,no_object
7101160395018349873_n.jpg,14,no_object
7101160395018349873_n.jpg,15,no_object
7101160395018349873_n.jpg,16,no_object
7101160395018349873_n.jpg,17,no_object
7101160395018349873_n.jpg,18,no_object
7101160395018349873_n.jpg,19,no_object
7101160395018349873_n.jpg,20,no_object
7101160395018349873_n.jpg,21,no_object
7101160395018349873_n.jpg,22,no_object
7101160395018349873_n.jpg,23,no_object
7101160395018349873_n.jpg,24,no_object
7101160395018349873_n.jpg,25,no_object
7101160395018349873_n.jpg,26,no_object
7101160395018349873_n.jpg,27,no_object
7101160395018349873_n.jpg,28,no_object
7101160395018349873_n.jpg,29,no_object
7101160395018349873_n.jpg,30,no_object
7101160395018349873_n.jpg,31,no_object
7101160395018349873_n.jpg,32,no_object
7101160395018349873_n.jpg,33,no_object
7101160395018349873_n.jpg,34,no_object
7101160395018349873_n.jpg,35,no_object
7101160395018349873_n.jpg,36,no_object
7101160395018349873_n.jpg,37,no_object
7101160395018349873_n.jpg,38,no_object
7101160395018349873_n.jpg,39,no_object
7101160395018349873_n.jpg,40,no_object
7101160395018349873_n.jpg,41,no_object
7101160395018349873_n.jpg,42,no_object
7101160395018349873_n.jpg,43,no_object
7101160395018349873_n.jpg,44,no_object
7101160395018349873_n.jpg,45,no_object
7101160395018349873_n.jpg,46,no_object
7101160395018349873_n.jpg,47,no_object
7101160395018349873_n.jpg,48,no_object
7101160395018349873_n.jpg,49,no_object
7101160395018349873_n.jpg,50,no_object
7101160395018349873_n.jpg,51,no_object
7101160395018349873_n.jpg,52,no_object
7101160395018349873_n.jpg,53,no_object
7101160395018349873_n.jpg,54,no_object
7101160395018349873_n.jpg,55,no_object
7101160395018349873_n.jpg,56,no_object
7101160395018349873_n.jpg,57,no_object
7101160395018349873_n.jpg,58,no_object
7101160395018349873_n.jpg,59,no_object
7101160395018349873_n.jpg,60,no_object
7101160395018349873_n.jpg,61,no_object
7101160395018349873_n.jpg,62,no_object
7101160395018349873_n.jpg,63,no_object
7101160395018349873_n.jpg,64,no_object
82c3ea87e047.jpg,1,no_object
82c3ea87e047.jpg,2,no_object
82c3ea87e047.jpg,3,no_object
82c3ea87e047.jpg,4,no_object
82c3ea87e047.jpg,5,no_object
82c3ea87e047.jpg,6,no_object
82c3ea87e047.jpg,7,no_object
82c3ea87e047.jpg,8,no_object
82c3ea87e047.jpg,9,no_object
82c3ea87e047.jpg,10,no_object
82c3ea87e047.jpg,11,no_object
82c3ea87e047.jpg,12,no_object
82c3ea87e047.jpg,13,no_object
82c3ea87e047.jpg,14,no_object
82c3ea87e047.jpg,15,no_object
82c3ea87e047.jpg,16,no_object
82c3ea87e047.jpg,17,no_object
82c3ea87e047.jpg,18,no_object
82c3ea87e047.jpg,19,no_object
82c3ea87e047.jpg,20,no_object
82c3ea87e047.jpg,21,no_object
82c3ea87e047.jpg,22,no_object
82c3ea87e047.jpg,23,no_object
82c3ea87e047.jpg,24,no_object
82c3ea87e047.jpg,25,no_object
82c3ea87e047.jpg,26,no_object
82c3ea87e047.jpg,27,no_object
82c3ea87e047.jpg,28,no_object
82c3ea87e047.jpg,29,no_object
82c3ea87e047.jpg,30,no_object
82c3ea87e047.jpg,31,no_object
82c3ea87e047.jpg,32,no_object
82c3ea87e047.jpg,33,no_object
82c3ea87e047.jpg,34,no_object
82c3ea87e047.jpg,35,no_object
82c3ea87e047.jpg,36,no_object
82c3ea87e047.jpg,37,no_object
82c3ea87e047.jpg,38,no_object
82c3ea87e047.jpg,39,no_object
82c3ea87e047.jpg,40,no_object
82c3ea87e047.jpg,41,no_object
82c3ea87e047.jpg,42,no_object
82c3ea87e047.jpg,43,no_object
82c3ea87e047.jpg,44,no_object
82c3ea87e047.jpg,45,no_object
82c3ea87e047.jpg,46,no_object
82c3ea87e047.jpg,47,no_object
82c3ea87e047.jpg,48,no_object
82c3ea87e047.jpg,49,bat
82c3ea87e047.jpg,50,bat
82c3ea87e047.jpg,51,bat
82c3ea87e047.jpg,52,no_object
82c3ea87e047.jpg,53,no_object
82c3ea87e047.jpg,54,no_object
82c3ea87e047.jpg,55,no_object
82c3ea87e047.jpg,56,no_object
82c3ea87e047.jpg,57,no_object
82c3ea87e047.jpg,58,no_object
82c3ea87e047.jpg,59,no_object
82c3ea87e047.jpg,60,no_object
82c3ea87e047.jpg,61,no_object
82c3ea87e047.jpg,62,no_object
82c3ea87e047.jpg,63,no_object
82c3ea87e047.jpg,64,no_object
83e24127dd74.webp,1,no_object
83e24127dd74.webp,2,no_object
83e24127dd74.webp,3,no_object
83e24127dd74.webp,4,no_object
83e24127dd74.webp,5,no_object
83e24127dd74.webp,6,no_object
83e24127dd74.webp,7,no_object
83e24127dd74.webp,8,no_object
83e24127dd74.webp,9,no_object
83e24127dd74.webp,10,bat
83e24127dd74.webp,11,no_object
83e24127dd74.webp,12,no_object
83e24127dd74.webp,13,no_object
83e24127dd74.webp,14,no_object
83e24127dd74.webp,15,ball
83e24127dd74.webp,16,no_object
83e24127dd74.webp,17,no_object
83e24127dd74.webp,18,bat
83e24127dd74.webp,19,bat
83e24127dd74.webp,20,no_object
83e24127dd74.webp,21,no_object
83e24127dd74.webp,22,no_object
83e24127dd74.webp,23,ball
83e24127dd74.webp,24,no_object
83e24127dd74.webp,25,no_object
83e24127dd74.webp,26,no_object
83e24127dd74.webp,27,no_object
83e24127dd74.webp,28,no_object
83e24127dd74.webp,29,no_object
83e24127dd74.webp,30,no_object
83e24127dd74.webp,31,no_object
83e24127dd74.webp,32,no_object
83e24127dd74.webp,33,no_object
83e24127dd74.webp,34,no_object
83e24127dd74.webp,35,no_object
83e24127dd74.webp,36,no_object
83e24127dd74.webp,37,stump
83e24127dd74.webp,38,stump
83e24127dd74.webp,39,no_object
83e24127dd74.webp,40,no_object
83e24127dd74.webp,41,no_object
83e24127dd74.webp,42,no_object
83e24127dd74.webp,43,no_object
83e24127dd74.webp,44,no_object
83e24127dd74.webp,45,stump
83e24127dd74.webp,46,stump
83e24127dd74.webp,47,no_object
83e24127dd74.webp,48,no_object
83e24127dd74.webp,49,no_object
83e24127dd74.webp,50,no_object
83e24127dd74.webp,51,no_object
83e24127dd74.webp,52,no_object
83e24127dd74.webp,53,stump
83e24127dd74.webp,54,stump
83e24127dd74.webp,55,no_object
83e24127dd74.webp,56,no_object
83e24127dd74.webp,57,no_object
83e24127dd74.webp,58,no_object
83e24127dd74.webp,59,no_object
83e24127dd74.webp,60,no_object
83e24127dd74.webp,61,stump
83e24127dd74.webp,62,stump
83e24127dd74.webp,63,no_object
83e24127dd74.webp,64,no_object
840dc4492117.webp,1,no_object
840dc4492117.webp,2,no_object
840dc4492117.webp,3,no_object
840dc4492117.webp,4,bat
840dc4492117.webp,5,no_object
840dc4492117.webp,6,no_object
840dc4492117.webp,7,no_object
840dc4492117.webp,8,no_object
840dc4492117.webp,9,no_object
840dc4492117.webp,10,no_object
840dc4492117.webp,11,no_object
840dc4492117.webp,12,bat
840dc4492117.webp,13,bat
840dc4492117.webp,14,no_object
840dc4492117.webp,15,no_object
840dc4492117.webp,16,no_object
840dc4492117.webp,17,no_object
840dc4492117.webp,18,no_object
840dc4492117.webp,19,no_object
840dc4492117.webp,20,no_object
840dc4492117.webp,21,no_object
840dc4492117.webp,22,no_object
840dc4492117.webp,23,no_object
840dc4492117.webp,24,no_object
840dc4492117.webp,25,no_object
840dc4492117.webp,26,no_object
840dc4492117.webp,27,no_object
840dc4492117.webp,28,no_object
840dc4492117.webp,29,no_object
840dc4492117.webp,30,no_object
840dc4492117.webp,31,no_object
840dc4492117.webp,32,no_object
840dc4492117.webp,33,no_object
840dc4492117.webp,34,no_object
840dc4492117.webp,35,no_object
840dc4492117.webp,36,no_object
840dc4492117.webp,37,no_object
840dc4492117.webp,38,no_object
840dc4492117.webp,39,no_object
840dc4492117.webp,40,no_object
840dc4492117.webp,41,no_object
840dc4492117.webp,42,stump
840dc4492117.webp,43,stump
840dc4492117.webp,44,no_object
840dc4492117.webp,45,no_object
840dc4492117.webp,46,no_object
840dc4492117.webp,47,no_object
840dc4492117.webp,48,no_object
840dc4492117.webp,49,no_object
840dc4492117.webp,50,stump
840dc4492117.webp,51,stump
840dc4492117.webp,52,no_object
840dc4492117.webp,53,no_object
840dc4492117.webp,54,no_object
840dc4492117.webp,55,no_object
840dc4492117.webp,56,no_object
840dc4492117.webp,57,no_object
840dc4492117.webp,58,stump
840dc4492117.webp,59,stump
840dc4492117.webp,60,no_object
840dc4492117.webp,61,no_object
840dc4492117.webp,62,no_object
840dc4492117.webp,63,no_object
840dc4492117.webp,64,no_object
897hdfhg63.jpg,1,no_object
897hdfhg63.jpg,2,no_object
897hdfhg63.jpg,3,no_object
897hdfhg63.jpg,4,no_object
897hdfhg63.jpg,5,bat
897hdfhg63.jpg,6,no_object
897hdfhg63.jpg,7,no_object
897hdfhg63.jpg,8,no_object
897hdfhg63.jpg,9,no_object
897hdfhg63.jpg,10,no_object
897hdfhg63.jpg,11,no_object
897hdfhg63.jpg,12,no_object
897hdfhg63.jpg,13,no_object
897hdfhg63.jpg,14,no_object
897hdfhg63.jpg,15,no_object
897hdfhg63.jpg,16,no_object
897hdfhg63.jpg,17,no_object
897hdfhg63.jpg,18,no_object
897hdfhg63.jpg,19,no_object
897hdfhg63.jpg,20,no_object
897hdfhg63.jpg,21,no_object
897hdfhg63.jpg,22,no_object
897hdfhg63.jpg,23,no_object
897hdfhg63.jpg,24,no_object
897hdfhg63.jpg,25,no_object
897hdfhg63.jpg,26,no_object
897hdfhg63.jpg,27,no_object
897hdfhg63.jpg,28,no_object
897hdfhg63.jpg,29,no_object
897hdfhg63.jpg,30,no_object
897hdfhg63.jpg,31,no_object
897hdfhg63.jpg,32,no_object
897hdfhg63.jpg,33,no_object
897hdfhg63.jpg,34,no_object
897hdfhg63.jpg,35,no_object
897hdfhg63.jpg,36,no_object
897hdfhg63.jpg,37,no_object
897hdfhg63.jpg,38,no_object
897hdfhg63.jpg,39,no_object
897hdfhg63.jpg,40,no_object
897hdfhg63.jpg,41,no_object
897hdfhg63.jpg,42,no_object
897hdfhg63.jpg,43,no_object
897hdfhg63.jpg,44,stump
897hdfhg63.jpg,45,no_object
897hdfhg63.jpg,46,no_object
897hdfhg63.jpg,47,no_object
897hdfhg63.jpg,48,no_object
897hdfhg63.jpg,49,no_object
897hdfhg63.jpg,50,no_object
897hdfhg63.jpg,51,no_object
897hdfhg63.jpg,52,stump
897hdfhg63.jpg,53,no_object
897hdfhg63.jpg,54,no_object
897hdfhg63.jpg,55,no_object
897hdfhg63.jpg,56,no_object
897hdfhg63.jpg,57,no_object
897hdfhg63.jpg,58,no_object
897hdfhg63.jpg,59,no_object
897hdfhg63.jpg,60,stump
897hdfhg63.jpg,61,stump
897hdfhg63.jpg,62,no_object
897hdfhg63.jpg,63,no_object
897hdfhg63.jpg,64,no_object
93f64520a55f.webp,1,no_object
93f64520a55f.webp,2,no_object
93f64520a55f.webp,3,no_object
93f64520a55f.webp,4,no_object
93f64520a55f.webp,5,no_object
93f64520a55f.webp,6,no_object
93f64520a55f.webp,7,no_object
93f64520a55f.webp,8,no_object
93f64520a55f.webp,9,no_object
93f64520a55f.webp,10,no_object
93f64520a55f.webp,11,no_object
93f64520a55f.webp,12,no_object
93f64520a55f.webp,13,no_object
93f64520a55f.webp,14,no_object
93f64520a55f.webp,15,no_object
93f64520a55f.webp,16,no_object
93f64520a55f.webp,17,no_object
93f64520a55f.webp,18,no_object
93f64520a55f.webp,19,no_object
93f64520a55f.webp,20,no_object
93f64520a55f.webp,21,bat
93f64520a55f.webp,22,no_object
93f64520a55f.webp,23,no_object
93f64520a55f.webp,24,no_object
93f64520a55f.webp,25,no_object
93f64520a55f.webp,26,no_object
93f64520a55f.webp,27,no_object
93f64520a55f.webp,28,no_object
93f64520a55f.webp,29,bat
93f64520a55f.webp,30,bat
93f64520a55f.webp,31,no_object
93f64520a55f.webp,32,no_object
93f64520a55f.webp,33,ball
93f64520a55f.webp,34,no_object
93f64520a55f.webp,35,no_object
93f64520a55f.webp,36,stump
93f64520a55f.webp,37,no_object
93f64520a55f.webp,38,bat
93f64520a55f.webp,39,no_object
93f64520a55f.webp,40,no_object
93f64520a55f.webp,41,no_object
93f64520a55f.webp,42,no_object
93f64520a55f.webp,43,no_object
93f64520a55f.webp,44,stump
93f64520a55f.webp,45,no_object
93f64520a55f.webp,46,no_object
93f64520a55f.webp,47,no_object
93f64520a55f.webp,48,no_object
93f64520a55f.webp,49,no_object
93f64520a55f.webp,50,no_object
93f64520a55f.webp,51,no_object
93f64520a55f.webp,52,stump
93f64520a55f.webp,53,no_object
93f64520a55f.webp,54,no_object
93f64520a55f.webp,55,no_object
93f64520a55f.webp,56,no_object
93f64520a55f.webp,57,no_object
93f64520a55f.webp,58,no_object
93f64520a55f.webp,59,no_object
93f64520a55f.webp,60,no_object
93f64520a55f.webp,61,no_object
93f64520a55f.webp,62,no_object
93f64520a55f.webp,63,no_object
93f64520a55f.webp,64,no_object
94874c4f57b0.webp,1,no_object
94874c4f57b0.webp,2,no_object
94874c4f57b0.webp,3,no_object
94874c4f57b0.webp,4,no_object
94874c4f57b0.webp,5,no_object
94874c4f57b0.webp,6,no_object
94874c4f57b0.webp,7,no_object
94874c4f57b0.webp,8,no_object
94874c4f57b0.webp,9,no_object
94874c4f57b0.webp,10,no_object
94874c4f57b0.webp,11,no_object
94874c4f57b0.webp,12,no_object
94874c4f57b0.webp,13,no_object
94874c4f57b0.webp,14,no_object
94874c4f57b0.webp,15,no_object
94874c4f57b0.webp,16,no_object
94874c4f57b0.webp,17,no_object
94874c4f57b0.webp,18,no_object
94874c4f57b0.webp,19,no_object
94874c4f57b0.webp,20,no_object
94874c4f57b0.webp,21,no_object
94874c4f57b0.webp,22,no_object
94874c4f57b0.webp,23,no_object
94874c4f57b0.webp,24,no_object
94874c4f57b0.webp,25,no_object
94874c4f57b0.webp,26,no_object
94874c4f57b0.webp,27,no_object
94874c4f57b0.webp,28,no_object
94874c4f57b0.webp,29,no_object
94874c4f57b0.webp,30,no_object
94874c4f57b0.webp,31,no_object
94874c4f57b0.webp,32,no_object
94874c4f57b0.webp,33,no_object
94874c4f57b0.webp,34,no_object
94874c4f57b0.webp,35,no_object
94874c4f57b0.webp,36,no_object
94874c4f57b0.webp,37,no_object
94874c4f57b0.webp,38,no_object
94874c4f57b0.webp,39,no_object
94874c4f57b0.webp,40,no_object
94874c4f57b0.webp,41,no_object
94874c4f57b0.webp,42,no_object
94874c4f57b0.webp,43,bat
94874c4f57b0.webp,44,bat
94874c4f57b0.webp,45,no_object
94874c4f57b0.webp,46,no_object
94874c4f57b0.webp,47,no_object
94874c4f57b0.webp,48,no_object
94874c4f57b0.webp,49,no_object
94874c4f57b0.webp,50,no_object
94874c4f57b0.webp,51,no_object
94874c4f57b0.webp,52,bat
94874c4f57b0.webp,53,no_object
94874c4f57b0.webp,54,no_object
94874c4f57b0.webp,55,no_object
94874c4f57b0.webp,56,no_object
94874c4f57b0.webp,57,no_object
94874c4f57b0.webp,58,no_object
94874c4f57b0.webp,59,no_object
94874c4f57b0.webp,60,no_object
94874c4f57b0.webp,61,no_object
94874c4f57b0.webp,62,no_object
94874c4f57b0.webp,63,no_object
94874c4f57b0.webp,64,no_object
96506ea665d3.webp,1,no_object
96506ea665d3.webp,2,no_object
96506ea665d3.webp,3,no_object
96506ea665d3.webp,4,no_object
96506ea665d3.webp,5,no_object
96506ea665d3.webp,6,no_object
96506ea665d3.webp,7,no_object
96506ea665d3.webp,8,no_object
96506ea665d3.webp,9,no_object
96506ea665d3.webp,10,no_object
96506ea665d3.webp,11,no_object
96506ea665d3.webp,12,no_object
96506ea665d3.webp,13,no_object
96506ea665d3.webp,14,no_object
96506ea665d3.webp,15,no_object
96506ea665d3.webp,16,no_object
96506ea665d3.webp,17,no_object
96506ea665d3.webp,18,no_object
96506ea665d3.webp,19,no_object
96506ea665d3.webp,20,no_object
96506ea665d3.webp,21,no_object
96506ea665d3.webp,22,no_object
96506ea665d3.webp,23,no_object
96506ea665d3.webp,24,no_object
96506ea665d3.webp,25,no_object
96506ea665d3.webp,26,bat
96506ea665d3.webp,27,bat
96506ea665d3.webp,28,no_object
96506ea665d3.webp,29,no_object
96506ea665d3.webp,30,no_object
96506ea665d3.webp,31,no_object
96506ea665d3.webp,32,no_object
96506ea665d3.webp,33,no_object
96506ea665d3.webp,34,no_object
96506ea665d3.webp,35,no_object
96506ea665d3.webp,36,no_object
96506ea665d3.webp,37,no_object
96506ea665d3.webp,38,stump
96506ea665d3.webp,39,stump
96506ea665d3.webp,40,no_object
96506ea665d3.webp,41,no_object
96506ea665d3.webp,42,no_object
96506ea665d3.webp,43,no_object
96506ea665d3.webp,44,no_object
96506ea665d3.webp,45,no_object
96506ea665d3.webp,46,stump
96506ea665d3.webp,47,stump
96506ea665d3.webp,48,no_object
96506ea665d3.webp,49,no_object
96506ea665d3.webp,50,no_object
96506ea665d3.webp,51,no_object
96506ea665d3.webp,52,no_object
96506ea665d3.webp,53,no_object
96506ea665d3.webp,54,stump
96506ea665d3.webp,55,stump
96506ea665d3.webp,56,no_object
96506ea665d3.webp,57,no_object
96506ea665d3.webp,58,no_object
96506ea665d3.webp,59,no_object
96506ea665d3.webp,60,no_object
96506ea665d3.webp,61,no_object
96506ea665d3.webp,62,stump
96506ea665d3.webp,63,stump
96506ea665d3.webp,64,no_object
9b5b9947e376.webp,1,no_object
9b5b9947e376.webp,2,no_object
9b5b9947e376.webp,3,no_object
9b5b9947e376.webp,4,no_object
9b5b9947e376.webp,5,no_object
9b5b9947e376.webp,6,no_object
9b5b9947e376.webp,7,ball
9b5b9947e376.webp,8,no_object
9b5b9947e376.webp,9,no_object
9b5b9947e376.webp,10,no_object
9b5b9947e376.webp,11,no_object
9b5b9947e376.webp,12,no_object
9b5b9947e376.webp,13,no_object
9b5b9947e376.webp,14,no_object
9b5b9947e376.webp,15,no_object
9b5b9947e376.webp,16,no_object
9b5b9947e376.webp,17,no_object
9b5b9947e376.webp,18,no_object
9b5b9947e376.webp,19,no_object
9b5b9947e376.webp,20,no_object
9b5b9947e376.webp,21,no_object
9b5b9947e376.webp,22,no_object
9b5b9947e376.webp,23,no_object
9b5b9947e376.webp,24,no_object
9b5b9947e376.webp,25,no_object
9b5b9947e376.webp,26,no_object
9b5b9947e376.webp,27,no_object
9b5b9947e376.webp,28,no_object
9b5b9947e376.webp,29,no_object
9b5b9947e376.webp,30,no_object
9b5b9947e376.webp,31,no_object
9b5b9947e376.webp,32,no_object
9b5b9947e376.webp,33,no_object
9b5b9947e376.webp,34,no_object
9b5b9947e376.webp,35,no_object
9b5b9947e376.webp,36,no_object
9b5b9947e376.webp,37,no_object
9b5b9947e376.webp,38,no_object
9b5b9947e376.webp,39,no_object
9b5b9947e376.webp,40,no_object
9b5b9947e376.webp,41,no_object
9b5b9947e376.webp,42,no_object
9b5b9947e376.webp,43,no_object
9b5b9947e376.webp,44,no_object
9b5b9947e376.webp,45,no_object
9b5b9947e376.webp,46,no_object
9b5b9947e376.webp,47,no_object
9b5b9947e376.webp,48,no_object
9b5b9947e376.webp,49,no_object
9b5b9947e376.webp,50,no_object
9b5b9947e376.webp,51,no_object
9b5b9947e376.webp,52,no_object
9b5b9947e376.webp,53,no_object
9b5b9947e376.webp,54,no_object
9b5b9947e376.webp,55,no_object
9b5b9947e376.webp,56,no_object
9b5b9947e376.webp,57,no_object
9b5b9947e376.webp,58,no_object
9b5b9947e376.webp,59,no_object
9b5b9947e376.webp,60,no_object
9b5b9947e376.webp,61,no_object
9b5b9947e376.webp,62,no_object
9b5b9947e376.webp,63,no_object
9b5b9947e376.webp,64,no_object
Bumrah.jpg,1,no_object
Bumrah.jpg,2,no_object
Bumrah.jpg,3,no_object
Bumrah.jpg,4,bat
Bumrah.jpg,5,bat
Bumrah.jpg,6,no_object
Bumrah.jpg,7,no_object
Bumrah.jpg,8,no_object
Bumrah.jpg,9,no_object
Bumrah.jpg,10,no_object
Bumrah.jpg,11,no_object
Bumrah.jpg,12,no_object
Bumrah.jpg,13,no_object
Bumrah.jpg,14,no_object
Bumrah.jpg,15,no_object
Bumrah.jpg,16,no_object
Bumrah.jpg,17,no_object
Bumrah.jpg,18,no_object
Bumrah.jpg,19,no_object
Bumrah.jpg,20,no_object
Bumrah.jpg,21,no_object
Bumrah.jpg,22,no_object
Bumrah.jpg,23,no_object
Bumrah.jpg,24,no_object
Bumrah.jpg,25,no_object
Bumrah.jpg,26,no_object
Bumrah.jpg,27,no_object
Bumrah.jpg,28,no_object
Bumrah.jpg,29,no_object
Bumrah.jpg,30,no_object
Bumrah.jpg,31,no_object
Bumrah.jpg,32,no_object
Bumrah.jpg,33,no_object
Bumrah.jpg,34,stump
Bumrah.jpg,35,no_object
Bumrah.jpg,36,no_object
Bumrah.jpg,37,no_object
Bumrah.jpg,38,no_object
Bumrah.jpg,39,no_object
Bumrah.jpg,40,no_object
Bumrah.jpg,41,ball
Bumrah.jpg,42,stump
Bumrah.jpg,43,no_object
Bumrah.jpg,44,no_object
Bumrah.jpg,45,no_object
Bumrah.jpg,46,no_object
Bumrah.jpg,47,no_object
Bumrah.jpg,48,no_object
Bumrah.jpg,49,ball
Bumrah.jpg,50,stump
Bumrah.jpg,51,no_object
Bumrah.jpg,52,no_object
Bumrah.jpg,53,no_object
Bumrah.jpg,54,no_object
Bumrah.jpg,55,no_object
Bumrah.jpg,56,no_object
Bumrah.jpg,57,no_object
Bumrah.jpg,58,no_object
Bumrah.jpg,59,no_object
Bumrah.jpg,60,no_object
Bumrah.jpg,61,no_object
Bumrah.jpg,62,no_object
Bumrah.jpg,63,no_object
Bumrah.jpg,64,no_object
GlennPhillips.webp,1,no_object
GlennPhillips.webp,2,no_object
GlennPhillips.webp,3,no_object
GlennPhillips.webp,4,no_object
GlennPhillips.webp,5,no_object
GlennPhillips.webp,6,no_object
GlennPhillips.webp,7,no_object
GlennPhillips.webp,8,no_object
GlennPhillips.webp,9,no_object
GlennPhillips.webp,10,no_object
GlennPhillips.webp,11,no_object
GlennPhillips.webp,12,no_object
GlennPhillips.webp,13,no_object
GlennPhillips.webp,14,no_object
GlennPhillips.webp,15,no_object
GlennPhillips.webp,16,no_object
GlennPhillips.webp,17,no_object
GlennPhillips.webp,18,no_object
GlennPhillips.webp,19,no_object
GlennPhillips.webp,20,no_object
GlennPhillips.webp,21,no_object
GlennPhillips.webp,22,no_object
GlennPhillips.webp,23,no_object
GlennPhillips.webp,24,no_object
GlennPhillips.webp,25,no_object
GlennPhillips.webp,26,no_object
GlennPhillips.webp,27,no_object
GlennPhillips.webp,28,no_object
GlennPhillips.webp,29,no_object
GlennPhillips.webp,30,no_object
GlennPhillips.webp,31,no_object
GlennPhillips.webp,32,no_object
GlennPhillips.webp,33,no_object
GlennPhillips.webp,34,no_object
GlennPhillips.webp,35,no_object
GlennPhillips.webp,36,no_object
GlennPhillips.webp,37,no_object
GlennPhillips.webp,38,no_object
GlennPhillips.webp,39,no_object
GlennPhillips.webp,40,no_object
GlennPhillips.webp,41,no_object
GlennPhillips.webp,42,no_object
GlennPhillips.webp,43,no_object
GlennPhillips.webp,44,no_object
GlennPhillips.webp,45,no_object
GlennPhillips.webp,46,no_object
GlennPhillips.webp,47,no_object
GlennPhillips.webp,48,no_object
GlennPhillips.webp,49,no_object
GlennPhillips.webp,50,no_object
GlennPhillips.webp,51,no_object
GlennPhillips.webp,52,no_object
GlennPhillips.webp,53,no_object
GlennPhillips.webp,54,no_object
GlennPhillips.webp,55,no_object
GlennPhillips.webp,56,no_object
GlennPhillips.webp,57,no_object
GlennPhillips.webp,58,no_object
GlennPhillips.webp,59,no_object
GlennPhillips.webp,60,no_object
GlennPhillips.webp,61,no_object
GlennPhillips.webp,62,no_object
GlennPhillips.webp,63,no_object
GlennPhillips.webp,64,ball
HTYXVQYE2FM57N3OZUZPXT2D7Y.jpg,1,no_object
HTYXVQYE2FM57N3OZUZPXT2D7Y.jpg,2,no_object
HTYXVQYE2FM57N3OZUZPXT2D7Y.jpg,3,no_object
HTYXVQYE2FM57N3OZUZPXT2D7Y.jpg,4,no_object
HTYXVQYE2FM57N3OZUZPXT2D7Y.jpg,5,no_object
HTYXVQYE2FM57N3OZUZPXT2D7Y.jpg,6,no_object
HTYXVQYE2FM57N3OZUZPXT2D7Y.jpg,7,no_object
HTYXVQYE2FM57N3OZUZPXT2D7Y.jpg,8,no_object
HTYXVQYE2FM57N3OZUZPXT2D7Y.jpg,9,no_object
HTYXVQYE2FM57N3OZUZPXT2D7Y.jpg,10,no_object
HTYXVQYE2FM57N3OZUZPXT2D7Y.jpg,11,no_object
HTYXVQYE2FM57N3OZUZPXT2D7Y.jpg,12,no_object
HTYXVQYE2FM57N3OZUZPXT2D7Y.jpg,13,no_object
HTYXVQYE2FM57N3OZUZPXT2D7Y.jpg,14,ball
HTYXVQYE2FM57N3OZUZPXT2D7Y.jpg,15,ball
HTYXVQYE2FM57N3OZUZPXT2D7Y.jpg,16,no_object
HTYXVQYE2FM57N3OZUZPXT2D7Y.jpg,17,no_object
HTYXVQYE2FM57N3OZUZPXT2D7Y.jpg,18,no_object
HTYXVQYE2FM57N3OZUZPXT2D7Y.jpg,19,no_object
HTYXVQYE2FM57N3OZUZPXT2D7Y.jpg,20,no_object
HTYXVQYE2FM57N3OZUZPXT2D7Y.jpg,21,no_object
HTYXVQYE2FM57N3OZUZPXT2D7Y.jpg,22,no_object
HTYXVQYE2FM57N3OZUZPXT2D7Y.jpg,23,no_object
HTYXVQYE2FM57N3OZUZPXT2D7Y.jpg,24,no_object
HTYXVQYE2FM57N3OZUZPXT2D7Y.jpg,25,no_object
HTYXVQYE2FM57N3OZUZPXT2D7Y.jpg,26,no_object
HTYXVQYE2FM57N3OZUZPXT2D7Y.jpg,27,no_object
HTYXVQYE2FM57N3OZUZPXT2D7Y.jpg,28,no_object
HTYXVQYE2FM57N3OZUZPXT2D7Y.jpg,29,no_object
HTYXVQYE2FM57N3OZUZPXT2D7Y.jpg,30,stump
HTYXVQYE2FM57N3OZUZPXT2D7Y.jpg,31,stump
HTYXVQYE2FM57N3OZUZPXT2D7Y.jpg,32,no_object
HTYXVQYE2FM57N3OZUZPXT2D7Y.jpg,33,stump
HTYXVQYE2FM57N3OZUZPXT2D7Y.jpg,34,stump
HTYXVQYE2FM57N3OZUZPXT2D7Y.jpg,35,no_object
HTYXVQYE2FM57N3OZUZPXT2D7Y.jpg,36,bat
HTYXVQYE2FM57N3OZUZPXT2D7Y.jpg,37,bat
HTYXVQYE2FM57N3OZUZPXT2D7Y.jpg,38,stump
HTYXVQYE2FM57N3OZUZPXT2D7Y.jpg,39,stump
HTYXVQYE2FM57N3OZUZPXT2D7Y.jpg,40,no_object
HTYXVQYE2FM57N3OZUZPXT2D7Y.jpg,41,stump
HTYXVQYE2FM57N3OZUZPXT2D7Y.jpg,42,stump
HTYXVQYE2FM57N3OZUZPXT2D7Y.jpg,43,no_object
HTYXVQYE2FM57N3OZUZPXT2D7Y.jpg,44,no_object
HTYXVQYE2FM57N3OZUZPXT2D7Y.jpg,45,bat
HTYXVQYE2FM57N3OZUZPXT2D7Y.jpg,46,stump
HTYXVQYE2FM57N3OZUZPXT2D7Y.jpg,47,stump
HTYXVQYE2FM57N3OZUZPXT2D7Y.jpg,48,no_object
HTYXVQYE2FM57N3OZUZPXT2D7Y.jpg,49,stump
HTYXVQYE2FM57N3OZUZPXT2D7Y.jpg,50,stump
HTYXVQYE2FM57N3OZUZPXT2D7Y.jpg,51,no_object
HTYXVQYE2FM57N3OZUZPXT2D7Y.jpg,52,no_object
HTYXVQYE2FM57N3OZUZPXT2D7Y.jpg,53,bat
HTYXVQYE2FM57N3OZUZPXT2D7Y.jpg,54,stump
HTYXVQYE2FM57N3OZUZPXT2D7Y.jpg,55,stump
HTYXVQYE2FM57N3OZUZPXT2D7Y.jpg,56,no_object
HTYXVQYE2FM57N3OZUZPXT2D7Y.jpg,57,stump
HTYXVQYE2FM57N3OZUZPXT2D7Y.jpg,58,stump
HTYXVQYE2FM57N3OZUZPXT2D7Y.jpg,59,no_object
HTYXVQYE2FM57N3OZUZPXT2D7Y.jpg,60,no_object
HTYXVQYE2FM57N3OZUZPXT2D7Y.jpg,61,no_object
HTYXVQYE2FM57N3OZUZPXT2D7Y.jpg,62,no_object
HTYXVQYE2FM57N3OZUZPXT2D7Y.jpg,63,no_object
HTYXVQYE2FM57N3OZUZPXT2D7Y.jpg,64,no_object
Jadeja-fielding.jpg,1,no_object
Jadeja-fielding.jpg,2,no_object
Jadeja-fielding.jpg,3,no_object
Jadeja-fielding.jpg,4,no_object
Jadeja-fielding.jpg,5,no_object
Jadeja-fielding.jpg,6,no_object
Jadeja-fielding.jpg,7,no_object
Jadeja-fielding.jpg,8,no_object
Jadeja-fielding.jpg,9,no_object
Jadeja-fielding.jpg,10,no_object
Jadeja-fielding.jpg,11,no_object
Jadeja-fielding.jpg,12,no_object
Jadeja-fielding.jpg,13,no_object
Jadeja-fielding.jpg,14,no_object
Jadeja-fielding.jpg,15,no_object
Jadeja-fielding.jpg,16,no_object
Jadeja-fielding.jpg,17,no_object
Jadeja-fielding.jpg,18,no_object
Jadeja-fielding.jpg,19,no_object
Jadeja-fielding.jpg,20,no_object
Jadeja-fielding.jpg,21,no_object
Jadeja-fielding.jpg,22,ball
Jadeja-fielding.jpg,23,no_object
Jadeja-fielding.jpg,24,no_object
Jadeja-fielding.jpg,25,no_object
Jadeja-fielding.jpg,26,no_object
Jadeja-fielding.jpg,27,no_object
Jadeja-fielding.jpg,28,no_object
Jadeja-fielding.jpg,29,no_object
Jadeja-fielding.jpg,30,no_object
Jadeja-fielding.jpg,31,no_object
Jadeja-fielding.jpg,32,no_object
Jadeja-fielding.jpg,33,no_object
Jadeja-fielding.jpg,34,no_object
Jadeja-fielding.jpg,35,no_object
Jadeja-fielding.jpg,36,no_object
Jadeja-fielding.jpg,37,no_object
Jadeja-fielding.jpg,38,no_object
Jadeja-fielding.jpg,39,no_object
Jadeja-fielding.jpg,40,no_object
Jadeja-fielding.jpg,41,no_object
Jadeja-fielding.jpg,42,no_object
Jadeja-fielding.jpg,43,no_object
Jadeja-fielding.jpg,44,no_object
Jadeja-fielding.jpg,45,no_object
Jadeja-fielding.jpg,46,no_object
Jadeja-fielding.jpg,47,no_object
Jadeja-fielding.jpg,48,no_object
Jadeja-fielding.jpg,49,no_object
Jadeja-fielding.jpg,50,no_object
Jadeja-fielding.jpg,51,no_object
Jadeja-fielding.jpg,52,no_object
Jadeja-fielding.jpg,53,no_object
Jadeja-fielding.jpg,54,no_object
Jadeja-fielding.jpg,55,no_object
Jadeja-fielding.jpg,56,no_object
Jadeja-fielding.jpg,57,no_object
Jadeja-fielding.jpg,58,no_object
Jadeja-fielding.jpg,59,no_object
Jadeja-fielding.jpg,60,no_object
Jadeja-fielding.jpg,61,no_object
Jadeja-fielding.jpg,62,no_object
Jadeja-fielding.jpg,63,no_object
Jadeja-fielding.jpg,64,no_object
ZWVJFZIXI5OQTELTDJ7LZSCD7A.jpg,1,no_object
ZWVJFZIXI5OQTELTDJ7LZSCD7A.jpg,2,no_object
ZWVJFZIXI5OQTELTDJ7LZSCD7A.jpg,3,no_object
ZWVJFZIXI5OQTELTDJ7LZSCD7A.jpg,4,no_object
ZWVJFZIXI5OQTELTDJ7LZSCD7A.jpg,5,no_object
ZWVJFZIXI5OQTELTDJ7LZSCD7A.jpg,6,no_object
ZWVJFZIXI5OQTELTDJ7LZSCD7A.jpg,7,no_object
ZWVJFZIXI5OQTELTDJ7LZSCD7A.jpg,8,no_object
ZWVJFZIXI5OQTELTDJ7LZSCD7A.jpg,9,no_object
ZWVJFZIXI5OQTELTDJ7LZSCD7A.jpg,10,no_object
ZWVJFZIXI5OQTELTDJ7LZSCD7A.jpg,11,no_object
ZWVJFZIXI5OQTELTDJ7LZSCD7A.jpg,12,no_object
ZWVJFZIXI5OQTELTDJ7LZSCD7A.jpg,13,no_object
ZWVJFZIXI5OQTELTDJ7LZSCD7A.jpg,14,no_object
ZWVJFZIXI5OQTELTDJ7LZSCD7A.jpg,15,no_object
ZWVJFZIXI5OQTELTDJ7LZSCD7A.jpg,16,no_object
ZWVJFZIXI5OQTELTDJ7LZSCD7A.jpg,17,no_object
ZWVJFZIXI5OQTELTDJ7LZSCD7A.jpg,18,no_object
ZWVJFZIXI5OQTELTDJ7LZSCD7A.jpg,19,bat
ZWVJFZIXI5OQTELTDJ7LZSCD7A.jpg,20,no_object
ZWVJFZIXI5OQTELTDJ7LZSCD7A.jpg,21,stump
ZWVJFZIXI5OQTELTDJ7LZSCD7A.jpg,22,stump
ZWVJFZIXI5OQTELTDJ7LZSCD7A.jpg,23,no_object
ZWVJFZIXI5OQTELTDJ7LZSCD7A.jpg,24,no_object
ZWVJFZIXI5OQTELTDJ7LZSCD7A.jpg,25,no_object
ZWVJFZIXI5OQTELTDJ7LZSCD7A.jpg,26,no_object
ZWVJFZIXI5OQTELTDJ7LZSCD7A.jpg,27,bat
ZWVJFZIXI5OQTELTDJ7LZSCD7A.jpg,28,no_object
ZWVJFZIXI5OQTELTDJ7LZSCD7A.jpg,29,stump
ZWVJFZIXI5OQTELTDJ7LZSCD7A.jpg,30,no_object
ZWVJFZIXI5OQTELTDJ7LZSCD7A.jpg,31,no_object
ZWVJFZIXI5OQTELTDJ7LZSCD7A.jpg,32,no_object
ZWVJFZIXI5OQTELTDJ7LZSCD7A.jpg,33,no_object
ZWVJFZIXI5OQTELTDJ7LZSCD7A.jpg,34,no_object
ZWVJFZIXI5OQTELTDJ7LZSCD7A.jpg,35,no_object
ZWVJFZIXI5OQTELTDJ7LZSCD7A.jpg,36,no_object
ZWVJFZIXI5OQTELTDJ7LZSCD7A.jpg,37,no_object
ZWVJFZIXI5OQTELTDJ7LZSCD7A.jpg,38,no_object
ZWVJFZIXI5OQTELTDJ7LZSCD7A.jpg,39,no_object
ZWVJFZIXI5OQTELTDJ7LZSCD7A.jpg,40,no_object
ZWVJFZIXI5OQTELTDJ7LZSCD7A.jpg,41,no_object
ZWVJFZIXI5OQTELTDJ7LZSCD7A.jpg,42,no_object
ZWVJFZIXI5OQTELTDJ7LZSCD7A.jpg,43,no_object
ZWVJFZIXI5OQTELTDJ7LZSCD7A.jpg,44,no_object
ZWVJFZIXI5OQTELTDJ7LZSCD7A.jpg,45,no_object
ZWVJFZIXI5OQTELTDJ7LZSCD7A.jpg,46,no_object
ZWVJFZIXI5OQTELTDJ7LZSCD7A.jpg,47,no_object
ZWVJFZIXI5OQTELTDJ7LZSCD7A.jpg,48,no_object
ZWVJFZIXI5OQTELTDJ7LZSCD7A.jpg,49,no_object
ZWVJFZIXI5OQTELTDJ7LZSCD7A.jpg,50,no_object
ZWVJFZIXI5OQTELTDJ7LZSCD7A.jpg,51,stump
ZWVJFZIXI5OQTELTDJ7LZSCD7A.jpg,52,stump
ZWVJFZIXI5OQTELTDJ7LZSCD7A.jpg,53,no_object
ZWVJFZIXI5OQTELTDJ7LZSCD7A.jpg,54,no_object
ZWVJFZIXI5OQTELTDJ7LZSCD7A.jpg,55,no_object
ZWVJFZIXI5OQTELTDJ7LZSCD7A.jpg,56,no_object
ZWVJFZIXI5OQTELTDJ7LZSCD7A.jpg,57,no_object
ZWVJFZIXI5OQTELTDJ7LZSCD7A.jpg,58,no_object
ZWVJFZIXI5OQTELTDJ7LZSCD7A.jpg,59,stump
ZWVJFZIXI5OQTELTDJ7LZSCD7A.jpg,60,stump
ZWVJFZIXI5OQTELTDJ7LZSCD7A.jpg,61,no_object
ZWVJFZIXI5OQTELTDJ7LZSCD7A.jpg,62,no_object
ZWVJFZIXI5OQTELTDJ7LZSCD7A.jpg,63,no_object
ZWVJFZIXI5OQTELTDJ7LZSCD7A.jpg,64,no_object
a12188424172.webp,1,no_object
a12188424172.webp,2,no_object
a12188424172.webp,3,no_object
a12188424172.webp,4,no_object
a12188424172.webp,5,no_object
a12188424172.webp,6,no_object
a12188424172.webp,7,no_object
a12188424172.webp,8,no_object
a12188424172.webp,9,no_object
a12188424172.webp,10,no_object
a12188424172.webp,11,no_object
a12188424172.webp,12,no_object
a12188424172.webp,13,no_object
a12188424172.webp,14,no_object
a12188424172.webp,15,no_object
a12188424172.webp,16,no_object
a12188424172.webp,17,no_object
a12188424172.webp,18,no_object
a12188424172.webp,19,no_object
a12188424172.webp,20,no_object
a12188424172.webp,21,no_object
a12188424172.webp,22,no_object
a12188424172.webp,23,no_object
a12188424172.webp,24,no_object
a12188424172.webp,25,no_object
a12188424172.webp,26,no_object
a12188424172.webp,27,no_object
a12188424172.webp,28,no_object
a12188424172.webp,29,no_object
a12188424172.webp,30,no_object
a12188424172.webp,31,no_object
a12188424172.webp,32,no_object
a12188424172.webp,33,no_object
a12188424172.webp,34,no_object
a12188424172.webp,35,stump
a12188424172.webp,36,no_object
a12188424172.webp,37,no_object
a12188424172.webp,38,bat
a12188424172.webp,39,no_object
a12188424172.webp,40,no_object
a12188424172.webp,41,no_object
a12188424172.webp,42,no_object
a12188424172.webp,43,stump
a12188424172.webp,44,no_object
a12188424172.webp,45,no_object
a12188424172.webp,46,bat
a12188424172.webp,47,no_object
a12188424172.webp,48,no_object
a12188424172.webp,49,no_object
a12188424172.webp,50,no_object
a12188424172.webp,51,stump
a12188424172.webp,52,no_object
a12188424172.webp,53,no_object
a12188424172.webp,54,bat
a12188424172.webp,55,no_object
a12188424172.webp,56,no_object
a12188424172.webp,57,no_object
a12188424172.webp,58,no_object
a12188424172.webp,59,no_object
a12188424172.webp,60,no_object
a12188424172.webp,61,no_object
a12188424172.webp,62,no_object
a12188424172.webp,63,no_object
a12188424172.webp,64,no_object
a3c163798f5d.webp,1,no_object
a3c163798f5d.webp,2,no_object
a3c163798f5d.webp,3,no_object
a3c163798f5d.webp,4,bat
a3c163798f5d.webp,5,no_object
a3c163798f5d.webp,6,no_object
a3c163798f5d.webp,7,no_object
a3c163798f5d.webp,8,no_object
a3c163798f5d.webp,9,no_object
a3c163798f5d.webp,10,no_object
a3c163798f5d.webp,11,no_object
a3c163798f5d.webp,12,bat
a3c163798f5d.webp,13,bat
a3c163798f5d.webp,14,no_object
a3c163798f5d.webp,15,no_object
a3c163798f5d.webp,16,no_object
a3c163798f5d.webp,17,no_object
a3c163798f5d.webp,18,no_object
a3c163798f5d.webp,19,no_object
a3c163798f5d.webp,20,no_object
a3c163798f5d.webp,21,no_object
a3c163798f5d.webp,22,no_object
a3c163798f5d.webp,23,no_object
a3c163798f5d.webp,24,no_object
a3c163798f5d.webp,25,no_object
a3c163798f5d.webp,26,no_object
a3c163798f5d.webp,27,no_object
a3c163798f5d.webp,28,no_object
a3c163798f5d.webp,29,no_object
a3c163798f5d.webp,30,no_object
a3c163798f5d.webp,31,no_object
a3c163798f5d.webp,32,no_object
a3c163798f5d.webp,33,no_object
a3c163798f5d.webp,34,no_object
a3c163798f5d.webp,35,no_object
a3c163798f5d.webp,36,no_object
a3c163798f5d.webp,37,no_object
a3c163798f5d.webp,38,no_object
a3c163798f5d.webp,39,no_object
a3c163798f5d.webp,40,no_object
a3c163798f5d.webp,41,no_object
a3c163798f5d.webp,42,no_object
a3c163798f5d.webp,43,no_object
a3c163798f5d.webp,44,no_object
a3c163798f5d.webp,45,stump
a3c163798f5d.webp,46,no_object
a3c163798f5d.webp,47,no_object
a3c163798f5d.webp,48,no_object
a3c163798f5d.webp,49,no_object
a3c163798f5d.webp,50,no_object
a3c163798f5d.webp,51,no_object
a3c163798f5d.webp,52,no_object
a3c163798f5d.webp,53,stump
a3c163798f5d.webp,54,no_object
a3c163798f5d.webp,55,no_object
a3c163798f5d.webp,56,no_object
a3c163798f5d.webp,57,no_object
a3c163798f5d.webp,58,no_object
a3c163798f5d.webp,59,no_object
a3c163798f5d.webp,60,no_object
a3c163798f5d.webp,61,stump
a3c163798f5d.webp,62,no_object
a3c163798f5d.webp,63,no_object
a3c163798f5d.webp,64,no_object
aa8797574fce.webp,1,no_object
aa8797574fce.webp,2,no_object
aa8797574fce.webp,3,no_object
aa8797574fce.webp,4,no_object
aa8797574fce.webp,5,no_object
aa8797574fce.webp,6,no_object
aa8797574fce.webp,7,no_object
aa8797574fce.webp,8,no_object
aa8797574fce.webp,9,no_object
aa8797574fce.webp,10,no_object
aa8797574fce.webp,11,no_object
aa8797574fce.webp,12,no_object
aa8797574fce.webp,13,no_object
aa8797574fce.webp,14,no_object
aa8797574fce.webp,15,no_object
aa8797574fce.webp,16,no_object
aa8797574fce.webp,17,no_object
aa8797574fce.webp,18,no_object
aa8797574fce.webp,19,no_object
aa8797574fce.webp,20,no_object
aa8797574fce.webp,21,no_object
aa8797574fce.webp,22,no_object
aa8797574fce.webp,23,no_object
aa8797574fce.webp,24,no_object
aa8797574fce.webp,25,no_object
aa8797574fce.webp,26,no_object
aa8797574fce.webp,27,ball
aa8797574fce.webp,28,bat
aa8797574fce.webp,29,bat
aa8797574fce.webp,30,no_object
aa8797574fce.webp,31,no_object
aa8797574fce.webp,32,no_object
aa8797574fce.webp,33,stump
aa8797574fce.webp,34,no_object
aa8797574fce.webp,35,no_object
aa8797574fce.webp,36,no_object
aa8797574fce.webp,37,no_object
aa8797574fce.webp,38,no_object
aa8797574fce.webp,39,no_object
aa8797574fce.webp,40,no_object
aa8797574fce.webp,41,stump
aa8797574fce.webp,42,no_object
aa8797574fce.webp,43,no_object
aa8797574fce.webp,44,no_object
aa8797574fce.webp,45,no_object
aa8797574fce.webp,46,no_object
aa8797574fce.webp,47,no_object
aa8797574fce.webp,48,no_object
aa8797574fce.webp,49,stump
aa8797574fce.webp,50,no_object
aa8797574fce.webp,51,no_object
aa8797574fce.webp,52,no_object
aa8797574fce.webp,53,no_object
aa8797574fce.webp,54,no_object
aa8797574fce.webp,55,no_object
aa8797574fce.webp,56,no_object
aa8797574fce.webp,57,no_object
aa8797574fce.webp,58,no_object
aa8797574fce.webp,59,no_object
aa8797574fce.webp,60,no_object
aa8797574fce.webp,61,no_object
aa8797574fce.webp,62,no_object
aa8797574fce.webp,63,no_object
aa8797574fce.webp,64,no_object
ac4865108200.webp,1,no_object
ac4865108200.webp,2,no_object
ac4865108200.webp,3,no_object
ac4865108200.webp,4,no_object
ac4865108200.webp,5,no_object
ac4865108200.webp,6,no_object
ac4865108200.webp,7,no_object
ac4865108200.webp,8,no_object
ac4865108200.webp,9,no_object
ac4865108200.webp,10,no_object
ac4865108200.webp,11,no_object
ac4865108200.webp,12,no_object
ac4865108200.webp,13,no_object
ac4865108200.webp,14,no_object
ac4865108200.webp,15,no_object
ac4865108200.webp,16,no_object
ac4865108200.webp,17,no_object
ac4865108200.webp,18,no_object
ac4865108200.webp,19,no_object
ac4865108200.webp,20,no_object
ac4865108200.webp,21,no_object
ac4865108200.webp,22,no_object
ac4865108200.webp,23,no_object
ac4865108200.webp,24,no_object
ac4865108200.webp,25,no_object
ac4865108200.webp,26,bat
ac4865108200.webp,27,bat
ac4865108200.webp,28,no_object
ac4865108200.webp,29,no_object
ac4865108200.webp,30,no_object
ac4865108200.webp,31,no_object
ac4865108200.webp,32,no_object
ac4865108200.webp,33,no_object
ac4865108200.webp,34,no_object
ac4865108200.webp,35,no_object
ac4865108200.webp,36,no_object
ac4865108200.webp,37,no_object
ac4865108200.webp,38,no_object
ac4865108200.webp,39,no_object
ac4865108200.webp,40,no_object
ac4865108200.webp,41,ball
ac4865108200.webp,42,no_object
ac4865108200.webp,43,no_object
ac4865108200.webp,44,no_object
ac4865108200.webp,45,no_object
ac4865108200.webp,46,no_object
ac4865108200.webp,47,no_object
ac4865108200.webp,48,no_object
ac4865108200.webp,49,no_object
ac4865108200.webp,50,no_object
ac4865108200.webp,51,no_object
ac4865108200.webp,52,no_object
ac4865108200.webp,53,no_object
ac4865108200.webp,54,no_object
ac4865108200.webp,55,no_object
ac4865108200.webp,56,no_object
ac4865108200.webp,57,no_object
ac4865108200.webp,58,no_object
ac4865108200.webp,59,no_object
ac4865108200.webp,60,no_object
ac4865108200.webp,61,no_object
ac4865108200.webp,62,no_object
ac4865108200.webp,63,no_object
ac4865108200.webp,64,no_object
b80e77df9a26.webp,1,no_object
b80e77df9a26.webp,2,no_object
b80e77df9a26.webp,3,no_object
b80e77df9a26.webp,4,no_object
b80e77df9a26.webp,5,no_object
b80e77df9a26.webp,6,no_object
b80e77df9a26.webp,7,no_object
b80e77df9a26.webp,8,no_object
b80e77df9a26.webp,9,no_object
b80e77df9a26.webp,10,no_object
b80e77df9a26.webp,11,no_object
b80e77df9a26.webp,12,no_object
b80e77df9a26.webp,13,no_object
b80e77df9a26.webp,14,no_object
b80e77df9a26.webp,15,no_object
b80e77df9a26.webp,16,no_object
b80e77df9a26.webp,17,no_object
b80e77df9a26.webp,18,no_object
b80e77df9a26.webp,19,no_object
b80e77df9a26.webp,20,no_object
b80e77df9a26.webp,21,no_object
b80e77df9a26.webp,22,bat
b80e77df9a26.webp,23,no_object
b80e77df9a26.webp,24,no_object
b80e77df9a26.webp,25,no_object
b80e77df9a26.webp,26,no_object
b80e77df9a26.webp,27,no_object
b80e77df9a26.webp,28,no_object
b80e77df9a26.webp,29,no_object
b80e77df9a26.webp,30,no_object
b80e77df9a26.webp,31,no_object
b80e77df9a26.webp,32,no_object
b80e77df9a26.webp,33,no_object
b80e77df9a26.webp,34,ball
b80e77df9a26.webp,35,no_object
b80e77df9a26.webp,36,no_object
b80e77df9a26.webp,37,no_object
b80e77df9a26.webp,38,no_object
b80e77df9a26.webp,39,no_object
b80e77df9a26.webp,40,no_object
b80e77df9a26.webp,41,no_object
b80e77df9a26.webp,42,no_object
b80e77df9a26.webp,43,no_object
b80e77df9a26.webp,44,no_object
b80e77df9a26.webp,45,no_object
b80e77df9a26.webp,46,no_object
b80e77df9a26.webp,47,no_object
b80e77df9a26.webp,48,no_object
b80e77df9a26.webp,49,no_object
b80e77df9a26.webp,50,no_object
b80e77df9a26.webp,51,no_object
b80e77df9a26.webp,52,no_object
b80e77df9a26.webp,53,no_object
b80e77df9a26.webp,54,no_object
b80e77df9a26.webp,55,no_object
b80e77df9a26.webp,56,no_object
b80e77df9a26.webp,57,no_object
b80e77df9a26.webp,58,no_object
b80e77df9a26.webp,59,no_object
b80e77df9a26.webp,60,no_object
b80e77df9a26.webp,61,no_object
b80e77df9a26.webp,62,no_object
b80e77df9a26.webp,63,no_object
b80e77df9a26.webp,64,no_object
bedd9c78e4b1.webp,1,no_object
bedd9c78e4b1.webp,2,no_object
bedd9c78e4b1.webp,3,no_object
bedd9c78e4b1.webp,4,no_object
bedd9c78e4b1.webp,5,no_object
bedd9c78e4b1.webp,6,no_object
bedd9c78e4b1.webp,7,no_object
bedd9c78e4b1.webp,8,no_object
bedd9c78e4b1.webp,9,no_object
bedd9c78e4b1.webp,10,no_object
bedd9c78e4b1.webp,11,no_object
bedd9c78e4b1.webp,12,no_object
bedd9c78e4b1.webp,13,no_object
bedd9c78e4b1.webp,14,no_object
bedd9c78e4b1.webp,15,no_object
bedd9c78e4b1.webp,16,no_object
bedd9c78e4b1.webp,17,no_object
bedd9c78e4b1.webp,18,no_object
bedd9c78e4b1.webp,19,no_object
bedd9c78e4b1.webp,20,no_object
bedd9c78e4b1.webp,21,no_object
bedd9c78e4b1.webp,22,no_object
bedd9c78e4b1.webp,23,no_object
bedd9c78e4b1.webp,24,no_object
bedd9c78e4b1.webp,25,no_object
bedd9c78e4b1.webp,26,ball
bedd9c78e4b1.webp,27,no_object
bedd9c78e4b1.webp,28,no_object
bedd9c78e4b1.webp,29,no_object
bedd9c78e4b1.webp,30,no_object
bedd9c78e4b1.webp,31,no_object
bedd9c78e4b1.webp,32,no_object
bedd9c78e4b1.webp,33,no_object
bedd9c78e4b1.webp,34,no_object
bedd9c78e4b1.webp,35,no_object
bedd9c78e4b1.webp,36,no_object
bedd9c78e4b1.webp,37,no_object
bedd9c78e4b1.webp,38,no_object
bedd9c78e4b1.webp,39,no_object
bedd9c78e4b1.webp,40,no_object
bedd9c78e4b1.webp,41,no_object
bedd9c78e4b1.webp,42,no_object
bedd9c78e4b1.webp,43,no_object
bedd9c78e4b1.webp,44,no_object
bedd9c78e4b1.webp,45,no_object
bedd9c78e4b1.webp,46,no_object
bedd9c78e4b1.webp,47,no_object
bedd9c78e4b1.webp,48,no_object
bedd9c78e4b1.webp,49,no_object
bedd9c78e4b1.webp,50,no_object
bedd9c78e4b1.webp,51,no_object
bedd9c78e4b1.webp,52,no_object
bedd9c78e4b1.webp,53,no_object
bedd9c78e4b1.webp,54,no_object
bedd9c78e4b1.webp,55,no_object
bedd9c78e4b1.webp,56,no_object
bedd9c78e4b1.webp,57,no_object
bedd9c78e4b1.webp,58,no_object
bedd9c78e4b1.webp,59,no_object
bedd9c78e4b1.webp,60,no_object
bedd9c78e4b1.webp,61,no_object
bedd9c78e4b1.webp,62,no_object
bedd9c78e4b1.webp,63,no_object
bedd9c78e4b1.webp,64,no_object
bfsdh439.jpeg,1,no_object
bfsdh439.jpeg,2,no_object
bfsdh439.jpeg,3,no_object
bfsdh439.jpeg,4,no_object
bfsdh439.jpeg,5,no_object
bfsdh439.jpeg,6,no_object
bfsdh439.jpeg,7,no_object
bfsdh439.jpeg,8,no_object
bfsdh439.jpeg,9,no_object
bfsdh439.jpeg,10,no_object
bfsdh439.jpeg,11,no_object
bfsdh439.jpeg,12,no_object
bfsdh439.jpeg,13,no_object
bfsdh439.jpeg,14,no_object
bfsdh439.jpeg,15,no_object
bfsdh439.jpeg,16,no_object
bfsdh439.jpeg,17,no_object
bfsdh439.jpeg,18,no_object
bfsdh439.jpeg,19,no_object
bfsdh439.jpeg,20,no_object
bfsdh439.jpeg,21,no_object
bfsdh439.jpeg,22,no_object
bfsdh439.jpeg,23,no_object
bfsdh439.jpeg,24,no_object
bfsdh439.jpeg,25,no_object
bfsdh439.jpeg,26,no_object
bfsdh439.jpeg,27,no_object
bfsdh439.jpeg,28,no_object
bfsdh439.jpeg,29,no_object
bfsdh439.jpeg,30,no_object
bfsdh439.jpeg,31,no_object
bfsdh439.jpeg,32,no_object
bfsdh439.jpeg,33,no_object
bfsdh439.jpeg,34,no_object
bfsdh439.jpeg,35,no_object
bfsdh439.jpeg,36,no_object
bfsdh439.jpeg,37,no_object
bfsdh439.jpeg,38,no_object
bfsdh439.jpeg,39,ball
bfsdh439.jpeg,40,no_object
bfsdh439.jpeg,41,no_object
bfsdh439.jpeg,42,no_object
bfsdh439.jpeg,43,no_object
bfsdh439.jpeg,44,no_object
bfsdh439.jpeg,45,no_object
bfsdh439.jpeg,46,no_object
bfsdh439.jpeg,47,no_object
bfsdh439.jpeg,48,no_object
bfsdh439.jpeg,49,no_object
bfsdh439.jpeg,50,no_object
bfsdh439.jpeg,51,no_object
bfsdh439.jpeg,52,no_object
bfsdh439.jpeg,53,no_object
bfsdh439.jpeg,54,no_object
bfsdh439.jpeg,55,no_object
bfsdh439.jpeg,56,no_object
bfsdh439.jpeg,57,no_object
bfsdh439.jpeg,58,no_object
bfsdh439.jpeg,59,no_object
bfsdh439.jpeg,60,no_object
bfsdh439.jpeg,61,no_object
bfsdh439.jpeg,62,no_object
bfsdh439.jpeg,63,no_object
bfsdh439.jpeg,64,no_object
bowled.jpg,1,no_object
bowled.jpg,2,no_object
bowled.jpg,3,no_object
bowled.jpg,4,no_object
bowled.jpg,5,no_object
bowled.jpg,6,no_object
bowled.jpg,7,no_object
bowled.jpg,8,no_object
bowled.jpg,9,no_object
bowled.jpg,10,no_object
bowled.jpg,11,no_object
bowled.jpg,12,no_object
bowled.jpg,13,no_object
bowled.jpg,14,no_object
bowled.jpg,15,no_object
bowled.jpg,16,no_object
bowled.jpg,17,no_object
bowled.jpg,18,no_object
bowled.jpg,19,no_object
bowled.jpg,20,no_object
bowled.jpg,21,no_object
bowled.jpg,22,no_object
bowled.jpg,23,no_object
bowled.jpg,24,ball
bowled.jpg,25,bat
bowled.jpg,26,bat
bowled.jpg,27,no_object
bowled.jpg,28,no_object
bowled.jpg,29,no_object
bowled.jpg,30,no_object
bowled.jpg,31,no_object
bowled.jpg,32,no_object
bowled.jpg,33,no_object
bowled.jpg,34,no_object
bowled.jpg,35,no_object
bowled.jpg,36,no_object
bowled.jpg,37,no_object
bowled.jpg,38,stump
bowled.jpg,39,no_object
bowled.jpg,40,no_object
bowled.jpg,41,no_object
bowled.jpg,42,no_object
bowled.jpg,43,no_object
bowled.jpg,44,no_object
bowled.jpg,45,stump
bowled.jpg,46,stump
bowled.jpg,47,no_object
bowled.jpg,48,no_object
bowled.jpg,49,no_object
bowled.jpg,50,no_object
bowled.jpg,51,no_object
bowled.jpg,52,no_object
bowled.jpg,53,stump
bowled.jpg,54,stump
bowled.jpg,55,no_object
bowled.jpg,56,no_object
bowled.jpg,57,no_object
bowled.jpg,58,no_object
bowled.jpg,59,no_object
bowled.jpg,60,no_object
bowled.jpg,61,stump
bowled.jpg,62,stump
bowled.jpg,63,no_object
bowled.jpg,64,no_object
c0a40d27604a.webp,1,no_object
c0a40d27604a.webp,2,no_object
c0a40d27604a.webp,3,no_object
c0a40d27604a.webp,4,bat
c0a40d27604a.webp,5,no_object
c0a40d27604a.webp,6,no_object
c0a40d27604a.webp,7,no_object
c0a40d27604a.webp,8,no_object
c0a40d27604a.webp,9,no_object
c0a40d27604a.webp,10,no_object
c0a40d27604a.webp,11,no_object
c0a40d27604a.webp,12,bat
c0a40d27604a.webp,13,no_object
c0a40d27604a.webp,14,no_object
c0a40d27604a.webp,15,no_object
c0a40d27604a.webp,16,no_object
c0a40d27604a.webp,17,no_object
c0a40d27604a.webp,18,no_object
c0a40d27604a.webp,19,no_object
c0a40d27604a.webp,20,bat
c0a40d27604a.webp,21,no_object
c0a40d27604a.webp,22,no_object
c0a40d27604a.webp,23,no_object
c0a40d27604a.webp,24,no_object
c0a40d27604a.webp,25,no_object
c0a40d27604a.webp,26,no_object
c0a40d27604a.webp,27,no_object
c0a40d27604a.webp,28,no_object
c0a40d27604a.webp,29,no_object
c0a40d27604a.webp,30,no_object
c0a40d27604a.webp,31,no_object
c0a40d27604a.webp,32,no_object
c0a40d27604a.webp,33,no_object
c0a40d27604a.webp,34,no_object
c0a40d27604a.webp,35,no_object
c0a40d27604a.webp,36,no_object
c0a40d27604a.webp,37,no_object
c0a40d27604a.webp,38,no_object
c0a40d27604a.webp,39,no_object
c0a40d27604a.webp,40,no_object
c0a40d27604a.webp,41,no_object
c0a40d27604a.webp,42,no_object
c0a40d27604a.webp,43,no_object
c0a40d27604a.webp,44,no_object
c0a40d27604a.webp,45,no_object
c0a40d27604a.webp,46,no_object
c0a40d27604a.webp,47,no_object
c0a40d27604a.webp,48,no_object
c0a40d27604a.webp,49,no_object
c0a40d27604a.webp,50,no_object
c0a40d27604a.webp,51,no_object
c0a40d27604a.webp,52,no_object
c0a40d27604a.webp,53,no_object
c0a40d27604a.webp,54,no_object
c0a40d27604a.webp,55,no_object
c0a40d27604a.webp,56,no_object
c0a40d27604a.webp,57,no_object
c0a40d27604a.webp,58,no_object
c0a40d27604a.webp,59,no_object
c0a40d27604a.webp,60,no_object
c0a40d27604a.webp,61,no_object
c0a40d27604a.webp,62,no_object
c0a40d27604a.webp,63,no_object
c0a40d27604a.webp,64,no_object
c33f6b4a5b7a.webp,1,no_object
c33f6b4a5b7a.webp,2,no_object
c33f6b4a5b7a.webp,3,no_object
c33f6b4a5b7a.webp,4,no_object
c33f6b4a5b7a.webp,5,bat
c33f6b4a5b7a.webp,6,no_object
c33f6b4a5b7a.webp,7,no_object
c33f6b4a5b7a.webp,8,no_object
c33f6b4a5b7a.webp,9,no_object
c33f6b4a5b7a.webp,10,no_object
c33f6b4a5b7a.webp,11,no_object
c33f6b4a5b7a.webp,12,no_object
c33f6b4a5b7a.webp,13,bat
c33f6b4a5b7a.webp,14,no_object
c33f6b4a5b7a.webp,15,no_object
c33f6b4a5b7a.webp,16,no_object
c33f6b4a5b7a.webp,17,no_object
c33f6b4a5b7a.webp,18,no_object
c33f6b4a5b7a.webp,19,no_object
c33f6b4a5b7a.webp,20,no_object
c33f6b4a5b7a.webp,21,no_object
c33f6b4a5b7a.webp,22,no_object
c33f6b4a5b7a.webp,23,no_object
c33f6b4a5b7a.webp,24,no_object
c33f6b4a5b7a.webp,25,no_object
c33f6b4a5b7a.webp,26,no_object
c33f6b4a5b7a.webp,27,no_object
c33f6b4a5b7a.webp,28,no_object
c33f6b4a5b7a.webp,29,no_object
c33f6b4a5b7a.webp,30,no_object
c33f6b4a5b7a.webp,31,no_object
c33f6b4a5b7a.webp,32,no_object
c33f6b4a5b7a.webp,33,stump
c33f6b4a5b7a.webp,34,no_object
c33f6b4a5b7a.webp,35,no_object
c33f6b4a5b7a.webp,36,no_object
c33f6b4a5b7a.webp,37,no_object
c33f6b4a5b7a.webp,38,no_object
c33f6b4a5b7a.webp,39,no_object
c33f6b4a5b7a.webp,40,no_object
c33f6b4a5b7a.webp,41,stump
c33f6b4a5b7a.webp,42,no_object
c33f6b4a5b7a.webp,43,no_object
c33f6b4a5b7a.webp,44,no_object
c33f6b4a5b7a.webp,45,no_object
c33f6b4a5b7a.webp,46,no_object
c33f6b4a5b7a.webp,47,no_object
c33f6b4a5b7a.webp,48,no_object
c33f6b4a5b7a.webp,49,no_object
c33f6b4a5b7a.webp,50,no_object
c33f6b4a5b7a.webp,51,no_object
c33f6b4a5b7a.webp,52,no_object
c33f6b4a5b7a.webp,53,no_object
c33f6b4a5b7a.webp,54,no_object
c33f6b4a5b7a.webp,55,no_object
c33f6b4a5b7a.webp,56,no_object
c33f6b4a5b7a.webp,57,no_object
c33f6b4a5b7a.webp,58,no_object
c33f6b4a5b7a.webp,59,no_object
c33f6b4a5b7a.webp,60,no_object
c33f6b4a5b7a.webp,61,no_object
c33f6b4a5b7a.webp,62,no_object
c33f6b4a5b7a.webp,63,no_object
c33f6b4a5b7a.webp,64,no_object
d08f8c8ae9ba.webp,1,no_object
d08f8c8ae9ba.webp,2,no_object
d08f8c8ae9ba.webp,3,no_object
d08f8c8ae9ba.webp,4,bat
d08f8c8ae9ba.webp,5,no_object
d08f8c8ae9ba.webp,6,no_object
d08f8c8ae9ba.webp,7,no_object
d08f8c8ae9ba.webp,8,no_object
d08f8c8ae9ba.webp,9,no_object
d08f8c8ae9ba.webp,10,no_object
d08f8c8ae9ba.webp,11,no_object
d08f8c8ae9ba.webp,12,bat
d08f8c8ae9ba.webp,13,no_object
d08f8c8ae9ba.webp,14,no_object
d08f8c8ae9ba.webp,15,no_object
d08f8c8ae9ba.webp,16,no_object
d08f8c8ae9ba.webp,17,no_object
d08f8c8ae9ba.webp,18,no_object
d08f8c8ae9ba.webp,19,no_object
d08f8c8ae9ba.webp,20,no_object
d08f8c8ae9ba.webp,21,no_object
d08f8c8ae9ba.webp,22,no_object
d08f8c8ae9ba.webp,23,no_object
d08f8c8ae9ba.webp,24,no_object
d08f8c8ae9ba.webp,25,no_object
d08f8c8ae9ba.webp,26,no_object
d08f8c8ae9ba.webp,27,no_object
d08f8c8ae9ba.webp,28,no_object
d08f8c8ae9ba.webp,29,no_object
d08f8c8ae9ba.webp,30,no_object
d08f8c8ae9ba.webp,31,no_object
d08f8c8ae9ba.webp,32,no_object
d08f8c8ae9ba.webp,33,no_object
d08f8c8ae9ba.webp,34,no_object
d08f8c8ae9ba.webp,35,no_object
d08f8c8ae9ba.webp,36,no_object
d08f8c8ae9ba.webp,37,no_object
d08f8c8ae9ba.webp,38,no_object
d08f8c8ae9ba.webp,39,no_object
d08f8c8ae9ba.webp,40,no_object
d08f8c8ae9ba.webp,41,no_object
d08f8c8ae9ba.webp,42,no_object
d08f8c8ae9ba.webp,43,no_object
d08f8c8ae9ba.webp,44,stump
d08f8c8ae9ba.webp,45,no_object
d08f8c8ae9ba.webp,46,no_object
d08f8c8ae9ba.webp,47,no_object
d08f8c8ae9ba.webp,48,no_object
d08f8c8ae9ba.webp,49,no_object
d08f8c8ae9ba.webp,50,no_object
d08f8c8ae9ba.webp,51,no_object
d08f8c8ae9ba.webp,52,stump
d08f8c8ae9ba.webp,53,no_object
d08f8c8ae9ba.webp,54,no_object
d08f8c8ae9ba.webp,55,no_object
d08f8c8ae9ba.webp,56,no_object
d08f8c8ae9ba.webp,57,no_object
d08f8c8ae9ba.webp,58,no_object
d08f8c8ae9ba.webp,59,no_object
d08f8c8ae9ba.webp,60,stump
d08f8c8ae9ba.webp,61,no_object
d08f8c8ae9ba.webp,62,no_object
d08f8c8ae9ba.webp,63,no_object
d08f8c8ae9ba.webp,64,no_object
d441f6b5a4d3.webp,1,no_object
d441f6b5a4d3.webp,2,no_object
d441f6b5a4d3.webp,3,no_object
d441f6b5a4d3.webp,4,no_object
d441f6b5a4d3.webp,5,no_object
d441f6b5a4d3.webp,6,no_object
d441f6b5a4d3.webp,7,no_object
d441f6b5a4d3.webp,8,no_object
d441f6b5a4d3.webp,9,no_object
d441f6b5a4d3.webp,10,no_object
d441f6b5a4d3.webp,11,no_object
d441f6b5a4d3.webp,12,no_object
d441f6b5a4d3.webp,13,no_object
d441f6b5a4d3.webp,14,no_object
d441f6b5a4d3.webp,15,no_object
d441f6b5a4d3.webp,16,no_object
d441f6b5a4d3.webp,17,no_object
d441f6b5a4d3.webp,18,no_object
d441f6b5a4d3.webp,19,ball
d441f6b5a4d3.webp,20,no_object
d441f6b5a4d3.webp,21,no_object
d441f6b5a4d3.webp,22,no_object
d441f6b5a4d3.webp,23,no_object
d441f6b5a4d3.webp,24,no_object
d441f6b5a4d3.webp,25,no_object
d441f6b5a4d3.webp,26,no_object
d441f6b5a4d3.webp,27,no_object
d441f6b5a4d3.webp,28,no_object
d441f6b5a4d3.webp,29,no_object
d441f6b5a4d3.webp,30,no_object
d441f6b5a4d3.webp,31,no_object
d441f6b5a4d3.webp,32,no_object
d441f6b5a4d3.webp,33,no_object
d441f6b5a4d3.webp,34,no_object
d441f6b5a4d3.webp,35,no_object
d441f6b5a4d3.webp,36,no_object
d441f6b5a4d3.webp,37,no_object
d441f6b5a4d3.webp,38,no_object
d441f6b5a4d3.webp,39,no_object
d441f6b5a4d3.webp,40,no_object
d441f6b5a4d3.webp,41,no_object
d441f6b5a4d3.webp,42,no_object
d441f6b5a4d3.webp,43,no_object
d441f6b5a4d3.webp,44,no_object
d441f6b5a4d3.webp,45,no_object
d441f6b5a4d3.webp,46,no_object
d441f6b5a4d3.webp,47,no_object
d441f6b5a4d3.webp,48,no_object
d441f6b5a4d3.webp,49,no_object
d441f6b5a4d3.webp,50,no_object
d441f6b5a4d3.webp,51,no_object
d441f6b5a4d3.webp,52,no_object
d441f6b5a4d3.webp,53,no_object
d441f6b5a4d3.webp,54,no_object
d441f6b5a4d3.webp,55,no_object
d441f6b5a4d3.webp,56,no_object
d441f6b5a4d3.webp,57,no_object
d441f6b5a4d3.webp,58,no_object
d441f6b5a4d3.webp,59,no_object
d441f6b5a4d3.webp,60,no_object
d441f6b5a4d3.webp,61,no_object
d441f6b5a4d3.webp,62,no_object
d441f6b5a4d3.webp,63,no_object
d441f6b5a4d3.webp,64,no_object
d6bc2592464c.webp,1,no_object
d6bc2592464c.webp,2,no_object
d6bc2592464c.webp,3,no_object
d6bc2592464c.webp,4,no_object
d6bc2592464c.webp,5,no_object
d6bc2592464c.webp,6,no_object
d6bc2592464c.webp,7,no_object
d6bc2592464c.webp,8,no_object
d6bc2592464c.webp,9,no_object
d6bc2592464c.webp,10,no_object
d6bc2592464c.webp,11,no_object
d6bc2592464c.webp,12,bat
d6bc2592464c.webp,13,no_object
d6bc2592464c.webp,14,no_object
d6bc2592464c.webp,15,no_object
d6bc2592464c.webp,16,no_object
d6bc2592464c.webp,17,no_object
d6bc2592464c.webp,18,no_object
d6bc2592464c.webp,19,no_object
d6bc2592464c.webp,20,bat
d6bc2592464c.webp,21,no_object
d6bc2592464c.webp,22,no_object
d6bc2592464c.webp,23,no_object
d6bc2592464c.webp,24,no_object
d6bc2592464c.webp,25,no_object
d6bc2592464c.webp,26,no_object
d6bc2592464c.webp,27,no_object
d6bc2592464c.webp,28,no_object
d6bc2592464c.webp,29,no_object
d6bc2592464c.webp,30,no_object
d6bc2592464c.webp,31,ball
d6bc2592464c.webp,32,no_object
d6bc2592464c.webp,33,no_object
d6bc2592464c.webp,34,no_object
d6bc2592464c.webp,35,stump
d6bc2592464c.webp,36,no_object
d6bc2592464c.webp,37,no_object
d6bc2592464c.webp,38,no_object
d6bc2592464c.webp,39,ball
d6bc2592464c.webp,40,no_object
d6bc2592464c.webp,41,no_object
d6bc2592464c.webp,42,no_object
d6bc2592464c.webp,43,stump
d6bc2592464c.webp,44,no_object
d6bc2592464c.webp,45,no_object
d6bc2592464c.webp,46,no_object
d6bc2592464c.webp,47,no_object
d6bc2592464c.webp,48,no_object
d6bc2592464c.webp,49,no_object
d6bc2592464c.webp,50,no_object
d6bc2592464c.webp,51,stump
d6bc2592464c.webp,52,no_object
d6bc2592464c.webp,53,no_object
d6bc2592464c.webp,54,no_object
d6bc2592464c.webp,55,no_object
d6bc2592464c.webp,56,no_object
d6bc2592464c.webp,57,no_object
d6bc2592464c.webp,58,no_object
d6bc2592464c.webp,59,no_object
d6bc2592464c.webp,60,no_object
d6bc2592464c.webp,61,no_object
d6bc2592464c.webp,62,no_object
d6bc2592464c.webp,63,no_object
d6bc2592464c.webp,64,no_object
e93408ad04b7.webp,1,no_object
e93408ad04b7.webp,2,no_object
e93408ad04b7.webp,3,no_object
e93408ad04b7.webp,4,no_object
e93408ad04b7.webp,5,no_object
e93408ad04b7.webp,6,no_object
e93408ad04b7.webp,7,no_object
e93408ad04b7.webp,8,no_object
e93408ad04b7.webp,9,no_object
e93408ad04b7.webp,10,no_object
e93408ad04b7.webp,11,no_object
e93408ad04b7.webp,12,no_object
e93408ad04b7.webp,13,no_object
e93408ad04b7.webp,14,no_object
e93408ad04b7.webp,15,no_object
e93408ad04b7.webp,16,no_object
e93408ad04b7.webp,17,no_object
e93408ad04b7.webp,18,ball
e93408ad04b7.webp,19,no_object
e93408ad04b7.webp,20,no_object
e93408ad04b7.webp,21,no_object
e93408ad04b7.webp,22,bat
e93408ad04b7.webp,23,bat
e93408ad04b7.webp,24,bat
e93408ad04b7.webp,25,no_object
e93408ad04b7.webp,26,no_object
e93408ad04b7.webp,27,no_object
e93408ad04b7.webp,28,no_object
e93408ad04b7.webp,29,no_object
e93408ad04b7.webp,30,bat
e93408ad04b7.webp,31,bat
e93408ad04b7.webp,32,bat
e93408ad04b7.webp,33,no_object
e93408ad04b7.webp,34,no_object
e93408ad04b7.webp,35,no_object
e93408ad04b7.webp,36,no_object
e93408ad04b7.webp,37,no_object
e93408ad04b7.webp,38,no_object
e93408ad04b7.webp,39,no_object
e93408ad04b7.webp,40,no_object
e93408ad04b7.webp,41,no_object
e93408ad04b7.webp,42,no_object
e93408ad04b7.webp,43,no_object
e93408ad04b7.webp,44,no_object
e93408ad04b7.webp,45,no_object
e93408ad04b7.webp,46,no_object
e93408ad04b7.webp,47,no_object
e93408ad04b7.webp,48,no_object
e93408ad04b7.webp,49,no_object
e93408ad04b7.webp,50,no_object
e93408ad04b7.webp,51,no_object
e93408ad04b7.webp,52,no_object
e93408ad04b7.webp,53,no_object
e93408ad04b7.webp,54,no_object
e93408ad04b7.webp,55,no_object
e93408ad04b7.webp,56,no_object
e93408ad04b7.webp,57,no_object
e93408ad04b7.webp,58,no_object
e93408ad04b7.webp,59,no_object
e93408ad04b7.webp,60,no_object
e93408ad04b7.webp,61,no_object
e93408ad04b7.webp,62,no_object
e93408ad04b7.webp,63,no_object
e93408ad04b7.webp,64,no_object
eabbb4a10004.webp,1,no_object
eabbb4a10004.webp,2,no_object
eabbb4a10004.webp,3,no_object
eabbb4a10004.webp,4,no_object
eabbb4a10004.webp,5,no_object
eabbb4a10004.webp,6,no_object
eabbb4a10004.webp,7,no_object
eabbb4a10004.webp,8,no_object
eabbb4a10004.webp,9,no_object
eabbb4a10004.webp,10,no_object
eabbb4a10004.webp,11,no_object
eabbb4a10004.webp,12,no_object
eabbb4a10004.webp,13,no_object
eabbb4a10004.webp,14,no_object
eabbb4a10004.webp,15,no_object
eabbb4a10004.webp,16,no_object
eabbb4a10004.webp,17,no_object
eabbb4a10004.webp,18,no_object
eabbb4a10004.webp,19,bat
eabbb4a10004.webp,20,bat
eabbb4a10004.webp,21,no_object
eabbb4a10004.webp,22,no_object
eabbb4a10004.webp,23,no_object
eabbb4a10004.webp,24,no_object
eabbb4a10004.webp,25,no_object
eabbb4a10004.webp,26,no_object
eabbb4a10004.webp,27,bat
eabbb4a10004.webp,28,bat
eabbb4a10004.webp,29,no_object
eabbb4a10004.webp,30,no_object
eabbb4a10004.webp,31,no_object
eabbb4a10004.webp,32,no_object
eabbb4a10004.webp,33,no_object
eabbb4a10004.webp,34,no_object
eabbb4a10004.webp,35,no_object
eabbb4a10004.webp,36,no_object
eabbb4a10004.webp,37,no_object
eabbb4a10004.webp,38,no_object
eabbb4a10004.webp,39,no_object
eabbb4a10004.webp,40,no_object
eabbb4a10004.webp,41,no_object
eabbb4a10004.webp,42,no_object
eabbb4a10004.webp,43,no_object
eabbb4a10004.webp,44,no_object
eabbb4a10004.webp,45,no_object
eabbb4a10004.webp,46,no_object
eabbb4a10004.webp,47,no_object
eabbb4a10004.webp,48,no_object
eabbb4a10004.webp,49,no_object
eabbb4a10004.webp,50,no_object
eabbb4a10004.webp,51,no_object
eabbb4a10004.webp,52,no_object
eabbb4a10004.webp,53,no_object
eabbb4a10004.webp,54,no_object
eabbb4a10004.webp,55,no_object
eabbb4a10004.webp,56,no_object
eabbb4a10004.webp,57,no_object
eabbb4a10004.webp,58,no_object
eabbb4a10004.webp,59,no_object
eabbb4a10004.webp,60,no_object
eabbb4a10004.webp,61,no_object
eabbb4a10004.webp,62,no_object
eabbb4a10004.webp,63,no_object
eabbb4a10004.webp,64,no_object
ef6653f8c3ab.webp,1,no_object
ef6653f8c3ab.webp,2,no_object
ef6653f8c3ab.webp,3,no_object
ef6653f8c3ab.webp,4,no_object
ef6653f8c3ab.webp,5,no_object
ef6653f8c3ab.webp,6,no_object
ef6653f8c3ab.webp,7,no_object
ef6653f8c3ab.webp,8,no_object
ef6653f8c3ab.webp,9,no_object
ef6653f8c3ab.webp,10,no_object
ef6653f8c3ab.webp,11,no_object
ef6653f8c3ab.webp,12,no_object
ef6653f8c3ab.webp,13,no_object
ef6653f8c3ab.webp,14,no_object
ef6653f8c3ab.webp,15,no_object
ef6653f8c3ab.webp,16,no_object
ef6653f8c3ab.webp,17,no_object
ef6653f8c3ab.webp,18,no_object
ef6653f8c3ab.webp,19,no_object
ef6653f8c3ab.webp,20,no_object
ef6653f8c3ab.webp,21,ball
ef6653f8c3ab.webp,22,ball
ef6653f8c3ab.webp,23,no_object
ef6653f8c3ab.webp,24,no_object
ef6653f8c3ab.webp,25,no_object
ef6653f8c3ab.webp,26,no_object
ef6653f8c3ab.webp,27,no_object
ef6653f8c3ab.webp,28,no_object
ef6653f8c3ab.webp,29,no_object
ef6653f8c3ab.webp,30,no_object
ef6653f8c3ab.webp,31,no_object
ef6653f8c3ab.webp,32,no_object
ef6653f8c3ab.webp,33,no_object
ef6653f8c3ab.webp,34,no_object
ef6653f8c3ab.webp,35,no_object
ef6653f8c3ab.webp,36,no_object
ef6653f8c3ab.webp,37,no_object
ef6653f8c3ab.webp,38,no_object
ef6653f8c3ab.webp,39,no_object
ef6653f8c3ab.webp,40,no_object
ef6653f8c3ab.webp,41,no_object
ef6653f8c3ab.webp,42,no_object
ef6653f8c3ab.webp,43,no_object
ef6653f8c3ab.webp,44,no_object
ef6653f8c3ab.webp,45,no_object
ef6653f8c3ab.webp,46,no_object
ef6653f8c3ab.webp,47,no_object
ef6653f8c3ab.webp,48,no_object
ef6653f8c3ab.webp,49,no_object
ef6653f8c3ab.webp,50,no_object
ef6653f8c3ab.webp,51,no_object
ef6653f8c3ab.webp,52,no_object
ef6653f8c3ab.webp,53,no_object
ef6653f8c3ab.webp,54,no_object
ef6653f8c3ab.webp,55,no_object
ef6653f8c3ab.webp,56,no_object
ef6653f8c3ab.webp,57,no_object
ef6653f8c3ab.webp,58,no_object
ef6653f8c3ab.webp,59,no_object
ef6653f8c3ab.webp,60,no_object
ef6653f8c3ab.webp,61,no_object
ef6653f8c3ab.webp,62,no_object
ef6653f8c3ab.webp,63,no_object
ef6653f8c3ab.webp,64,no_object
f4620b44eaf6.webp,1,no_object
f4620b44eaf6.webp,2,no_object
f4620b44eaf6.webp,3,no_object
f4620b44eaf6.webp,4,no_object
f4620b44eaf6.webp,5,no_object
f4620b44eaf6.webp,6,no_object
f4620b44eaf6.webp,7,no_object
f4620b44eaf6.webp,8,no_object
f4620b44eaf6.webp,9,no_object
f4620b44eaf6.webp,10,no_object
f4620b44eaf6.webp,11,bat
f4620b44eaf6.webp,12,bat
f4620b44eaf6.webp,13,no_object
f4620b44eaf6.webp,14,no_object
f4620b44eaf6.webp,15,no_object
f4620b44eaf6.webp,16,no_object
f4620b44eaf6.webp,17,no_object
f4620b44eaf6.webp,18,no_object
f4620b44eaf6.webp,19,no_object
f4620b44eaf6.webp,20,bat
f4620b44eaf6.webp,21,no_object
f4620b44eaf6.webp,22,no_object
f4620b44eaf6.webp,23,no_object
f4620b44eaf6.webp,24,no_object
f4620b44eaf6.webp,25,no_object
f4620b44eaf6.webp,26,no_object
f4620b44eaf6.webp,27,no_object
f4620b44eaf6.webp,28,no_object
f4620b44eaf6.webp,29,no_object
f4620b44eaf6.webp,30,no_object
f4620b44eaf6.webp,31,no_object
f4620b44eaf6.webp,32,no_object
f4620b44eaf6.webp,33,stump
f4620b44eaf6.webp,34,no_object
f4620b44eaf6.webp,35,no_object
f4620b44eaf6.webp,36,no_object
f4620b44eaf6.webp,37,no_object
f4620b44eaf6.webp,38,no_object
f4620b44eaf6.webp,39,no_object
f4620b44eaf6.webp,40,no_object
f4620b44eaf6.webp,41,stump
f4620b44eaf6.webp,42,no_object
f4620b44eaf6.webp,43,no_object
f4620b44eaf6.webp,44,no_object
f4620b44eaf6.webp,45,no_object
f4620b44eaf6.webp,46,no_object
f4620b44eaf6.webp,47,no_object
f4620b44eaf6.webp,48,no_object
f4620b44eaf6.webp,49,stump
f4620b44eaf6.webp,50,no_object
f4620b44eaf6.webp,51,no_object
f4620b44eaf6.webp,52,no_object
f4620b44eaf6.webp,53,no_object
f4620b44eaf6.webp,54,no_object
f4620b44eaf6.webp,55,no_object
f4620b44eaf6.webp,56,no_object
f4620b44eaf6.webp,57,stump
f4620b44eaf6.webp,58,no_object
f4620b44eaf6.webp,59,no_object
f4620b44eaf6.webp,60,no_object
f4620b44eaf6.webp,61,no_object
f4620b44eaf6.webp,62,no_object
f4620b44eaf6.webp,63,no_object
f4620b44eaf6.webp,64,no_object
ffff8f9bde9f.webp,1,no_object
ffff8f9bde9f.webp,2,no_object
ffff8f9bde9f.webp,3,no_object
ffff8f9bde9f.webp,4,no_object
ffff8f9bde9f.webp,5,ball
ffff8f9bde9f.webp,6,no_object
ffff8f9bde9f.webp,7,no_object
ffff8f9bde9f.webp,8,no_object
ffff8f9bde9f.webp,9,no_object
ffff8f9bde9f.webp,10,no_object
ffff8f9bde9f.webp,11,no_object
ffff8f9bde9f.webp,12,no_object
ffff8f9bde9f.webp,13,no_object
ffff8f9bde9f.webp,14,no_object
ffff8f9bde9f.webp,15,no_object
ffff8f9bde9f.webp,16,no_object
ffff8f9bde9f.webp,17,no_object
ffff8f9bde9f.webp,18,no_object
ffff8f9bde9f.webp,19,no_object
ffff8f9bde9f.webp,20,no_object
ffff8f9bde9f.webp,21,no_object
ffff8f9bde9f.webp,22,no_object
ffff8f9bde9f.webp,23,no_object
ffff8f9bde9f.webp,24,no_object
ffff8f9bde9f.webp,25,no_object
ffff8f9bde9f.webp,26,no_object
ffff8f9bde9f.webp,27,no_object
ffff8f9bde9f.webp,28,no_object
ffff8f9bde9f.webp,29,no_object
ffff8f9bde9f.webp,30,no_object
ffff8f9bde9f.webp,31,no_object
ffff8f9bde9f.webp,32,no_object
ffff8f9bde9f.webp,33,no_object
ffff8f9bde9f.webp,34,no_object
ffff8f9bde9f.webp,35,no_object
ffff8f9bde9f.webp,36,no_object
ffff8f9bde9f.webp,37,no_object
ffff8f9bde9f.webp,38,no_object
ffff8f9bde9f.webp,39,no_object
ffff8f9bde9f.webp,40,no_object
ffff8f9bde9f.webp,41,no_object
ffff8f9bde9f.webp,42,no_object
ffff8f9bde9f.webp,43,no_object
ffff8f9bde9f.webp,44,no_object
ffff8f9bde9f.webp,45,no_object
ffff8f9bde9f.webp,46,no_object
ffff8f9bde9f.webp,47,no_object
ffff8f9bde9f.webp,48,no_object
ffff8f9bde9f.webp,49,no_object
ffff8f9bde9f.webp,50,no_object
ffff8f9bde9f.webp,51,no_object
ffff8f9bde9f.webp,52,no_object
ffff8f9bde9f.webp,53,no_object
ffff8f9bde9f.webp,54,no_object
ffff8f9bde9f.webp,55,no_object
ffff8f9bde9f.webp,56,no_object
ffff8f9bde9f.webp,57,no_object
ffff8f9bde9f.webp,58,no_object
ffff8f9bde9f.webp,59,no_object
ffff8f9bde9f.webp,60,no_object
ffff8f9bde9f.webp,61,no_object
ffff8f9bde9f.webp,62,no_object
ffff8f9bde9f.webp,63,no_object
ffff8f9bde9f.webp,64,no_object
i.jpeg,1,no_object
i.jpeg,2,no_object
i.jpeg,3,no_object
i.jpeg,4,no_object
i.jpeg,5,no_object
i.jpeg,6,no_object
i.jpeg,7,no_object
i.jpeg,8,no_object
i.jpeg,9,no_object
i.jpeg,10,no_object
i.jpeg,11,no_object
i.jpeg,12,no_object
i.jpeg,13,no_object
i.jpeg,14,bat
i.jpeg,15,bat
i.jpeg,16,no_object
i.jpeg,17,no_object
i.jpeg,18,no_object
i.jpeg,19,no_object
i.jpeg,20,no_object
i.jpeg,21,no_object
i.jpeg,22,bat
i.jpeg,23,no_object
i.jpeg,24,no_object
i.jpeg,25,no_object
i.jpeg,26,no_object
i.jpeg,27,no_object
i.jpeg,28,no_object
i.jpeg,29,no_object
i.jpeg,30,no_object
i.jpeg,31,no_object
i.jpeg,32,no_object
i.jpeg,33,no_object
i.jpeg,34,no_object
i.jpeg,35,no_object
i.jpeg,36,no_object
i.jpeg,37,no_object
i.jpeg,38,no_object
i.jpeg,39,no_object
i.jpeg,40,no_object
i.jpeg,41,no_object
i.jpeg,42,no_object
i.jpeg,43,no_object
i.jpeg,44,no_object
i.jpeg,45,no_object
i.jpeg,46,no_object
i.jpeg,47,no_object
i.jpeg,48,no_object
i.jpeg,49,no_object
i.jpeg,50,no_object
i.jpeg,51,no_object
i.jpeg,52,no_object
i.jpeg,53,no_object
i.jpeg,54,no_object
i.jpeg,55,no_object
i.jpeg,56,no_object
i.jpeg,57,no_object
i.jpeg,58,no_object
i.jpeg,59,no_object
i.jpeg,60,no_object
i.jpeg,61,no_object
i.jpeg,62,no_object
i.jpeg,63,no_object
i.jpeg,64,no_object
ind_sri_lanka_odi.jpg,1,no_object
ind_sri_lanka_odi.jpg,2,no_object
ind_sri_lanka_odi.jpg,3,no_object
ind_sri_lanka_odi.jpg,4,no_object
ind_sri_lanka_odi.jpg,5,bat
ind_sri_lanka_odi.jpg,6,no_object
ind_sri_lanka_odi.jpg,7,no_object
ind_sri_lanka_odi.jpg,8,no_object
ind_sri_lanka_odi.jpg,9,no_object
ind_sri_lanka_odi.jpg,10,no_object
ind_sri_lanka_odi.jpg,11,no_object
ind_sri_lanka_odi.jpg,12,no_object
ind_sri_lanka_odi.jpg,13,bat
ind_sri_lanka_odi.jpg,14,no_object
ind_sri_lanka_odi.jpg,15,no_object
ind_sri_lanka_odi.jpg,16,no_object
ind_sri_lanka_odi.jpg,17,no_object
ind_sri_lanka_odi.jpg,18,no_object
ind_sri_lanka_odi.jpg,19,no_object
ind_sri_lanka_odi.jpg,20,no_object
ind_sri_lanka_odi.jpg,21,no_object
ind_sri_lanka_odi.jpg,22,no_object
ind_sri_lanka_odi.jpg,23,no_object
ind_sri_lanka_odi.jpg,24,no_object
ind_sri_lanka_odi.jpg,25,no_object
ind_sri_lanka_odi.jpg,26,no_object
ind_sri_lanka_odi.jpg,27,no_object
ind_sri_lanka_odi.jpg,28,no_object
ind_sri_lanka_odi.jpg,29,no_object
ind_sri_lanka_odi.jpg,30,no_object
ind_sri_lanka_odi.jpg,31,ball
ind_sri_lanka_odi.jpg,32,no_object
ind_sri_lanka_odi.jpg,33,no_object
ind_sri_lanka_odi.jpg,34,no_object
ind_sri_lanka_odi.jpg,35,no_object
ind_sri_lanka_odi.jpg,36,stump
ind_sri_lanka_odi.jpg,37,stump
ind_sri_lanka_odi.jpg,38,no_object
ind_sri_lanka_odi.jpg,39,ball
ind_sri_lanka_odi.jpg,40,no_object
ind_sri_lanka_odi.jpg,41,no_object
ind_sri_lanka_odi.jpg,42,no_object
ind_sri_lanka_odi.jpg,43,no_object
ind_sri_lanka_odi.jpg,44,stump
ind_sri_lanka_odi.jpg,45,stump
ind_sri_lanka_odi.jpg,46,no_object
ind_sri_lanka_odi.jpg,47,no_object
ind_sri_lanka_odi.jpg,48,no_object
ind_sri_lanka_odi.jpg,49,no_object
ind_sri_lanka_odi.jpg,50,no_object
ind_sri_lanka_odi.jpg,51,no_object
ind_sri_lanka_odi.jpg,52,stump
ind_sri_lanka_odi.jpg,53,stump
ind_sri_lanka_odi.jpg,54,no_object
ind_sri_lanka_odi.jpg,55,no_object
ind_sri_lanka_odi.jpg,56,no_object
ind_sri_lanka_odi.jpg,57,no_object
ind_sri_lanka_odi.jpg,58,no_object
ind_sri_lanka_odi.jpg,59,no_object
ind_sri_lanka_odi.jpg,60,stump
ind_sri_lanka_odi.jpg,61,stump
ind_sri_lanka_odi.jpg,62,no_object
ind_sri_lanka_odi.jpg,63,no_object
ind_sri_lanka_odi.jpg,64,no_object
j89rh238hdw.webp,1,no_object
j89rh238hdw.webp,2,no_object
j89rh238hdw.webp,3,no_object
j89rh238hdw.webp,4,no_object
j89rh238hdw.webp,5,no_object
j89rh238hdw.webp,6,no_object
j89rh238hdw.webp,7,no_object
j89rh238hdw.webp,8,no_object
j89rh238hdw.webp,9,no_object
j89rh238hdw.webp,10,no_object
j89rh238hdw.webp,11,no_object
j89rh238hdw.webp,12,no_object
j89rh238hdw.webp,13,no_object
j89rh238hdw.webp,14,no_object
j89rh238hdw.webp,15,no_object
j89rh238hdw.webp,16,no_object
j89rh238hdw.webp,17,no_object
j89rh238hdw.webp,18,no_object
j89rh238hdw.webp,19,no_object
j89rh238hdw.webp,20,no_object
j89rh238hdw.webp,21,no_object
j89rh238hdw.webp,22,no_object
j89rh238hdw.webp,23,no_object
j89rh238hdw.webp,24,no_object
j89rh238hdw.webp,25,no_object
j89rh238hdw.webp,26,stump
j89rh238hdw.webp,27,no_object
j89rh238hdw.webp,28,no_object
j89rh238hdw.webp,29,no_object
j89rh238hdw.webp,30,no_object
j89rh238hdw.webp,31,no_object
j89rh238hdw.webp,32,no_object
j89rh238hdw.webp,33,no_object
j89rh238hdw.webp,34,stump
j89rh238hdw.webp,35,no_object
j89rh238hdw.webp,36,no_object
j89rh238hdw.webp,37,no_object
j89rh238hdw.webp,38,no_object
j89rh238hdw.webp,39,no_object
j89rh238hdw.webp,40,no_object
j89rh238hdw.webp,41,no_object
j89rh238hdw.webp,42,stump
j89rh238hdw.webp,43,no_object
j89rh238hdw.webp,44,no_object
j89rh238hdw.webp,45,bat
j89rh238hdw.webp,46,no_object
j89rh238hdw.webp,47,no_object
j89rh238hdw.webp,48,no_object
j89rh238hdw.webp,49,no_object
j89rh238hdw.webp,50,stump
j89rh238hdw.webp,51,no_object
j89rh238hdw.webp,52,no_object
j89rh238hdw.webp,53,bat
j89rh238hdw.webp,54,no_object
j89rh238hdw.webp,55,no_object
j89rh238hdw.webp,56,no_object
j89rh238hdw.webp,57,stump
j89rh238hdw.webp,58,stump
j89rh238hdw.webp,59,no_object
j89rh238hdw.webp,60,no_object
j89rh238hdw.webp,61,no_object
j89rh238hdw.webp,62,no_object
j89rh238hdw.webp,63,no_object
j89rh238hdw.webp,64,no_object
xdb91txmi6mesvl9yx4k.jpeg,1,bat
xdb91txmi6mesvl9yx4k.jpeg,2,bat
xdb91txmi6mesvl9yx4k.jpeg,3,no_object
xdb91txmi6mesvl9yx4k.jpeg,4,no_object
xdb91txmi6mesvl9yx4k.jpeg,5,no_object
xdb91txmi6mesvl9yx4k.jpeg,6,no_object
xdb91txmi6mesvl9yx4k.jpeg,7,no_object
xdb91txmi6mesvl9yx4k.jpeg,8,no_object
xdb91txmi6mesvl9yx4k.jpeg,9,bat
xdb91txmi6mesvl9yx4k.jpeg,10,bat
xdb91txmi6mesvl9yx4k.jpeg,11,no_object
xdb91txmi6mesvl9yx4k.jpeg,12,no_object
xdb91txmi6mesvl9yx4k.jpeg,13,no_object
xdb91txmi6mesvl9yx4k.jpeg,14,no_object
xdb91txmi6mesvl9yx4k.jpeg,15,no_object
xdb91txmi6mesvl9yx4k.jpeg,16,no_object
xdb91txmi6mesvl9yx4k.jpeg,17,bat
xdb91txmi6mesvl9yx4k.jpeg,18,no_object
xdb91txmi6mesvl9yx4k.jpeg,19,no_object
xdb91txmi6mesvl9yx4k.jpeg,20,no_object
xdb91txmi6mesvl9yx4k.jpeg,21,no_object
xdb91txmi6mesvl9yx4k.jpeg,22,no_object
xdb91txmi6mesvl9yx4k.jpeg,23,no_object
xdb91txmi6mesvl9yx4k.jpeg,24,no_object
xdb91txmi6mesvl9yx4k.jpeg,25,no_object
xdb91txmi6mesvl9yx4k.jpeg,26,no_object
xdb91txmi6mesvl9yx4k.jpeg,27,no_object
xdb91txmi6mesvl9yx4k.jpeg,28,no_object
xdb91txmi6mesvl9yx4k.jpeg,29,no_object
xdb91txmi6mesvl9yx4k.jpeg,30,no_object
xdb91txmi6mesvl9yx4k.jpeg,31,no_object
xdb91txmi6mesvl9yx4k.jpeg,32,no_object
xdb91txmi6mesvl9yx4k.jpeg,33,no_object
xdb91txmi6mesvl9yx4k.jpeg,34,no_object
xdb91txmi6mesvl9yx4k.jpeg,35,no_object
xdb91txmi6mesvl9yx4k.jpeg,36,no_object
xdb91txmi6mesvl9yx4k.jpeg,37,no_object
xdb91txmi6mesvl9yx4k.jpeg,38,no_object
xdb91txmi6mesvl9yx4k.jpeg,39,stump
xdb91txmi6mesvl9yx4k.jpeg,40,no_object
xdb91txmi6mesvl9yx4k.jpeg,41,no_object
xdb91txmi6mesvl9yx4k.jpeg,42,no_object
xdb91txmi6mesvl9yx4k.jpeg,43,no_object
xdb91txmi6mesvl9yx4k.jpeg,44,no_object
xdb91txmi6mesvl9yx4k.jpeg,45,no_object
xdb91txmi6mesvl9yx4k.jpeg,46,no_object
xdb91txmi6mesvl9yx4k.jpeg,47,stump
xdb91txmi6mesvl9yx4k.jpeg,48,no_object
xdb91txmi6mesvl9yx4k.jpeg,49,no_object
xdb91txmi6mesvl9yx4k.jpeg,50,no_object
xdb91txmi6mesvl9yx4k.jpeg,51,no_object
xdb91txmi6mesvl9yx4k.jpeg,52,no_object
xdb91txmi6mesvl9yx4k.jpeg,53,no_object
xdb91txmi6mesvl9yx4k.jpeg,54,no_object
xdb91txmi6mesvl9yx4k.jpeg,55,stump
xdb91txmi6mesvl9yx4k.jpeg,56,no_object
xdb91txmi6mesvl9yx4k.jpeg,57,no_object
xdb91txmi6mesvl9yx4k.jpeg,58,no_object
xdb91txmi6mesvl9yx4k.jpeg,59,no_object
xdb91txmi6mesvl9yx4k.jpeg,60,no_object
xdb91txmi6mesvl9yx4k.jpeg,61,no_object
xdb91txmi6mesvl9yx4k.jpeg,62,no_object
xdb91txmi6mesvl9yx4k.jpeg,63,stump
xdb91txmi6mesvl9yx4k.jpeg,64,no_object
0b70cbb67c0c.webp,1,no_object
0b70cbb67c0c.webp,2,no_object
0b70cbb67c0c.webp,3,no_object
0b70cbb67c0c.webp,4,no_object
0b70cbb67c0c.webp,5,no_object
0b70cbb67c0c.webp,6,no_object
0b70cbb67c0c.webp,7,no_object
0b70cbb67c0c.webp,8,no_object
0b70cbb67c0c.webp,9,no_object
0b70cbb67c0c.webp,10,no_object
0b70cbb67c0c.webp,11,no_object
0b70cbb67c0c.webp,12,no_object
0b70cbb67c0c.webp,13,no_object
0b70cbb67c0c.webp,14,no_object
0b70cbb67c0c.webp,15,no_object
0b70cbb67c0c.webp,16,no_object
0b70cbb67c0c.webp,17,no_object
0b70cbb67c0c.webp,18,no_object
0b70cbb67c0c.webp,19,no_object
0b70cbb67c0c.webp,20,no_object
0b70cbb67c0c.webp,21,bat
0b70cbb67c0c.webp,22,bat
0b70cbb67c0c.webp,23,no_object
0b70cbb67c0c.webp,24,no_object
0b70cbb67c0c.webp,25,no_object
0b70cbb67c0c.webp,26,no_object
0b70cbb67c0c.webp,27,no_object
0b70cbb67c0c.webp,28,no_object
0b70cbb67c0c.webp,29,bat
0b70cbb67c0c.webp,30,bat
0b70cbb67c0c.webp,31,no_object
0b70cbb67c0c.webp,32,no_object
0b70cbb67c0c.webp,33,no_object
0b70cbb67c0c.webp,34,no_object
0b70cbb67c0c.webp,35,no_object
0b70cbb67c0c.webp,36,no_object
0b70cbb67c0c.webp,37,no_object
0b70cbb67c0c.webp,38,no_object
0b70cbb67c0c.webp,39,no_object
0b70cbb67c0c.webp,40,no_object
0b70cbb67c0c.webp,41,no_object
0b70cbb67c0c.webp,42,no_object
0b70cbb67c0c.webp,43,no_object
0b70cbb67c0c.webp,44,no_object
0b70cbb67c0c.webp,45,no_object
0b70cbb67c0c.webp,46,no_object
0b70cbb67c0c.webp,47,no_object
0b70cbb67c0c.webp,48,no_object
0b70cbb67c0c.webp,49,no_object
0b70cbb67c0c.webp,50,no_object
0b70cbb67c0c.webp,51,no_object
0b70cbb67c0c.webp,52,no_object
0b70cbb67c0c.webp,53,no_object
0b70cbb67c0c.webp,54,no_object
0b70cbb67c0c.webp,55,no_object
0b70cbb67c0c.webp,56,no_object
0b70cbb67c0c.webp,57,no_object
0b70cbb67c0c.webp,58,no_object
0b70cbb67c0c.webp,59,no_object
0b70cbb67c0c.webp,60,no_object
0b70cbb67c0c.webp,61,no_object
0b70cbb67c0c.webp,62,no_object
0b70cbb67c0c.webp,63,no_object
0b70cbb67c0c.webp,64,no_object
107384394.jpg,1,no_object
107384394.jpg,2,no_object
107384394.jpg,3,no_object
107384394.jpg,4,no_object
107384394.jpg,5,no_object
107384394.jpg,6,no_object
107384394.jpg,7,no_object
107384394.jpg,8,no_object
107384394.jpg,9,no_object
107384394.jpg,10,no_object
107384394.jpg,11,no_object
107384394.jpg,12,no_object
107384394.jpg,13,no_object
107384394.jpg,14,no_object
107384394.jpg,15,no_object
107384394.jpg,16,no_object
107384394.jpg,17,no_object
107384394.jpg,18,no_object
107384394.jpg,19,no_object
107384394.jpg,20,no_object
107384394.jpg,21,no_object
107384394.jpg,22,no_object
107384394.jpg,23,no_object
107384394.jpg,24,no_object
107384394.jpg,25,no_object
107384394.jpg,26,no_object
107384394.jpg,27,no_object
107384394.jpg,28,no_object
107384394.jpg,29,stump
107384394.jpg,30,no_object
107384394.jpg,31,no_object
107384394.jpg,32,no_object
107384394.jpg,33,no_object
107384394.jpg,34,no_object
107384394.jpg,35,no_object
107384394.jpg,36,no_object
107384394.jpg,37,stump
107384394.jpg,38,no_object
107384394.jpg,39,stump
107384394.jpg,40,stump
107384394.jpg,41,no_object
107384394.jpg,42,bat
107384394.jpg,43,no_object
107384394.jpg,44,no_object
107384394.jpg,45,stump
107384394.jpg,46,no_object
107384394.jpg,47,stump
107384394.jpg,48,stump
107384394.jpg,49,no_object
107384394.jpg,50,bat
107384394.jpg,51,no_object
107384394.jpg,52,no_object
107384394.jpg,53,no_object
107384394.jpg,54,no_object
107384394.jpg,55,stump
107384394.jpg,56,no_object
107384394.jpg,57,no_object
107384394.jpg,58,bat
107384394.jpg,59,no_object
107384394.jpg,60,no_object
107384394.jpg,61,no_object
107384394.jpg,62,no_object
107384394.jpg,63,stump
107384394.jpg,64,no_object
407884.jpeg,1,no_object
407884.jpeg,2,no_object
407884.jpeg,3,no_object
407884.jpeg,4,no_object
407884.jpeg,5,no_object
407884.jpeg,6,no_object
407884.jpeg,7,no_object
407884.jpeg,8,no_object
407884.jpeg,9,no_object
407884.jpeg,10,no_object
407884.jpeg,11,no_object
407884.jpeg,12,no_object
407884.jpeg,13,no_object
407884.jpeg,14,ball
407884.jpeg,15,ball
407884.jpeg,16,no_object
407884.jpeg,17,no_object
407884.jpeg,18,no_object
407884.jpeg,19,no_object
407884.jpeg,20,no_object
407884.jpeg,21,no_object
407884.jpeg,22,ball
407884.jpeg,23,ball
407884.jpeg,24,no_object
407884.jpeg,25,no_object
407884.jpeg,26,no_object
407884.jpeg,27,no_object
407884.jpeg,28,no_object
407884.jpeg,29,no_object
407884.jpeg,30,no_object
407884.jpeg,31,no_object
407884.jpeg,32,no_object
407884.jpeg,33,no_object
407884.jpeg,34,no_object
407884.jpeg,35,bat
407884.jpeg,36,no_object
407884.jpeg,37,no_object
407884.jpeg,38,no_object
407884.jpeg,39,no_object
407884.jpeg,40,no_object
407884.jpeg,41,no_object
407884.jpeg,42,no_object
407884.jpeg,43,bat
407884.jpeg,44,no_object
407884.jpeg,45,no_object
407884.jpeg,46,no_object
407884.jpeg,47,no_object
407884.jpeg,48,no_object
407884.jpeg,49,no_object
407884.jpeg,50,no_object
407884.jpeg,51,bat
407884.jpeg,52,no_object
407884.jpeg,53,no_object
407884.jpeg,54,no_object
407884.jpeg,55,no_object
407884.jpeg,56,no_object
407884.jpeg,57,no_object
407884.jpeg,58,no_object
407884.jpeg,59,no_object
407884.jpeg,60,no_object
407884.jpeg,61,no_object
407884.jpeg,62,no_object
407884.jpeg,63,no_object
407884.jpeg,64,no_object
407901.jpeg,1,no_object
407901.jpeg,2,no_object
407901.jpeg,3,no_object
407901.jpeg,4,no_object
407901.jpeg,5,no_object
407901.jpeg,6,no_object
407901.jpeg,7,no_object
407901.jpeg,8,no_object
407901.jpeg,9,no_object
407901.jpeg,10,no_object
407901.jpeg,11,no_object
407901.jpeg,12,no_object
407901.jpeg,13,no_object
407901.jpeg,14,no_object
407901.jpeg,15,no_object
407901.jpeg,16,no_object
407901.jpeg,17,no_object
407901.jpeg,18,ball
407901.jpeg,19,bat
407901.jpeg,20,bat
407901.jpeg,21,no_object
407901.jpeg,22,no_object
407901.jpeg,23,no_object
407901.jpeg,24,no_object
407901.jpeg,25,no_object
407901.jpeg,26,bat
407901.jpeg,27,bat
407901.jpeg,28,no_object
407901.jpeg,29,no_object
407901.jpeg,30,no_object
407901.jpeg,31,no_object
407901.jpeg,32,no_object
407901.jpeg,33,no_object
407901.jpeg,34,no_object
407901.jpeg,35,no_object
407901.jpeg,36,no_object
407901.jpeg,37,no_object
407901.jpeg,38,no_object
407901.jpeg,39,no_object
407901.jpeg,40,no_object
407901.jpeg,41,no_object
407901.jpeg,42,no_object
407901.jpeg,43,no_object
407901.jpeg,44,no_object
407901.jpeg,45,no_object
407901.jpeg,46,no_object
407901.jpeg,47,no_object
407901.jpeg,48,no_object
407901.jpeg,49,no_object
407901.jpeg,50,no_object
407901.jpeg,51,no_object
407901.jpeg,52,no_object
407901.jpeg,53,no_object
407901.jpeg,54,no_object
407901.jpeg,55,no_object
407901.jpeg,56,no_object
407901.jpeg,57,no_object
407901.jpeg,58,no_object
407901.jpeg,59,no_object
407901.jpeg,60,no_object
407901.jpeg,61,no_object
407901.jpeg,62,no_object
407901.jpeg,63,no_object
407901.jpeg,64,no_object
407905.jpeg,1,no_object
407905.jpeg,2,no_object
407905.jpeg,3,no_object
407905.jpeg,4,no_object
407905.jpeg,5,no_object
407905.jpeg,6,no_object
407905.jpeg,7,no_object
407905.jpeg,8,no_object
407905.jpeg,9,no_object
407905.jpeg,10,no_object
407905.jpeg,11,no_object
407905.jpeg,12,no_object
407905.jpeg,13,no_object
407905.jpeg,14,no_object
407905.jpeg,15,no_object
407905.jpeg,16,no_object
407905.jpeg,17,no_object
407905.jpeg,18,no_object
407905.jpeg,19,no_object
407905.jpeg,20,no_object
407905.jpeg,21,no_object
407905.jpeg,22,no_object
407905.jpeg,23,no_object
407905.jpeg,24,no_object
407905.jpeg,25,bat
407905.jpeg,26,no_object
407905.jpeg,27,no_object
407905.jpeg,28,no_object
407905.jpeg,29,no_object
407905.jpeg,30,stump
407905.jpeg,31,no_object
407905.jpeg,32,no_object
407905.jpeg,33,bat
407905.jpeg,34,bat
407905.jpeg,35,no_object
407905.jpeg,36,no_object
407905.jpeg,37,no_object
407905.jpeg,38,stump
407905.jpeg,39,no_object
407905.jpeg,40,no_object
407905.jpeg,41,no_object
407905.jpeg,42,no_object
407905.jpeg,43,no_object
407905.jpeg,44,no_object
407905.jpeg,45,ball
407905.jpeg,46,stump
407905.jpeg,47,no_object
407905.jpeg,48,no_object
407905.jpeg,49,no_object
407905.jpeg,50,no_object
407905.jpeg,51,no_object
407905.jpeg,52,no_object
407905.jpeg,53,no_object
407905.jpeg,54,no_object
407905.jpeg,55,no_object
407905.jpeg,56,no_object
407905.jpeg,57,no_object
407905.jpeg,58,no_object
407905.jpeg,59,no_object
407905.jpeg,60,no_object
407905.jpeg,61,no_object
407905.jpeg,62,no_object
407905.jpeg,63,no_object
407905.jpeg,64,no_object
407909.jpeg,1,no_object
407909.jpeg,2,no_object
407909.jpeg,3,no_object
407909.jpeg,4,no_object
407909.jpeg,5,bat
407909.jpeg,6,bat
407909.jpeg,7,no_object
407909.jpeg,8,no_object
407909.jpeg,9,no_object
407909.jpeg,10,no_object
407909.jpeg,11,no_object
407909.jpeg,12,no_object
407909.jpeg,13,no_object
407909.jpeg,14,bat
407909.jpeg,15,no_object
407909.jpeg,16,no_object
407909.jpeg,17,no_object
407909.jpeg,18,no_object
407909.jpeg,19,ball
407909.jpeg,20,no_object
407909.jpeg,21,no_object
407909.jpeg,22,bat
407909.jpeg,23,no_object
407909.jpeg,24,no_object
407909.jpeg,25,no_object
407909.jpeg,26,no_object
407909.jpeg,27,no_object
407909.jpeg,28,no_object
407909.jpeg,29,no_object
407909.jpeg,30,no_object
407909.jpeg,31,no_object
407909.jpeg,32,no_object
407909.jpeg,33,no_object
407909.jpeg,34,no_object
407909.jpeg,35,no_object
407909.jpeg,36,no_object
407909.jpeg,37,no_object
407909.jpeg,38,no_object
407909.jpeg,39,no_object
407909.jpeg,40,no_object
407909.jpeg,41,no_object
407909.jpeg,42,stump
407909.jpeg,43,no_object
407909.jpeg,44,no_object
407909.jpeg,45,no_object
407909.jpeg,46,no_object
407909.jpeg,47,no_object
407909.jpeg,48,no_object
407909.jpeg,49,no_object
407909.jpeg,50,stump
407909.jpeg,51,no_object
407909.jpeg,52,no_object
407909.jpeg,53,no_object
407909.jpeg,54,no_object
407909.jpeg,55,no_object
407909.jpeg,56,no_object
407909.jpeg,57,no_object
407909.jpeg,58,stump
407909.jpeg,59,no_object
407909.jpeg,60,no_object
407909.jpeg,61,no_object
407909.jpeg,62,no_object
407909.jpeg,63,no_object
407909.jpeg,64,no_object
407922.jpeg,1,no_object
407922.jpeg,2,no_object
407922.jpeg,3,no_object
407922.jpeg,4,no_object
407922.jpeg,5,no_object
407922.jpeg,6,no_object
407922.jpeg,7,no_object
407922.jpeg,8,no_object
407922.jpeg,9,no_object
407922.jpeg,10,no_object
407922.jpeg,11,no_object
407922.jpeg,12,no_object
407922.jpeg,13,no_object
407922.jpeg,14,no_object
407922.jpeg,15,no_object
407922.jpeg,16,no_object
407922.jpeg,17,no_object
407922.jpeg,18,no_object
407922.jpeg,19,no_object
407922.jpeg,20,no_object
407922.jpeg,21,bat
407922.jpeg,22,bat
407922.jpeg,23,no_object
407922.jpeg,24,no_object
407922.jpeg,25,stump
407922.jpeg,26,no_object
407922.jpeg,27,no_object
407922.jpeg,28,no_object
407922.jpeg,29,no_object
407922.jpeg,30,bat
407922.jpeg,31,ball
407922.jpeg,32,ball
407922.jpeg,33,stump
407922.jpeg,34,no_object
407922.jpeg,35,no_object
407922.jpeg,36,no_object
407922.jpeg,37,no_object
407922.jpeg,38,bat
407922.jpeg,39,bat
407922.jpeg,40,no_object
407922.jpeg,41,stump
407922.jpeg,42,no_object
407922.jpeg,43,no_object
407922.jpeg,44,no_object
407922.jpeg,45,no_object
407922.jpeg,46,no_object
407922.jpeg,47,bat
407922.jpeg,48,no_object
407922.jpeg,49,stump
407922.jpeg,50,no_object
407922.jpeg,51,no_object
407922.jpeg,52,no_object
407922.jpeg,53,no_object
407922.jpeg,54,no_object
407922.jpeg,55,no_object
407922.jpeg,56,no_object
407922.jpeg,57,stump
407922.jpeg,58,no_object
407922.jpeg,59,no_object
407922.jpeg,60,no_object
407922.jpeg,61,no_object
407922.jpeg,62,no_object
407922.jpeg,63,no_object
407922.jpeg,64,no_object
407924.jpeg,1,no_object
407924.jpeg,2,no_object
407924.jpeg,3,no_object
407924.jpeg,4,no_object
407924.jpeg,5,no_object
407924.jpeg,6,no_object
407924.jpeg,7,no_object
407924.jpeg,8,no_object
407924.jpeg,9,no_object
407924.jpeg,10,no_object
407924.jpeg,11,no_object
407924.jpeg,12,no_object
407924.jpeg,13,no_object
407924.jpeg,14,no_object
407924.jpeg,15,no_object
407924.jpeg,16,no_object
407924.jpeg,17,no_object
407924.jpeg,18,no_object
407924.jpeg,19,no_object
407924.jpeg,20,no_object
407924.jpeg,21,no_object
407924.jpeg,22,no_object
407924.jpeg,23,no_object
407924.jpeg,24,no_object
407924.jpeg,25,no_object
407924.jpeg,26,no_object
407924.jpeg,27,no_object
407924.jpeg,28,no_object
407924.jpeg,29,no_object
407924.jpeg,30,bat
407924.jpeg,31,no_object
407924.jpeg,32,no_object
407924.jpeg,33,no_object
407924.jpeg,34,no_object
407924.jpeg,35,no_object
407924.jpeg,36,no_object
407924.jpeg,37,bat
407924.jpeg,38,bat
407924.jpeg,39,no_object
407924.jpeg,40,no_object
407924.jpeg,41,no_object
407924.jpeg,42,no_object
407924.jpeg,43,no_object
407924.jpeg,44,bat
407924.jpeg,45,ball
407924.jpeg,46,no_object
407924.jpeg,47,no_object
407924.jpeg,48,no_object
407924.jpeg,49,no_object
407924.jpeg,50,no_object
407924.jpeg,51,no_object
407924.jpeg,52,no_object
407924.jpeg,53,ball
407924.jpeg,54,no_object
407924.jpeg,55,no_object
407924.jpeg,56,no_object
407924.jpeg,57,no_object
407924.jpeg,58,no_object
407924.jpeg,59,no_object
407924.jpeg,60,no_object
407924.jpeg,61,no_object
407924.jpeg,62,no_object
407924.jpeg,63,no_object
407924.jpeg,64,no_object
407943.jpeg,1,no_object
407943.jpeg,2,no_object
407943.jpeg,3,no_object
407943.jpeg,4,bat
407943.jpeg,5,no_object
407943.jpeg,6,no_object
407943.jpeg,7,no_object
407943.jpeg,8,no_object
407943.jpeg,9,no_object
407943.jpeg,10,no_object
407943.jpeg,11,no_object
407943.jpeg,12,bat
407943.jpeg,13,no_object
407943.jpeg,14,no_object
407943.jpeg,15,no_object
407943.jpeg,16,no_object
407943.jpeg,17,no_object
407943.jpeg,18,no_object
407943.jpeg,19,bat
407943.jpeg,20,bat
407943.jpeg,21,no_object
407943.jpeg,22,no_object
407943.jpeg,23,no_object
407943.jpeg,24,no_object
407943.jpeg,25,no_object
407943.jpeg,26,no_object
407943.jpeg,27,bat
407943.jpeg,28,no_object
407943.jpeg,29,ball
407943.jpeg,30,no_object
407943.jpeg,31,no_object
407943.jpeg,32,no_object
407943.jpeg,33,stump
407943.jpeg,34,stump
407943.jpeg,35,no_object
407943.jpeg,36,no_object
407943.jpeg,37,ball
407943.jpeg,38,no_object
407943.jpeg,39,no_object
407943.jpeg,40,no_object
407943.jpeg,41,stump
407943.jpeg,42,stump
407943.jpeg,43,no_object
407943.jpeg,44,no_object
407943.jpeg,45,no_object
407943.jpeg,46,no_object
407943.jpeg,47,no_object
407943.jpeg,48,no_object
407943.jpeg,49,stump
407943.jpeg,50,stump
407943.jpeg,51,no_object
407943.jpeg,52,no_object
407943.jpeg,53,no_object
407943.jpeg,54,no_object
407943.jpeg,55,no_object
407943.jpeg,56,no_object
407943.jpeg,57,stump
407943.jpeg,58,stump
407943.jpeg,59,no_object
407943.jpeg,60,no_object
407943.jpeg,61,no_object
407943.jpeg,62,no_object
407943.jpeg,63,no_object
407943.jpeg,64,no_object
407970.jpeg,1,no_object
407970.jpeg,2,no_object
407970.jpeg,3,no_object
407970.jpeg,4,no_object
407970.jpeg,5,no_object
407970.jpeg,6,no_object
407970.jpeg,7,no_object
407970.jpeg,8,no_object
407970.jpeg,9,no_object
407970.jpeg,10,no_object
407970.jpeg,11,no_object
407970.jpeg,12,no_object
407970.jpeg,13,no_object
407970.jpeg,14,no_object
407970.jpeg,15,no_object
407970.jpeg,16,bat
407970.jpeg,17,no_object
407970.jpeg,18,no_object
407970.jpeg,19,no_object
407970.jpeg,20,no_object
407970.jpeg,21,no_object
407970.jpeg,22,no_object
407970.jpeg,23,no_object
407970.jpeg,24,bat
407970.jpeg,25,no_object
407970.jpeg,26,no_object
407970.jpeg,27,no_object
407970.jpeg,28,no_object
407970.jpeg,29,no_object
407970.jpeg,30,no_object
407970.jpeg,31,no_object
407970.jpeg,32,bat
407970.jpeg,33,no_object
407970.jpeg,34,no_object
407970.jpeg,35,no_object
407970.jpeg,36,no_object
407970.jpeg,37,no_object
407970.jpeg,38,no_object
407970.jpeg,39,no_object
407970.jpeg,40,no_object
407970.jpeg,41,no_object
407970.jpeg,42,ball
407970.jpeg,43,stump
407970.jpeg,44,no_object
407970.jpeg,45,no_object
407970.jpeg,46,no_object
407970.jpeg,47,no_object
407970.jpeg,48,no_object
407970.jpeg,49,no_object
407970.jpeg,50,no_object
407970.jpeg,51,stump
407970.jpeg,52,no_object
407970.jpeg,53,no_object
407970.jpeg,54,no_object
407970.jpeg,55,no_object
407970.jpeg,56,no_object
407970.jpeg,57,no_object
407970.jpeg,58,no_object
407970.jpeg,59,stump
407970.jpeg,60,no_object
407970.jpeg,61,no_object
407970.jpeg,62,no_object
407970.jpeg,63,no_object
407970.jpeg,64,no_object
407978.jpeg,1,no_object
407978.jpeg,2,no_object
407978.jpeg,3,no_object
407978.jpeg,4,no_object
407978.jpeg,5,no_object
407978.jpeg,6,no_object
407978.jpeg,7,no_object
407978.jpeg,8,no_object
407978.jpeg,9,no_object
407978.jpeg,10,no_object
407978.jpeg,11,no_object
407978.jpeg,12,no_object
407978.jpeg,13,no_object
407978.jpeg,14,no_object
407978.jpeg,15,no_object
407978.jpeg,16,no_object
407978.jpeg,17,no_object
407978.jpeg,18,no_object
407978.jpeg,19,bat
407978.jpeg,20,no_object
407978.jpeg,21,no_object
407978.jpeg,22,no_object
407978.jpeg,23,no_object
407978.jpeg,24,no_object
407978.jpeg,25,no_object
407978.jpeg,26,bat
407978.jpeg,27,bat
407978.jpeg,28,no_object
407978.jpeg,29,no_object
407978.jpeg,30,no_object
407978.jpeg,31,no_object
407978.jpeg,32,no_object
407978.jpeg,33,no_object
407978.jpeg,34,bat
407978.jpeg,35,no_object
407978.jpeg,36,no_object
407978.jpeg,37,no_object
407978.jpeg,38,no_object
407978.jpeg,39,no_object
407978.jpeg,40,no_object
407978.jpeg,41,no_object
407978.jpeg,42,no_object
407978.jpeg,43,no_object
407978.jpeg,44,no_object
407978.jpeg,45,no_object
407978.jpeg,46,no_object
407978.jpeg,47,no_object
407978.jpeg,48,no_object
407978.jpeg,49,no_object
407978.jpeg,50,no_object
407978.jpeg,51,ball
407978.jpeg,52,no_object
407978.jpeg,53,no_object
407978.jpeg,54,no_object
407978.jpeg,55,no_object
407978.jpeg,56,no_object
407978.jpeg,57,no_object
407978.jpeg,58,no_object
407978.jpeg,59,ball
407978.jpeg,60,no_object
407978.jpeg,61,no_object
407978.jpeg,62,no_object
407978.jpeg,63,no_object
407978.jpeg,64,no_object
407980.jpeg,1,no_object
407980.jpeg,2,no_object
407980.jpeg,3,no_object
407980.jpeg,4,no_object
407980.jpeg,5,no_object
407980.jpeg,6,no_object
407980.jpeg,7,no_object
407980.jpeg,8,no_object
407980.jpeg,9,no_object
407980.jpeg,10,no_object
407980.jpeg,11,no_object
407980.jpeg,12,no_object
407980.jpeg,13,no_object
407980.jpeg,14,no_object
407980.jpeg,15,no_object
407980.jpeg,16,no_object
407980.jpeg,17,no_object
407980.jpeg,18,no_object
407980.jpeg,19,no_object
407980.jpeg,20,no_object
407980.jpeg,21,no_object
407980.jpeg,22,no_object
407980.jpeg,23,no_object
407980.jpeg,24,no_object
407980.jpeg,25,no_object
407980.jpeg,26,no_object
407980.jpeg,27,no_object
407980.jpeg,28,no_object
407980.jpeg,29,no_object
407980.jpeg,30,no_object
407980.jpeg,31,no_object
407980.jpeg,32,ball
407980.jpeg,33,no_object
407980.jpeg,34,no_object
407980.jpeg,35,no_object
407980.jpeg,36,no_object
407980.jpeg,37,no_object
407980.jpeg,38,no_object
407980.jpeg,39,no_object
407980.jpeg,40,ball
407980.jpeg,41,stump
407980.jpeg,42,no_object
407980.jpeg,43,no_object
407980.jpeg,44,no_object
407980.jpeg,45,no_object
407980.jpeg,46,no_object
407980.jpeg,47,no_object
407980.jpeg,48,no_object
407980.jpeg,49,stump
407980.jpeg,50,no_object
407980.jpeg,51,no_object
407980.jpeg,52,no_object
407980.jpeg,53,no_object
407980.jpeg,54,no_object
407980.jpeg,55,no_object
407980.jpeg,56,no_object
407980.jpeg,57,stump
407980.jpeg,58,no_object
407980.jpeg,59,no_object
407980.jpeg,60,no_object
407980.jpeg,61,no_object
407980.jpeg,62,no_object
407980.jpeg,63,no_object
407980.jpeg,64,no_object
407987.jpeg,1,no_object
407987.jpeg,2,no_object
407987.jpeg,3,no_object
407987.jpeg,4,no_object
407987.jpeg,5,no_object
407987.jpeg,6,no_object
407987.jpeg,7,no_object
407987.jpeg,8,no_object
407987.jpeg,9,no_object
407987.jpeg,10,no_object
407987.jpeg,11,no_object
407987.jpeg,12,no_object
407987.jpeg,13,no_object
407987.jpeg,14,no_object
407987.jpeg,15,no_object
407987.jpeg,16,no_object
407987.jpeg,17,bat
407987.jpeg,18,bat
407987.jpeg,19,bat
407987.jpeg,20,no_object
407987.jpeg,21,no_object
407987.jpeg,22,no_object
407987.jpeg,23,no_object
407987.jpeg,24,no_object
407987.jpeg,25,bat
407987.jpeg,26,bat
407987.jpeg,27,no_object
407987.jpeg,28,no_object
407987.jpeg,29,no_object
407987.jpeg,30,stump
407987.jpeg,31,no_object
407987.jpeg,32,no_object
407987.jpeg,33,no_object
407987.jpeg,34,ball
407987.jpeg,35,no_object
407987.jpeg,36,no_object
407987.jpeg,37,no_object
407987.jpeg,38,stump
407987.jpeg,39,no_object
407987.jpeg,40,no_object
407987.jpeg,41,no_object
407987.jpeg,42,ball
407987.jpeg,43,no_object
407987.jpeg,44,no_object
407987.jpeg,45,no_object
407987.jpeg,46,stump
407987.jpeg,47,no_object
407987.jpeg,48,no_object
407987.jpeg,49,no_object
407987.jpeg,50,no_object
407987.jpeg,51,no_object
407987.jpeg,52,no_object
407987.jpeg,53,no_object
407987.jpeg,54,stump
407987.jpeg,55,no_object
407987.jpeg,56,no_object
407987.jpeg,57,no_object
407987.jpeg,58,no_object
407987.jpeg,59,no_object
407987.jpeg,60,no_object
407987.jpeg,61,no_object
407987.jpeg,62,no_object
407987.jpeg,63,no_object
407987.jpeg,64,no_object
408008.jpeg,1,no_object
408008.jpeg,2,no_object
408008.jpeg,3,no_object
408008.jpeg,4,no_object
408008.jpeg,5,no_object
408008.jpeg,6,no_object
408008.jpeg,7,bat
408008.jpeg,8,bat
408008.jpeg,9,no_object
408008.jpeg,10,no_object
408008.jpeg,11,no_object
408008.jpeg,12,no_object
408008.jpeg,13,no_object
408008.jpeg,14,no_object
408008.jpeg,15,bat
408008.jpeg,16,bat
408008.jpeg,17,no_object
408008.jpeg,18,no_object
408008.jpeg,19,no_object
408008.jpeg,20,no_object
408008.jpeg,21,no_object
408008.jpeg,22,bat
408008.jpeg,23,bat
408008.jpeg,24,no_object
408008.jpeg,25,no_object
408008.jpeg,26,no_object
408008.jpeg,27,no_object
408008.jpeg,28,no_object
408008.jpeg,29,no_object
408008.jpeg,30,bat
408008.jpeg,31,no_object
408008.jpeg,32,no_object
408008.jpeg,33,no_object
408008.jpeg,34,no_object
408008.jpeg,35,no_object
408008.jpeg,36,no_object
408008.jpeg,37,bat
408008.jpeg,38,bat
408008.jpeg,39,no_object
408008.jpeg,40,no_object
408008.jpeg,41,no_object
408008.jpeg,42,no_object
408008.jpeg,43,no_object
408008.jpeg,44,no_object
408008.jpeg,45,bat
408008.jpeg,46,bat
408008.jpeg,47,ball
408008.jpeg,48,no_object
408008.jpeg,49,no_object
408008.jpeg,50,no_object
408008.jpeg,51,no_object
408008.jpeg,52,bat
408008.jpeg,53,bat
408008.jpeg,54,no_object
408008.jpeg,55,ball
408008.jpeg,56,no_object
408008.jpeg,57,no_object
408008.jpeg,58,no_object
408008.jpeg,59,no_object
408008.jpeg,60,bat
408008.jpeg,61,no_object
408008.jpeg,62,no_object
408008.jpeg,63,no_object
408008.jpeg,64,no_object
408023.jpeg,1,no_object
408023.jpeg,2,no_object
408023.jpeg,3,no_object
408023.jpeg,4,no_object
408023.jpeg,5,no_object
408023.jpeg,6,no_object
408023.jpeg,7,no_object
408023.jpeg,8,no_object
408023.jpeg,9,no_object
408023.jpeg,10,no_object
408023.jpeg,11,no_object
408023.jpeg,12,no_object
408023.jpeg,13,no_object
408023.jpeg,14,no_object
408023.jpeg,15,no_object
408023.jpeg,16,no_object
408023.jpeg,17,no_object
408023.jpeg,18,no_object
408023.jpeg,19,no_object
408023.jpeg,20,no_object
408023.jpeg,21,no_object
408023.jpeg,22,no_object
408023.jpeg,23,no_object
408023.jpeg,24,no_object
408023.jpeg,25,bat
408023.jpeg,26,bat
408023.jpeg,27,no_object
408023.jpeg,28,no_object
408023.jpeg,29,ball
408023.jpeg,30,ball
408023.jpeg,31,no_object
408023.jpeg,32,no_object
408023.jpeg,33,bat
408023.jpeg,34,bat
408023.jpeg,35,bat
408023.jpeg,36,no_object
408023.jpeg,37,no_object
408023.jpeg,38,no_object
408023.jpeg,39,no_object
408023.jpeg,40,no_object
408023.jpeg,41,no_object
408023.jpeg,42,no_object
408023.jpeg,43,bat
408023.jpeg,44,bat
408023.jpeg,45,no_object
408023.jpeg,46,no_object
408023.jpeg,47,no_object
408023.jpeg,48,no_object
408023.jpeg,49,no_object
408023.jpeg,50,no_object
408023.jpeg,51,no_object
408023.jpeg,52,no_object
408023.jpeg,53,no_object
408023.jpeg,54,no_object
408023.jpeg,55,no_object
408023.jpeg,56,no_object
408023.jpeg,57,no_object
408023.jpeg,58,no_object
408023.jpeg,59,no_object
408023.jpeg,60,no_object
408023.jpeg,61,no_object
408023.jpeg,62,no_object
408023.jpeg,63,no_object
408023.jpeg,64,no_object
408052.jpeg,1,no_object
408052.jpeg,2,no_object
408052.jpeg,3,no_object
408052.jpeg,4,no_object
408052.jpeg,5,no_object
408052.jpeg,6,no_object
408052.jpeg,7,no_object
408052.jpeg,8,no_object
408052.jpeg,9,no_object
408052.jpeg,10,no_object
408052.jpeg,11,no_object
408052.jpeg,12,no_object
408052.jpeg,13,no_object
408052.jpeg,14,no_object
408052.jpeg,15,no_object
408052.jpeg,16,no_object
408052.jpeg,17,no_object
408052.jpeg,18,bat
408052.jpeg,19,bat
408052.jpeg,20,no_object
408052.jpeg,21,no_object
408052.jpeg,22,no_object
408052.jpeg,23,ball
408052.jpeg,24,no_object
408052.jpeg,25,no_object
408052.jpeg,26,bat
408052.jpeg,27,no_object
408052.jpeg,28,no_object
408052.jpeg,29,no_object
408052.jpeg,30,no_object
408052.jpeg,31,ball
408052.jpeg,32,no_object
408052.jpeg,33,no_object
408052.jpeg,34,no_object
408052.jpeg,35,no_object
408052.jpeg,36,no_object
408052.jpeg,37,no_object
408052.jpeg,38,no_object
408052.jpeg,39,stump
408052.jpeg,40,stump
408052.jpeg,41,no_object
408052.jpeg,42,no_object
408052.jpeg,43,no_object
408052.jpeg,44,no_object
408052.jpeg,45,no_object
408052.jpeg,46,no_object
408052.jpeg,47,stump
408052.jpeg,48,stump
408052.jpeg,49,no_object
408052.jpeg,50,no_object
408052.jpeg,51,no_object
408052.jpeg,52,no_object
408052.jpeg,53,no_object
408052.jpeg,54,no_object
408052.jpeg,55,stump
408052.jpeg,56,stump
408052.jpeg,57,no_object
408052.jpeg,58,no_object
408052.jpeg,59,no_object
408052.jpeg,60,no_object
408052.jpeg,61,no_object
408052.jpeg,62,no_object
408052.jpeg,63,stump
408052.jpeg,64,stump
408065.jpeg,1,no_object
408065.jpeg,2,no_object
408065.jpeg,3,no_object
408065.jpeg,4,no_object
408065.jpeg,5,bat
408065.jpeg,6,bat
408065.jpeg,7,no_object
408065.jpeg,8,no_object
408065.jpeg,9,no_object
408065.jpeg,10,no_object
408065.jpeg,11,no_object
408065.jpeg,12,no_object
408065.jpeg,13,bat
408065.jpeg,14,no_object
408065.jpeg,15,no_object
408065.jpeg,16,no_object
408065.jpeg,17,no_object
408065.jpeg,18,no_object
408065.jpeg,19,no_object
408065.jpeg,20,no_object
408065.jpeg,21,bat
408065.jpeg,22,no_object
408065.jpeg,23,no_object
408065.jpeg,24,no_object
408065.jpeg,25,no_object
408065.jpeg,26,no_object
408065.jpeg,27,no_object
408065.jpeg,28,no_object
408065.jpeg,29,no_object
408065.jpeg,30,no_object
408065.jpeg,31,no_object
408065.jpeg,32,no_object
408065.jpeg,33,no_object
408065.jpeg,34,no_object
408065.jpeg,35,no_object
408065.jpeg,36,no_object
408065.jpeg,37,no_object
408065.jpeg,38,ball
408065.jpeg,39,ball
408065.jpeg,40,no_object
408065.jpeg,41,no_object
408065.jpeg,42,no_object
408065.jpeg,43,no_object
408065.jpeg,44,no_object
408065.jpeg,45,no_object
408065.jpeg,46,no_object
408065.jpeg,47,no_object
408065.jpeg,48,no_object
408065.jpeg,49,no_object
408065.jpeg,50,no_object
408065.jpeg,51,no_object
408065.jpeg,52,no_object
408065.jpeg,53,no_object
408065.jpeg,54,no_object
408065.jpeg,55,no_object
408065.jpeg,56,no_object
408065.jpeg,57,no_object
408065.jpeg,58,no_object
408065.jpeg,59,no_object
408065.jpeg,60,no_object
408065.jpeg,61,no_object
408065.jpeg,62,no_object
408065.jpeg,63,no_object
408065.jpeg,64,no_object
408080.jpeg,1,no_object
408080.jpeg,2,no_object
408080.jpeg,3,no_object
408080.jpeg,4,no_object
408080.jpeg,5,no_object
408080.jpeg,6,no_object
408080.jpeg,7,no_object
408080.jpeg,8,no_object
408080.jpeg,9,no_object
408080.jpeg,10,no_object
408080.jpeg,11,no_object
408080.jpeg,12,ball
408080.jpeg,13,no_object
408080.jpeg,14,no_object
408080.jpeg,15,no_object
408080.jpeg,16,no_object
408080.jpeg,17,no_object
408080.jpeg,18,no_object
408080.jpeg,19,no_object
408080.jpeg,20,ball
408080.jpeg,21,no_object
408080.jpeg,22,no_object
408080.jpeg,23,no_object
408080.jpeg,24,no_object
408080.jpeg,25,no_object
408080.jpeg,26,bat
408080.jpeg,27,bat
408080.jpeg,28,no_object
408080.jpeg,29,no_object
408080.jpeg,30,no_object
408080.jpeg,31,no_object
408080.jpeg,32,no_object
408080.jpeg,33,bat
408080.jpeg,34,bat
408080.jpeg,35,bat
408080.jpeg,36,no_object
408080.jpeg,37,no_object
408080.jpeg,38,no_object
408080.jpeg,39,no_object
408080.jpeg,40,no_object
408080.jpeg,41,no_object
408080.jpeg,42,no_object
408080.jpeg,43,no_object
408080.jpeg,44,no_object
408080.jpeg,45,no_object
408080.jpeg,46,no_object
408080.jpeg,47,no_object
408080.jpeg,48,no_object
408080.jpeg,49,no_object
408080.jpeg,50,no_object
408080.jpeg,51,no_object
408080.jpeg,52,no_object
408080.jpeg,53,no_object
408080.jpeg,54,no_object
408080.jpeg,55,no_object
408080.jpeg,56,no_object
408080.jpeg,57,no_object
408080.jpeg,58,no_object
408080.jpeg,59,no_object
408080.jpeg,60,no_object
408080.jpeg,61,no_object
408080.jpeg,62,no_object
408080.jpeg,63,no_object
408080.jpeg,64,no_object
408104.jpeg,1,no_object
408104.jpeg,2,no_object
408104.jpeg,3,no_object
408104.jpeg,4,no_object
408104.jpeg,5,ball
408104.jpeg,6,no_object
408104.jpeg,7,no_object
408104.jpeg,8,no_object
408104.jpeg,9,no_object
408104.jpeg,10,no_object
408104.jpeg,11,no_object
408104.jpeg,12,no_object
408104.jpeg,13,bat
408104.jpeg,14,no_object
408104.jpeg,15,no_object
408104.jpeg,16,no_object
408104.jpeg,17,no_object
408104.jpeg,18,no_object
408104.jpeg,19,no_object
408104.jpeg,20,no_object
408104.jpeg,21,bat
408104.jpeg,22,no_object
408104.jpeg,23,no_object
408104.jpeg,24,no_object
408104.jpeg,25,no_object
408104.jpeg,26,no_object
408104.jpeg,27,no_object
408104.jpeg,28,no_object
408104.jpeg,29,bat
408104.jpeg,30,no_object
408104.jpeg,31,no_object
408104.jpeg,32,no_object
408104.jpeg,33,no_object
408104.jpeg,34,no_object
408104.jpeg,35,no_object
408104.jpeg,36,no_object
408104.jpeg,37,bat
408104.jpeg,38,no_object
408104.jpeg,39,no_object
408104.jpeg,40,no_object
408104.jpeg,41,no_object
408104.jpeg,42,no_object
408104.jpeg,43,no_object
408104.jpeg,44,no_object
408104.jpeg,45,no_object
408104.jpeg,46,no_object
408104.jpeg,47,no_object
408104.jpeg,48,no_object
408104.jpeg,49,no_object
408104.jpeg,50,no_object
408104.jpeg,51,no_object
408104.jpeg,52,no_object
408104.jpeg,53,no_object
408104.jpeg,54,no_object
408104.jpeg,55,no_object
408104.jpeg,56,no_object
408104.jpeg,57,no_object
408104.jpeg,58,no_object
408104.jpeg,59,no_object
408104.jpeg,60,no_object
408104.jpeg,61,no_object
408104.jpeg,62,no_object
408104.jpeg,63,no_object
408104.jpeg,64,no_object
408107.jpeg,1,no_object
408107.jpeg,2,no_object
408107.jpeg,3,no_object
408107.jpeg,4,no_object
408107.jpeg,5,no_object
408107.jpeg,6,no_object
408107.jpeg,7,no_object
408107.jpeg,8,no_object
408107.jpeg,9,no_object
408107.jpeg,10,no_object
408107.jpeg,11,no_object
408107.jpeg,12,no_object
408107.jpeg,13,no_object
408107.jpeg,14,no_object
408107.jpeg,15,no_object
408107.jpeg,16,no_object
408107.jpeg,17,no_object
408107.jpeg,18,no_object
408107.jpeg,19,no_object
408107.jpeg,20,no_object
408107.jpeg,21,no_object
408107.jpeg,22,no_object
408107.jpeg,23,no_object
408107.jpeg,24,no_object
408107.jpeg,25,no_object
408107.jpeg,26,no_object
408107.jpeg,27,no_object
408107.jpeg,28,no_object
408107.jpeg,29,no_object
408107.jpeg,30,no_object
408107.jpeg,31,no_object
408107.jpeg,32,no_object
408107.jpeg,33,no_object
408107.jpeg,34,no_object
408107.jpeg,35,no_object
408107.jpeg,36,no_object
408107.jpeg,37,no_object
408107.jpeg,38,no_object
408107.jpeg,39,no_object
408107.jpeg,40,no_object
408107.jpeg,41,no_object
408107.jpeg,42,no_object
408107.jpeg,43,no_object
408107.jpeg,44,no_object
408107.jpeg,45,bat
408107.jpeg,46,bat
408107.jpeg,47,bat
408107.jpeg,48,no_object
408107.jpeg,49,no_object
408107.jpeg,50,no_object
408107.jpeg,51,no_object
408107.jpeg,52,no_object
408107.jpeg,53,no_object
408107.jpeg,54,no_object
408107.jpeg,55,no_object
408107.jpeg,56,no_object
408107.jpeg,57,no_object
408107.jpeg,58,no_object
408107.jpeg,59,no_object
408107.jpeg,60,no_object
408107.jpeg,61,no_object
408107.jpeg,62,no_object
408107.jpeg,63,ball
408107.jpeg,64,no_object
408171.jpeg,1,no_object
408171.jpeg,2,no_object
408171.jpeg,3,no_object
408171.jpeg,4,no_object
408171.jpeg,5,no_object
408171.jpeg,6,no_object
408171.jpeg,7,no_object
408171.jpeg,8,no_object
408171.jpeg,9,no_object
408171.jpeg,10,no_object
408171.jpeg,11,no_object
408171.jpeg,12,no_object
408171.jpeg,13,no_object
408171.jpeg,14,bat
408171.jpeg,15,no_object
408171.jpeg,16,no_object
408171.jpeg,17,no_object
408171.jpeg,18,no_object
408171.jpeg,19,no_object
408171.jpeg,20,no_object
408171.jpeg,21,no_object
408171.jpeg,22,bat
408171.jpeg,23,bat
408171.jpeg,24,no_object
408171.jpeg,25,no_object
408171.jpeg,26,no_object
408171.jpeg,27,no_object
408171.jpeg,28,no_object
408171.jpeg,29,no_object
408171.jpeg,30,bat
408171.jpeg,31,bat
408171.jpeg,32,no_object
408171.jpeg,33,no_object
408171.jpeg,34,no_object
408171.jpeg,35,no_object
408171.jpeg,36,no_object
408171.jpeg,37,no_object
408171.jpeg,38,no_object
408171.jpeg,39,bat
408171.jpeg,40,no_object
408171.jpeg,41,no_object
408171.jpeg,42,no_object
408171.jpeg,43,no_object
408171.jpeg,44,no_object
408171.jpeg,45,no_object
408171.jpeg,46,no_object
408171.jpeg,47,no_object
408171.jpeg,48,no_object
408171.jpeg,49,ball
408171.jpeg,50,no_object
408171.jpeg,51,no_object
408171.jpeg,52,no_object
408171.jpeg,53,no_object
408171.jpeg,54,no_object
408171.jpeg,55,no_object
408171.jpeg,56,no_object
408171.jpeg,57,bat
408171.jpeg,58,no_object
408171.jpeg,59,no_object
408171.jpeg,60,no_object
408171.jpeg,61,no_object
408171.jpeg,62,no_object
408171.jpeg,63,no_object
408171.jpeg,64,no_object
408197.jpeg,1,no_object
408197.jpeg,2,no_object
408197.jpeg,3,no_object
408197.jpeg,4,no_object
408197.jpeg,5,no_object
408197.jpeg,6,no_object
408197.jpeg,7,no_object
408197.jpeg,8,no_object
408197.jpeg,9,no_object
408197.jpeg,10,no_object
408197.jpeg,11,no_object
408197.jpeg,12,bat
408197.jpeg,13,no_object
408197.jpeg,14,no_object
408197.jpeg,15,no_object
408197.jpeg,16,no_object
408197.jpeg,17,no_object
408197.jpeg,18,no_object
408197.jpeg,19,bat
408197.jpeg,20,no_object
408197.jpeg,21,no_object
408197.jpeg,22,no_object
408197.jpeg,23,no_object
408197.jpeg,24,no_object
408197.jpeg,25,no_object
408197.jpeg,26,bat
408197.jpeg,27,bat
408197.jpeg,28,no_object
408197.jpeg,29,no_object
408197.jpeg,30,no_object
408197.jpeg,31,no_object
408197.jpeg,32,no_object
408197.jpeg,33,no_object
408197.jpeg,34,no_object
408197.jpeg,35,ball
408197.jpeg,36,no_object
408197.jpeg,37,no_object
408197.jpeg,38,stump
408197.jpeg,39,no_object
408197.jpeg,40,no_object
408197.jpeg,41,no_object
408197.jpeg,42,no_object
408197.jpeg,43,no_object
408197.jpeg,44,no_object
408197.jpeg,45,no_object
408197.jpeg,46,stump
408197.jpeg,47,no_object
408197.jpeg,48,no_object
408197.jpeg,49,no_object
408197.jpeg,50,no_object
408197.jpeg,51,no_object
408197.jpeg,52,no_object
408197.jpeg,53,no_object
408197.jpeg,54,stump
408197.jpeg,55,no_object
408197.jpeg,56,no_object
408197.jpeg,57,no_object
408197.jpeg,58,no_object
408197.jpeg,59,no_object
408197.jpeg,60,no_object
408197.jpeg,61,no_object
408197.jpeg,62,stump
408197.jpeg,63,no_object
408197.jpeg,64,no_object
408257.jpeg,1,no_object
408257.jpeg,2,no_object
408257.jpeg,3,no_object
408257.jpeg,4,no_object
408257.jpeg,5,no_object
408257.jpeg,6,no_object
408257.jpeg,7,no_object
408257.jpeg,8,no_object
408257.jpeg,9,no_object
408257.jpeg,10,no_object
408257.jpeg,11,no_object
408257.jpeg,12,bat
408257.jpeg,13,bat
408257.jpeg,14,no_object
408257.jpeg,15,no_object
408257.jpeg,16,no_object
408257.jpeg,17,no_object
408257.jpeg,18,no_object
408257.jpeg,19,no_object
408257.jpeg,20,bat
408257.jpeg,21,bat
408257.jpeg,22,no_object
408257.jpeg,23,no_object
408257.jpeg,24,no_object
408257.jpeg,25,no_object
408257.jpeg,26,no_object
408257.jpeg,27,no_object
408257.jpeg,28,no_object
408257.jpeg,29,no_object
408257.jpeg,30,no_object
408257.jpeg,31,no_object
408257.jpeg,32,no_object
408257.jpeg,33,ball
408257.jpeg,34,ball
408257.jpeg,35,no_object
408257.jpeg,36,no_object
408257.jpeg,37,no_object
408257.jpeg,38,no_object
408257.jpeg,39,no_object
408257.jpeg,40,no_object
408257.jpeg,41,no_object
408257.jpeg,42,no_object
408257.jpeg,43,no_object
408257.jpeg,44,no_object
408257.jpeg,45,bat
408257.jpeg,46,no_object
408257.jpeg,47,no_object
408257.jpeg,48,no_object
408257.jpeg,49,no_object
408257.jpeg,50,no_object
408257.jpeg,51,no_object
408257.jpeg,52,no_object
408257.jpeg,53,no_object
408257.jpeg,54,no_object
408257.jpeg,55,no_object
408257.jpeg,56,no_object
408257.jpeg,57,no_object
408257.jpeg,58,no_object
408257.jpeg,59,stump
408257.jpeg,60,stump
408257.jpeg,61,no_object
408257.jpeg,62,no_object
408257.jpeg,63,no_object
408257.jpeg,64,no_object
408278.jpeg,1,no_object
408278.jpeg,2,no_object
408278.jpeg,3,bat
408278.jpeg,4,bat
408278.jpeg,5,no_object
408278.jpeg,6,no_object
408278.jpeg,7,no_object
408278.jpeg,8,no_object
408278.jpeg,9,no_object
408278.jpeg,10,no_object
408278.jpeg,11,bat
408278.jpeg,12,bat
408278.jpeg,13,no_object
408278.jpeg,14,no_object
408278.jpeg,15,no_object
408278.jpeg,16,no_object
408278.jpeg,17,no_object
408278.jpeg,18,no_object
408278.jpeg,19,no_object
408278.jpeg,20,bat
408278.jpeg,21,bat
408278.jpeg,22,no_object
408278.jpeg,23,no_object
408278.jpeg,24,no_object
408278.jpeg,25,no_object
408278.jpeg,26,no_object
408278.jpeg,27,no_object
408278.jpeg,28,bat
408278.jpeg,29,bat
408278.jpeg,30,no_object
408278.jpeg,31,no_object
408278.jpeg,32,no_object
408278.jpeg,33,no_object
408278.jpeg,34,no_object
408278.jpeg,35,no_object
408278.jpeg,36,no_object
408278.jpeg,37,bat
408278.jpeg,38,no_object
408278.jpeg,39,no_object
408278.jpeg,40,no_object
408278.jpeg,41,no_object
408278.jpeg,42,no_object
408278.jpeg,43,no_object
408278.jpeg,44,no_object
408278.jpeg,45,no_object
408278.jpeg,46,no_object
408278.jpeg,47,no_object
408278.jpeg,48,no_object
408278.jpeg,49,no_object
408278.jpeg,50,no_object
408278.jpeg,51,no_object
408278.jpeg,52,no_object
408278.jpeg,53,no_object
408278.jpeg,54,no_object
408278.jpeg,55,ball
408278.jpeg,56,ball
408278.jpeg,57,no_object
408278.jpeg,58,no_object
408278.jpeg,59,no_object
408278.jpeg,60,no_object
408278.jpeg,61,no_object
408278.jpeg,62,no_object
408278.jpeg,63,no_object
408278.jpeg,64,no_object
408312.jpeg,1,no_object
408312.jpeg,2,no_object
408312.jpeg,3,bat
408312.jpeg,4,no_object
408312.jpeg,5,no_object
408312.jpeg,6,no_object
408312.jpeg,7,no_object
408312.jpeg,8,no_object
408312.jpeg,9,no_object
408312.jpeg,10,no_object
408312.jpeg,11,bat
408312.jpeg,12,no_object
408312.jpeg,13,no_object
408312.jpeg,14,no_object
408312.jpeg,15,no_object
408312.jpeg,16,no_object
408312.jpeg,17,no_object
408312.jpeg,18,bat
408312.jpeg,19,bat
408312.jpeg,20,no_object
408312.jpeg,21,no_object
408312.jpeg,22,no_object
408312.jpeg,23,no_object
408312.jpeg,24,no_object
408312.jpeg,25,no_object
408312.jpeg,26,no_object
408312.jpeg,27,no_object
408312.jpeg,28,no_object
408312.jpeg,29,no_object
408312.jpeg,30,no_object
408312.jpeg,31,no_object
408312.jpeg,32,no_object
408312.jpeg,33,no_object
408312.jpeg,34,no_object
408312.jpeg,35,no_object
408312.jpeg,36,no_object
408312.jpeg,37,no_object
408312.jpeg,38,no_object
408312.jpeg,39,ball
408312.jpeg,40,no_object
408312.jpeg,41,no_object
408312.jpeg,42,no_object
408312.jpeg,43,no_object
408312.jpeg,44,stump
408312.jpeg,45,stump
408312.jpeg,46,no_object
408312.jpeg,47,no_object
408312.jpeg,48,no_object
408312.jpeg,49,no_object
408312.jpeg,50,no_object
408312.jpeg,51,no_object
408312.jpeg,52,stump
408312.jpeg,53,stump
408312.jpeg,54,no_object
408312.jpeg,55,no_object
408312.jpeg,56,no_object
408312.jpeg,57,no_object
408312.jpeg,58,no_object
408312.jpeg,59,no_object
408312.jpeg,60,stump
408312.jpeg,61,stump
408312.jpeg,62,no_object
408312.jpeg,63,no_object
408312.jpeg,64,no_object
408315.jpeg,1,no_object
408315.jpeg,2,no_object
408315.jpeg,3,no_object
408315.jpeg,4,no_object
408315.jpeg,5,no_object
408315.jpeg,6,no_object
408315.jpeg,7,no_object
408315.jpeg,8,no_object
408315.jpeg,9,no_object
408315.jpeg,10,no_object
408315.jpeg,11,no_object
408315.jpeg,12,no_object
408315.jpeg,13,no_object
408315.jpeg,14,no_object
408315.jpeg,15,no_object
408315.jpeg,16,no_object
408315.jpeg,17,no_object
408315.jpeg,18,no_object
408315.jpeg,19,no_object
408315.jpeg,20,no_object
408315.jpeg,21,no_object
408315.jpeg,22,no_object
408315.jpeg,23,no_object
408315.jpeg,24,no_object
408315.jpeg,25,no_object
408315.jpeg,26,no_object
408315.jpeg,27,no_object
408315.jpeg,28,stump
408315.jpeg,29,ball
408315.jpeg,30,bat
408315.jpeg,31,no_object
408315.jpeg,32,no_object
408315.jpeg,33,no_object
408315.jpeg,34,no_object
408315.jpeg,35,no_object
408315.jpeg,36,stump
408315.jpeg,37,no_object
408315.jpeg,38,bat
408315.jpeg,39,no_object
408315.jpeg,40,no_object
408315.jpeg,41,no_object
408315.jpeg,42,no_object
408315.jpeg,43,no_object
408315.jpeg,44,stump
408315.jpeg,45,no_object
408315.jpeg,46,no_object
408315.jpeg,47,no_object
408315.jpeg,48,no_object
408315.jpeg,49,no_object
408315.jpeg,50,no_object
408315.jpeg,51,no_object
408315.jpeg,52,stump
408315.jpeg,53,no_object
408315.jpeg,54,no_object
408315.jpeg,55,no_object
408315.jpeg,56,no_object
408315.jpeg,57,no_object
408315.jpeg,58,no_object
408315.jpeg,59,no_object
408315.jpeg,60,no_object
408315.jpeg,61,no_object
408315.jpeg,62,no_object
408315.jpeg,63,no_object
408315.jpeg,64,no_object
408318.jpeg,1,no_object
408318.jpeg,2,no_object
408318.jpeg,3,no_object
408318.jpeg,4,no_object
408318.jpeg,5,no_object
408318.jpeg,6,no_object
408318.jpeg,7,no_object
408318.jpeg,8,no_object
408318.jpeg,9,no_object
408318.jpeg,10,bat
408318.jpeg,11,no_object
408318.jpeg,12,no_object
408318.jpeg,13,no_object
408318.jpeg,14,no_object
408318.jpeg,15,no_object
408318.jpeg,16,no_object
408318.jpeg,17,no_object
408318.jpeg,18,bat
408318.jpeg,19,no_object
408318.jpeg,20,no_object
408318.jpeg,21,no_object
408318.jpeg,22,no_object
408318.jpeg,23,no_object
408318.jpeg,24,no_object
408318.jpeg,25,no_object
408318.jpeg,26,bat
408318.jpeg,27,no_object
408318.jpeg,28,no_object
408318.jpeg,29,no_object
408318.jpeg,30,no_object
408318.jpeg,31,no_object
408318.jpeg,32,no_object
408318.jpeg,33,no_object
408318.jpeg,34,bat
408318.jpeg,35,no_object
408318.jpeg,36,no_object
408318.jpeg,37,no_object
408318.jpeg,38,no_object
408318.jpeg,39,no_object
408318.jpeg,40,no_object
408318.jpeg,41,no_object
408318.jpeg,42,bat
408318.jpeg,43,no_object
408318.jpeg,44,no_object
408318.jpeg,45,no_object
408318.jpeg,46,no_object
408318.jpeg,47,no_object
408318.jpeg,48,no_object
408318.jpeg,49,no_object
408318.jpeg,50,no_object
408318.jpeg,51,no_object
408318.jpeg,52,no_object
408318.jpeg,53,ball
408318.jpeg,54,no_object
408318.jpeg,55,no_object
408318.jpeg,56,no_object
408318.jpeg,57,no_object
408318.jpeg,58,no_object
408318.jpeg,59,no_object
408318.jpeg,60,no_object
408318.jpeg,61,ball
408318.jpeg,62,no_object
408318.jpeg,63,no_object
408318.jpeg,64,no_object
408330.jpeg,1,no_object
408330.jpeg,2,no_object
408330.jpeg,3,no_object
408330.jpeg,4,no_object
408330.jpeg,5,no_object
408330.jpeg,6,no_object
408330.jpeg,7,no_object
408330.jpeg,8,no_object
408330.jpeg,9,no_object
408330.jpeg,10,no_object
408330.jpeg,11,no_object
408330.jpeg,12,no_object
408330.jpeg,13,no_object
408330.jpeg,14,no_object
408330.jpeg,15,no_object
408330.jpeg,16,no_object
408330.jpeg,17,no_object
408330.jpeg,18,no_object
408330.jpeg,19,no_object
408330.jpeg,20,no_object
408330.jpeg,21,no_object
408330.jpeg,22,no_object
408330.jpeg,23,no_object
408330.jpeg,24,no_object
408330.jpeg,25,stump
408330.jpeg,26,stump
408330.jpeg,27,no_object
408330.jpeg,28,no_object
408330.jpeg,29,no_object
408330.jpeg,30,no_object
408330.jpeg,31,no_object
408330.jpeg,32,no_object
408330.jpeg,33,stump
408330.jpeg,34,stump
408330.jpeg,35,no_object
408330.jpeg,36,no_object
408330.jpeg,37,no_object
408330.jpeg,38,bat
408330.jpeg,39,no_object
408330.jpeg,40,no_object
408330.jpeg,41,stump
408330.jpeg,42,stump
408330.jpeg,43,no_object
408330.jpeg,44,no_object
408330.jpeg,45,no_object
408330.jpeg,46,bat
408330.jpeg,47,bat
408330.jpeg,48,ball
408330.jpeg,49,stump
408330.jpeg,50,stump
408330.jpeg,51,no_object
408330.jpeg,52,no_object
408330.jpeg,53,no_object
408330.jpeg,54,no_object
408330.jpeg,55,bat
408330.jpeg,56,bat
408330.jpeg,57,stump
408330.jpeg,58,stump
408330.jpeg,59,no_object
408330.jpeg,60,no_object
408330.jpeg,61,no_object
408330.jpeg,62,no_object
408330.jpeg,63,no_object
408330.jpeg,64,no_object
408508.jpeg,1,no_object
408508.jpeg,2,no_object
408508.jpeg,3,no_object
408508.jpeg,4,no_object
408508.jpeg,5,no_object
408508.jpeg,6,ball
408508.jpeg,7,no_object
408508.jpeg,8,no_object
408508.jpeg,9,no_object
408508.jpeg,10,no_object
408508.jpeg,11,no_object
408508.jpeg,12,no_object
408508.jpeg,13,bat
408508.jpeg,14,bat
408508.jpeg,15,no_object
408508.jpeg,16,no_object
408508.jpeg,17,no_object
408508.jpeg,18,no_object
408508.jpeg,19,no_object
408508.jpeg,20,no_object
408508.jpeg,21,bat
408508.jpeg,22,no_object
408508.jpeg,23,no_object
408508.jpeg,24,no_object
408508.jpeg,25,no_object
408508.jpeg,26,no_object
408508.jpeg,27,no_object
408508.jpeg,28,no_object
408508.jpeg,29,no_object
408508.jpeg,30,no_object
408508.jpeg,31,no_object
408508.jpeg,32,no_object
408508.jpeg,33,no_object
408508.jpeg,34,no_object
408508.jpeg,35,stump
408508.jpeg,36,no_object
408508.jpeg,37,no_object
408508.jpeg,38,no_object
408508.jpeg,39,no_object
408508.jpeg,40,no_object
408508.jpeg,41,no_object
408508.jpeg,42,no_object
408508.jpeg,43,stump
408508.jpeg,44,no_object
408508.jpeg,45,no_object
408508.jpeg,46,no_object
408508.jpeg,47,no_object
408508.jpeg,48,no_object
408508.jpeg,49,no_object
408508.jpeg,50,no_object
408508.jpeg,51,stump
408508.jpeg,52,no_object
408508.jpeg,53,no_object
408508.jpeg,54,no_object
408508.jpeg,55,no_object
408508.jpeg,56,no_object
408508.jpeg,57,no_object
408508.jpeg,58,no_object
408508.jpeg,59,no_object
408508.jpeg,60,no_object
408508.jpeg,61,no_object
408508.jpeg,62,no_object
408508.jpeg,63,no_object
408508.jpeg,64,no_object
408580.jpeg,1,no_object
408580.jpeg,2,no_object
408580.jpeg,3,no_object
408580.jpeg,4,no_object
408580.jpeg,5,no_object
408580.jpeg,6,no_object
408580.jpeg,7,no_object
408580.jpeg,8,no_object
408580.jpeg,9,no_object
408580.jpeg,10,no_object
408580.jpeg,11,no_object
408580.jpeg,12,no_object
408580.jpeg,13,no_object
408580.jpeg,14,no_object
408580.jpeg,15,no_object
408580.jpeg,16,no_object
408580.jpeg,17,no_object
408580.jpeg,18,no_object
408580.jpeg,19,no_object
408580.jpeg,20,no_object
408580.jpeg,21,no_object
408580.jpeg,22,no_object
408580.jpeg,23,bat
408580.jpeg,24,bat
408580.jpeg,25,no_object
408580.jpeg,26,no_object
408580.jpeg,27,no_object
408580.jpeg,28,no_object
408580.jpeg,29,no_object
408580.jpeg,30,no_object
408580.jpeg,31,no_object
408580.jpeg,32,no_object
408580.jpeg,33,ball
408580.jpeg,34,ball
408580.jpeg,35,no_object
408580.jpeg,36,stump
408580.jpeg,37,stump
408580.jpeg,38,no_object
408580.jpeg,39,no_object
408580.jpeg,40,no_object
408580.jpeg,41,ball
408580.jpeg,42,ball
408580.jpeg,43,no_object
408580.jpeg,44,stump
408580.jpeg,45,stump
408580.jpeg,46,no_object
408580.jpeg,47,no_object
408580.jpeg,48,no_object
408580.jpeg,49,no_object
408580.jpeg,50,no_object
408580.jpeg,51,no_object
408580.jpeg,52,stump
408580.jpeg,53,stump
408580.jpeg,54,no_object
408580.jpeg,55,no_object
408580.jpeg,56,no_object
408580.jpeg,57,no_object
408580.jpeg,58,no_object
408580.jpeg,59,no_object
408580.jpeg,60,stump
408580.jpeg,61,stump
408580.jpeg,62,no_object
408580.jpeg,63,no_object
408580.jpeg,64,no_object
408596.jpeg,1,no_object
408596.jpeg,2,no_object
408596.jpeg,3,no_object
408596.jpeg,4,no_object
408596.jpeg,5,no_object
408596.jpeg,6,no_object
408596.jpeg,7,no_object
408596.jpeg,8,no_object
408596.jpeg,9,no_object
408596.jpeg,10,no_object
408596.jpeg,11,no_object
408596.jpeg,12,bat
408596.jpeg,13,no_object
408596.jpeg,14,no_object
408596.jpeg,15,no_object
408596.jpeg,16,no_object
408596.jpeg,17,no_object
408596.jpeg,18,no_object
408596.jpeg,19,no_object
408596.jpeg,20,bat
408596.jpeg,21,bat
408596.jpeg,22,no_object
408596.jpeg,23,no_object
408596.jpeg,24,no_object
408596.jpeg,25,no_object
408596.jpeg,26,no_object
408596.jpeg,27,no_object
408596.jpeg,28,no_object
408596.jpeg,29,no_object
408596.jpeg,30,ball
408596.jpeg,31,no_object
408596.jpeg,32,no_object
408596.jpeg,33,no_object
408596.jpeg,34,no_object
408596.jpeg,35,no_object
408596.jpeg,36,stump
408596.jpeg,37,no_object
408596.jpeg,38,no_object
408596.jpeg,39,no_object
408596.jpeg,40,no_object
408596.jpeg,41,no_object
408596.jpeg,42,no_object
408596.jpeg,43,no_object
408596.jpeg,44,stump
408596.jpeg,45,no_object
408596.jpeg,46,no_object
408596.jpeg,47,no_object
408596.jpeg,48,no_object
408596.jpeg,49,no_object
408596.jpeg,50,no_object
408596.jpeg,51,no_object
408596.jpeg,52,stump
408596.jpeg,53,no_object
408596.jpeg,54,no_object
408596.jpeg,55,no_object
408596.jpeg,56,no_object
408596.jpeg,57,no_object
408596.jpeg,58,no_object
408596.jpeg,59,no_object
408596.jpeg,60,stump
408596.jpeg,61,no_object
408596.jpeg,62,no_object
408596.jpeg,63,no_object
408596.jpeg,64,no_object
408652.jpeg,1,no_object
408652.jpeg,2,no_object
408652.jpeg,3,no_object
408652.jpeg,4,no_object
408652.jpeg,5,no_object
408652.jpeg,6,no_object
408652.jpeg,7,no_object
408652.jpeg,8,no_object
408652.jpeg,9,no_object
408652.jpeg,10,no_object
408652.jpeg,11,no_object
408652.jpeg,12,no_object
408652.jpeg,13,no_object
408652.jpeg,14,no_object
408652.jpeg,15,no_object
408652.jpeg,16,no_object
408652.jpeg,17,no_object
408652.jpeg,18,no_object
408652.jpeg,19,no_object
408652.jpeg,20,no_object
408652.jpeg,21,no_object
408652.jpeg,22,no_object
408652.jpeg,23,no_object
408652.jpeg,24,ball
408652.jpeg,25,no_object
408652.jpeg,26,no_object
408652.jpeg,27,no_object
408652.jpeg,28,no_object
408652.jpeg,29,no_object
408652.jpeg,30,no_object
408652.jpeg,31,no_object
408652.jpeg,32,ball
408652.jpeg,33,no_object
408652.jpeg,34,no_object
408652.jpeg,35,no_object
408652.jpeg,36,bat
408652.jpeg,37,bat
408652.jpeg,38,no_object
408652.jpeg,39,no_object
408652.jpeg,40,no_object
408652.jpeg,41,no_object
408652.jpeg,42,bat
408652.jpeg,43,bat
408652.jpeg,44,bat
408652.jpeg,45,bat
408652.jpeg,46,no_object
408652.jpeg,47,no_object
408652.jpeg,48,no_object
408652.jpeg,49,no_object
408652.jpeg,50,no_object
408652.jpeg,51,bat
408652.jpeg,52,no_object
408652.jpeg,53,no_object
408652.jpeg,54,no_object
408652.jpeg,55,no_object
408652.jpeg,56,no_object
408652.jpeg,57,no_object
408652.jpeg,58,no_object
408652.jpeg,59,no_object
408652.jpeg,60,no_object
408652.jpeg,61,no_object
408652.jpeg,62,no_object
408652.jpeg,63,no_object
408652.jpeg,64,no_object
408828.jpeg,1,no_object
408828.jpeg,2,no_object
408828.jpeg,3,no_object
408828.jpeg,4,no_object
408828.jpeg,5,bat
408828.jpeg,6,bat
408828.jpeg,7,no_object
408828.jpeg,8,no_object
408828.jpeg,9,no_object
408828.jpeg,10,no_object
408828.jpeg,11,no_object
408828.jpeg,12,no_object
408828.jpeg,13,bat
408828.jpeg,14,no_object
408828.jpeg,15,no_object
408828.jpeg,16,no_object
408828.jpeg,17,no_object
408828.jpeg,18,no_object
408828.jpeg,19,no_object
408828.jpeg,20,no_object
408828.jpeg,21,no_object
408828.jpeg,22,no_object
408828.jpeg,23,no_object
408828.jpeg,24,no_object
408828.jpeg,25,no_object
408828.jpeg,26,no_object
408828.jpeg,27,no_object
408828.jpeg,28,no_object
408828.jpeg,29,no_object
408828.jpeg,30,ball
408828.jpeg,31,no_object
408828.jpeg,32,no_object
408828.jpeg,33,no_object
408828.jpeg,34,no_object
408828.jpeg,35,no_object
408828.jpeg,36,no_object
408828.jpeg,37,no_object
408828.jpeg,38,no_object
408828.jpeg,39,no_object
408828.jpeg,40,no_object
408828.jpeg,41,no_object
408828.jpeg,42,no_object
408828.jpeg,43,no_object
408828.jpeg,44,no_object
408828.jpeg,45,no_object
408828.jpeg,46,no_object
408828.jpeg,47,no_object
408828.jpeg,48,no_object
408828.jpeg,49,no_object
408828.jpeg,50,no_object
408828.jpeg,51,no_object
408828.jpeg,52,no_object
408828.jpeg,53,no_object
408828.jpeg,54,no_object
408828.jpeg,55,no_object
408828.jpeg,56,no_object
408828.jpeg,57,no_object
408828.jpeg,58,no_object
408828.jpeg,59,no_object
408828.jpeg,60,no_object
408828.jpeg,61,no_object
408828.jpeg,62,no_object
408828.jpeg,63,no_object
408828.jpeg,64,no_object
408878.jpeg,1,no_object
408878.jpeg,2,no_object
408878.jpeg,3,ball
408878.jpeg,4,no_object
408878.jpeg,5,no_object
408878.jpeg,6,no_object
408878.jpeg,7,no_object
408878.jpeg,8,no_object
408878.jpeg,9,no_object
408878.jpeg,10,no_object
408878.jpeg,11,no_object
408878.jpeg,12,no_object
408878.jpeg,13,no_object
408878.jpeg,14,no_object
408878.jpeg,15,no_object
408878.jpeg,16,no_object
408878.jpeg,17,no_object
408878.jpeg,18,no_object
408878.jpeg,19,no_object
408878.jpeg,20,no_object
408878.jpeg,21,no_object
408878.jpeg,22,no_object
408878.jpeg,23,no_object
408878.jpeg,24,no_object
408878.jpeg,25,no_object
408878.jpeg,26,no_object
408878.jpeg,27,no_object
408878.jpeg,28,no_object
408878.jpeg,29,no_object
408878.jpeg,30,no_object
408878.jpeg,31,no_object
408878.jpeg,32,no_object
408878.jpeg,33,no_object
408878.jpeg,34,no_object
408878.jpeg,35,no_object
408878.jpeg,36,no_object
408878.jpeg,37,stump
408878.jpeg,38,no_object
408878.jpeg,39,no_object
408878.jpeg,40,no_object
408878.jpeg,41,no_object
408878.jpeg,42,no_object
408878.jpeg,43,no_object
408878.jpeg,44,no_object
408878.jpeg,45,stump
408878.jpeg,46,no_object
408878.jpeg,47,no_object
408878.jpeg,48,no_object
408878.jpeg,49,no_object
408878.jpeg,50,no_object
408878.jpeg,51,no_object
408878.jpeg,52,no_object
408878.jpeg,53,stump
408878.jpeg,54,no_object
408878.jpeg,55,no_object
408878.jpeg,56,no_object
408878.jpeg,57,no_object
408878.jpeg,58,no_object
408878.jpeg,59,no_object
408878.jpeg,60,no_object
408878.jpeg,61,no_object
408878.jpeg,62,no_object
408878.jpeg,63,no_object
408878.jpeg,64,no_object
408987.jpeg,1,no_object
408987.jpeg,2,no_object
408987.jpeg,3,no_object
408987.jpeg,4,bat
408987.jpeg,5,bat
408987.jpeg,6,no_object
408987.jpeg,7,no_object
408987.jpeg,8,no_object
408987.jpeg,9,no_object
408987.jpeg,10,no_object
408987.jpeg,11,bat
408987.jpeg,12,bat
408987.jpeg,13,no_object
408987.jpeg,14,no_object
408987.jpeg,15,no_object
408987.jpeg,16,no_object
408987.jpeg,17,no_object
408987.jpeg,18,no_object
408987.jpeg,19,bat
408987.jpeg,20,no_object
408987.jpeg,21,no_object
408987.jpeg,22,no_object
408987.jpeg,23,no_object
408987.jpeg,24,no_object
408987.jpeg,25,no_object
408987.jpeg,26,no_object
408987.jpeg,27,no_object
408987.jpeg,28,no_object
408987.jpeg,29,no_object
408987.jpeg,30,no_object
408987.jpeg,31,no_object
408987.jpeg,32,no_object
408987.jpeg,33,no_object
408987.jpeg,34,no_object
408987.jpeg,35,no_object
408987.jpeg,36,no_object
408987.jpeg,37,ball
408987.jpeg,38,no_object
408987.jpeg,39,no_object
408987.jpeg,40,no_object
408987.jpeg,41,no_object
408987.jpeg,42,no_object
408987.jpeg,43,no_object
408987.jpeg,44,no_object
408987.jpeg,45,stump
408987.jpeg,46,no_object
408987.jpeg,47,no_object
408987.jpeg,48,no_object
408987.jpeg,49,no_object
408987.jpeg,50,no_object
408987.jpeg,51,no_object
408987.jpeg,52,no_object
408987.jpeg,53,stump
408987.jpeg,54,no_object
408987.jpeg,55,no_object
408987.jpeg,56,no_object
408987.jpeg,57,no_object
408987.jpeg,58,no_object
408987.jpeg,59,no_object
408987.jpeg,60,no_object
408987.jpeg,61,stump
408987.jpeg,62,no_object
408987.jpeg,63,no_object
408987.jpeg,64,no_object
408996.jpeg,1,no_object
408996.jpeg,2,no_object
408996.jpeg,3,no_object
408996.jpeg,4,no_object
408996.jpeg,5,no_object
408996.jpeg,6,no_object
408996.jpeg,7,no_object
408996.jpeg,8,no_object
408996.jpeg,9,no_object
408996.jpeg,10,no_object
408996.jpeg,11,no_object
408996.jpeg,12,no_object
408996.jpeg,13,no_object
408996.jpeg,14,no_object
408996.jpeg,15,no_object
408996.jpeg,16,no_object
408996.jpeg,17,no_object
408996.jpeg,18,no_object
408996.jpeg,19,no_object
408996.jpeg,20,no_object
408996.jpeg,21,no_object
408996.jpeg,22,no_object
408996.jpeg,23,no_object
408996.jpeg,24,no_object
408996.jpeg,25,no_object
408996.jpeg,26,no_object
408996.jpeg,27,no_object
408996.jpeg,28,no_object
408996.jpeg,29,no_object
408996.jpeg,30,no_object
408996.jpeg,31,no_object
408996.jpeg,32,no_object
408996.jpeg,33,no_object
408996.jpeg,34,no_object
408996.jpeg,35,no_object
408996.jpeg,36,no_object
408996.jpeg,37,no_object
408996.jpeg,38,no_object
408996.jpeg,39,no_object
408996.jpeg,40,no_object
408996.jpeg,41,no_object
408996.jpeg,42,no_object
408996.jpeg,43,no_object
408996.jpeg,44,no_object
408996.jpeg,45,no_object
408996.jpeg,46,no_object
408996.jpeg,47,ball
408996.jpeg,48,no_object
408996.jpeg,49,no_object
408996.jpeg,50,no_object
408996.jpeg,51,no_object
408996.jpeg,52,no_object
408996.jpeg,53,no_object
408996.jpeg,54,no_object
408996.jpeg,55,no_object
408996.jpeg,56,no_object
408996.jpeg,57,no_object
408996.jpeg,58,no_object
408996.jpeg,59,no_object
408996.jpeg,60,no_object
408996.jpeg,61,no_object
408996.jpeg,62,no_object
408996.jpeg,63,no_object
408996.jpeg,64,no_object
409117.jpeg,1,no_object
409117.jpeg,2,no_object
409117.jpeg,3,no_object
409117.jpeg,4,no_object
409117.jpeg,5,bat
409117.jpeg,6,no_object
409117.jpeg,7,no_object
409117.jpeg,8,no_object
409117.jpeg,9,no_object
409117.jpeg,10,no_object
409117.jpeg,11,no_object
409117.jpeg,12,no_object
409117.jpeg,13,bat
409117.jpeg,14,no_object
409117.jpeg,15,no_object
409117.jpeg,16,no_object
409117.jpeg,17,no_object
409117.jpeg,18,no_object
409117.jpeg,19,no_object
409117.jpeg,20,no_object
409117.jpeg,21,no_object
409117.jpeg,22,no_object
409117.jpeg,23,no_object
409117.jpeg,24,no_object
409117.jpeg,25,no_object
409117.jpeg,26,no_object
409117.jpeg,27,no_object
409117.jpeg,28,no_object
409117.jpeg,29,no_object
409117.jpeg,30,no_object
409117.jpeg,31,no_object
409117.jpeg,32,no_object
409117.jpeg,33,no_object
409117.jpeg,34,stump
409117.jpeg,35,no_object
409117.jpeg,36,no_object
409117.jpeg,37,no_object
409117.jpeg,38,no_object
409117.jpeg,39,no_object
409117.jpeg,40,no_object
409117.jpeg,41,no_object
409117.jpeg,42,stump
409117.jpeg,43,no_object
409117.jpeg,44,no_object
409117.jpeg,45,no_object
409117.jpeg,46,ball
409117.jpeg,47,no_object
409117.jpeg,48,no_object
409117.jpeg,49,no_object
409117.jpeg,50,stump
409117.jpeg,51,no_object
409117.jpeg,52,no_object
409117.jpeg,53,no_object
409117.jpeg,54,no_object
409117.jpeg,55,no_object
409117.jpeg,56,no_object
409117.jpeg,57,no_object
409117.jpeg,58,stump
409117.jpeg,59,no_object
409117.jpeg,60,no_object
409117.jpeg,61,no_object
409117.jpeg,62,no_object
409117.jpeg,63,no_object
409117.jpeg,64,no_object
409180.jpeg,1,no_object
409180.jpeg,2,no_object
409180.jpeg,3,no_object
409180.jpeg,4,no_object
409180.jpeg,5,no_object
409180.jpeg,6,no_object
409180.jpeg,7,no_object
409180.jpeg,8,no_object
409180.jpeg,9,no_object
409180.jpeg,10,no_object
409180.jpeg,11,bat
409180.jpeg,12,no_object
409180.jpeg,13,no_object
409180.jpeg,14,no_object
409180.jpeg,15,no_object
409180.jpeg,16,no_object
409180.jpeg,17,no_object
409180.jpeg,18,no_object
409180.jpeg,19,bat
409180.jpeg,20,no_object
409180.jpeg,21,no_object
409180.jpeg,22,no_object
409180.jpeg,23,no_object
409180.jpeg,24,no_object
409180.jpeg,25,no_object
409180.jpeg,26,no_object
409180.jpeg,27,bat
409180.jpeg,28,no_object
409180.jpeg,29,no_object
409180.jpeg,30,no_object
409180.jpeg,31,no_object
409180.jpeg,32,no_object
409180.jpeg,33,no_object
409180.jpeg,34,no_object
409180.jpeg,35,bat
409180.jpeg,36,bat
409180.jpeg,37,no_object
409180.jpeg,38,no_object
409180.jpeg,39,no_object
409180.jpeg,40,no_object
409180.jpeg,41,ball
409180.jpeg,42,no_object
409180.jpeg,43,bat
409180.jpeg,44,no_object
409180.jpeg,45,no_object
409180.jpeg,46,no_object
409180.jpeg,47,no_object
409180.jpeg,48,no_object
409180.jpeg,49,ball
409180.jpeg,50,no_object
409180.jpeg,51,bat
409180.jpeg,52,no_object
409180.jpeg,53,no_object
409180.jpeg,54,no_object
409180.jpeg,55,no_object
409180.jpeg,56,no_object
409180.jpeg,57,no_object
409180.jpeg,58,no_object
409180.jpeg,59,no_object
409180.jpeg,60,no_object
409180.jpeg,61,no_object
409180.jpeg,62,no_object
409180.jpeg,63,no_object
409180.jpeg,64,no_object
409184.jpeg,1,no_object
409184.jpeg,2,no_object
409184.jpeg,3,no_object
409184.jpeg,4,no_object
409184.jpeg,5,no_object
409184.jpeg,6,no_object
409184.jpeg,7,no_object
409184.jpeg,8,no_object
409184.jpeg,9,no_object
409184.jpeg,10,no_object
409184.jpeg,11,no_object
409184.jpeg,12,no_object
409184.jpeg,13,no_object
409184.jpeg,14,no_object
409184.jpeg,15,no_object
409184.jpeg,16,no_object
409184.jpeg,17,no_object
409184.jpeg,18,no_object
409184.jpeg,19,no_object
409184.jpeg,20,no_object
409184.jpeg,21,no_object
409184.jpeg,22,no_object
409184.jpeg,23,no_object
409184.jpeg,24,no_object
409184.jpeg,25,no_object
409184.jpeg,26,no_object
409184.jpeg,27,no_object
409184.jpeg,28,bat
409184.jpeg,29,no_object
409184.jpeg,30,no_object
409184.jpeg,31,no_object
409184.jpeg,32,no_object
409184.jpeg,33,no_object
409184.jpeg,34,bat
409184.jpeg,35,bat
409184.jpeg,36,stump
409184.jpeg,37,no_object
409184.jpeg,38,no_object
409184.jpeg,39,no_object
409184.jpeg,40,no_object
409184.jpeg,41,no_object
409184.jpeg,42,bat
409184.jpeg,43,no_object
409184.jpeg,44,stump
409184.jpeg,45,no_object
409184.jpeg,46,ball
409184.jpeg,47,ball
409184.jpeg,48,no_object
409184.jpeg,49,no_object
409184.jpeg,50,no_object
409184.jpeg,51,no_object
409184.jpeg,52,stump
409184.jpeg,53,no_object
409184.jpeg,54,ball
409184.jpeg,55,ball
409184.jpeg,56,no_object
409184.jpeg,57,no_object
409184.jpeg,58,no_object
409184.jpeg,59,no_object
409184.jpeg,60,stump
409184.jpeg,61,no_object
409184.jpeg,62,no_object
409184.jpeg,63,no_object
409184.jpeg,64,no_object
409211.jpeg,1,no_object
409211.jpeg,2,no_object
409211.jpeg,3,no_object
409211.jpeg,4,no_object
409211.jpeg,5,no_object
409211.jpeg,6,no_object
409211.jpeg,7,no_object
409211.jpeg,8,no_object
409211.jpeg,9,no_object
409211.jpeg,10,no_object
409211.jpeg,11,no_object
409211.jpeg,12,no_object
409211.jpeg,13,no_object
409211.jpeg,14,no_object
409211.jpeg,15,no_object
409211.jpeg,16,no_object
409211.jpeg,17,no_object
409211.jpeg,18,no_object
409211.jpeg,19,no_object
409211.jpeg,20,no_object
409211.jpeg,21,no_object
409211.jpeg,22,no_object
409211.jpeg,23,no_object
409211.jpeg,24,no_object
409211.jpeg,25,no_object
409211.jpeg,26,no_object
409211.jpeg,27,no_object
409211.jpeg,28,bat
409211.jpeg,29,no_object
409211.jpeg,30,no_object
409211.jpeg,31,no_object
409211.jpeg,32,no_object
409211.jpeg,33,ball
409211.jpeg,34,no_object
409211.jpeg,35,bat
409211.jpeg,36,bat
409211.jpeg,37,no_object
409211.jpeg,38,no_object
409211.jpeg,39,stump
409211.jpeg,40,no_object
409211.jpeg,41,no_object
409211.jpeg,42,no_object
409211.jpeg,43,bat
409211.jpeg,44,no_object
409211.jpeg,45,no_object
409211.jpeg,46,no_object
409211.jpeg,47,stump
409211.jpeg,48,no_object
409211.jpeg,49,no_object
409211.jpeg,50,no_object
409211.jpeg,51,no_object
409211.jpeg,52,no_object
409211.jpeg,53,no_object
409211.jpeg,54,no_object
409211.jpeg,55,stump
409211.jpeg,56,no_object
409211.jpeg,57,no_object
409211.jpeg,58,no_object
409211.jpeg,59,no_object
409211.jpeg,60,no_object
409211.jpeg,61,no_object
409211.jpeg,62,no_object
409211.jpeg,63,stump
409211.jpeg,64,no_object
409251.jpeg,1,no_object
409251.jpeg,2,no_object
409251.jpeg,3,no_object
409251.jpeg,4,no_object
409251.jpeg,5,no_object
409251.jpeg,6,no_object
409251.jpeg,7,no_object
409251.jpeg,8,no_object
409251.jpeg,9,no_object
409251.jpeg,10,no_object
409251.jpeg,11,no_object
409251.jpeg,12,no_object
409251.jpeg,13,no_object
409251.jpeg,14,no_object
409251.jpeg,15,no_object
409251.jpeg,16,no_object
409251.jpeg,17,no_object
409251.jpeg,18,no_object
409251.jpeg,19,no_object
409251.jpeg,20,no_object
409251.jpeg,21,no_object
409251.jpeg,22,no_object
409251.jpeg,23,no_object
409251.jpeg,24,no_object
409251.jpeg,25,no_object
409251.jpeg,26,no_object
409251.jpeg,27,stump
409251.jpeg,28,no_object
409251.jpeg,29,no_object
409251.jpeg,30,no_object
409251.jpeg,31,no_object
409251.jpeg,32,no_object
409251.jpeg,33,no_object
409251.jpeg,34,stump
409251.jpeg,35,stump
409251.jpeg,36,no_object
409251.jpeg,37,no_object
409251.jpeg,38,no_object
409251.jpeg,39,no_object
409251.jpeg,40,no_object
409251.jpeg,41,no_object
409251.jpeg,42,stump
409251.jpeg,43,stump
409251.jpeg,44,no_object
409251.jpeg,45,no_object
409251.jpeg,46,no_object
409251.jpeg,47,bat
409251.jpeg,48,no_object
409251.jpeg,49,no_object
409251.jpeg,50,ball
409251.jpeg,51,stump
409251.jpeg,52,no_object
409251.jpeg,53,no_object
409251.jpeg,54,no_object
409251.jpeg,55,bat
409251.jpeg,56,no_object
409251.jpeg,57,no_object
409251.jpeg,58,no_object
409251.jpeg,59,no_object
409251.jpeg,60,no_object
409251.jpeg,61,no_object
409251.jpeg,62,no_object
409251.jpeg,63,no_object
409251.jpeg,64,no_object
409281.jpeg,1,no_object
409281.jpeg,2,no_object
409281.jpeg,3,no_object
409281.jpeg,4,no_object
409281.jpeg,5,no_object
409281.jpeg,6,no_object
409281.jpeg,7,no_object
409281.jpeg,8,no_object
409281.jpeg,9,no_object
409281.jpeg,10,no_object
409281.jpeg,11,no_object
409281.jpeg,12,no_object
409281.jpeg,13,no_object
409281.jpeg,14,no_object
409281.jpeg,15,no_object
409281.jpeg,16,no_object
409281.jpeg,17,no_object
409281.jpeg,18,bat
409281.jpeg,19,bat
409281.jpeg,20,no_object
409281.jpeg,21,no_object
409281.jpeg,22,no_object
409281.jpeg,23,no_object
409281.jpeg,24,no_object
409281.jpeg,25,no_object
409281.jpeg,26,no_object
409281.jpeg,27,bat
409281.jpeg,28,bat
409281.jpeg,29,no_object
409281.jpeg,30,no_object
409281.jpeg,31,no_object
409281.jpeg,32,no_object
409281.jpeg,33,no_object
409281.jpeg,34,no_object
409281.jpeg,35,no_object
409281.jpeg,36,no_object
409281.jpeg,37,no_object
409281.jpeg,38,no_object
409281.jpeg,39,no_object
409281.jpeg,40,no_object
409281.jpeg,41,no_object
409281.jpeg,42,no_object
409281.jpeg,43,no_object
409281.jpeg,44,no_object
409281.jpeg,45,no_object
409281.jpeg,46,no_object
409281.jpeg,47,no_object
409281.jpeg,48,no_object
409281.jpeg,49,ball
409281.jpeg,50,no_object
409281.jpeg,51,no_object
409281.jpeg,52,no_object
409281.jpeg,53,no_object
409281.jpeg,54,no_object
409281.jpeg,55,no_object
409281.jpeg,56,no_object
409281.jpeg,57,no_object
409281.jpeg,58,no_object
409281.jpeg,59,no_object
409281.jpeg,60,no_object
409281.jpeg,61,no_object
409281.jpeg,62,no_object
409281.jpeg,63,no_object
409281.jpeg,64,no_object
409301.jpeg,1,no_object
409301.jpeg,2,no_object
409301.jpeg,3,no_object
409301.jpeg,4,no_object
409301.jpeg,5,no_object
409301.jpeg,6,no_object
409301.jpeg,7,no_object
409301.jpeg,8,no_object
409301.jpeg,9,no_object
409301.jpeg,10,no_object
409301.jpeg,11,no_object
409301.jpeg,12,no_object
409301.jpeg,13,no_object
409301.jpeg,14,no_object
409301.jpeg,15,no_object
409301.jpeg,16,no_object
409301.jpeg,17,no_object
409301.jpeg,18,no_object
409301.jpeg,19,no_object
409301.jpeg,20,no_object
409301.jpeg,21,no_object
409301.jpeg,22,no_object
409301.jpeg,23,no_object
409301.jpeg,24,no_object
409301.jpeg,25,no_object
409301.jpeg,26,no_object
409301.jpeg,27,no_object
409301.jpeg,28,no_object
409301.jpeg,29,no_object
409301.jpeg,30,no_object
409301.jpeg,31,no_object
409301.jpeg,32,no_object
409301.jpeg,33,no_object
409301.jpeg,34,no_object
409301.jpeg,35,no_object
409301.jpeg,36,bat
409301.jpeg,37,no_object
409301.jpeg,38,no_object
409301.jpeg,39,no_object
409301.jpeg,40,no_object
409301.jpeg,41,no_object
409301.jpeg,42,no_object
409301.jpeg,43,bat
409301.jpeg,44,bat
409301.jpeg,45,no_object
409301.jpeg,46,no_object
409301.jpeg,47,no_object
409301.jpeg,48,no_object
409301.jpeg,49,ball
409301.jpeg,50,ball
409301.jpeg,51,bat
409301.jpeg,52,no_object
409301.jpeg,53,no_object
409301.jpeg,54,no_object
409301.jpeg,55,no_object
409301.jpeg,56,no_object
409301.jpeg,57,no_object
409301.jpeg,58,no_object
409301.jpeg,59,no_object
409301.jpeg,60,no_object
409301.jpeg,61,no_object
409301.jpeg,62,no_object
409301.jpeg,63,no_object
409301.jpeg,64,no_object
409328.jpeg,1,no_object
409328.jpeg,2,no_object
409328.jpeg,3,no_object
409328.jpeg,4,no_object
409328.jpeg,5,no_object
409328.jpeg,6,no_object
409328.jpeg,7,no_object
409328.jpeg,8,no_object
409328.jpeg,9,no_object
409328.jpeg,10,no_object
409328.jpeg,11,no_object
409328.jpeg,12,no_object
409328.jpeg,13,no_object
409328.jpeg,14,no_object
409328.jpeg,15,no_object
409328.jpeg,16,no_object
409328.jpeg,17,no_object
409328.jpeg,18,no_object
409328.jpeg,19,no_object
409328.jpeg,20,no_object
409328.jpeg,21,no_object
409328.jpeg,22,no_object
409328.jpeg,23,no_object
409328.jpeg,24,no_object
409328.jpeg,25,no_object
409328.jpeg,26,no_object
409328.jpeg,27,no_object
409328.jpeg,28,no_object
409328.jpeg,29,no_object
409328.jpeg,30,no_object
409328.jpeg,31,no_object
409328.jpeg,32,no_object
409328.jpeg,33,no_object
409328.jpeg,34,no_object
409328.jpeg,35,no_object
409328.jpeg,36,no_object
409328.jpeg,37,no_object
409328.jpeg,38,no_object
409328.jpeg,39,ball
409328.jpeg,40,no_object
409328.jpeg,41,no_object
409328.jpeg,42,no_object
409328.jpeg,43,no_object
409328.jpeg,44,no_object
409328.jpeg,45,bat
409328.jpeg,46,bat
409328.jpeg,47,ball
409328.jpeg,48,no_object
409328.jpeg,49,no_object
409328.jpeg,50,no_object
409328.jpeg,51,no_object
409328.jpeg,52,no_object
409328.jpeg,53,bat
409328.jpeg,54,bat
409328.jpeg,55,bat
409328.jpeg,56,no_object
409328.jpeg,57,no_object
409328.jpeg,58,no_object
409328.jpeg,59,no_object
409328.jpeg,60,no_object
409328.jpeg,61,no_object
409328.jpeg,62,no_object
409328.jpeg,63,bat
409328.jpeg,64,no_object
409348.jpeg,1,no_object
409348.jpeg,2,no_object
409348.jpeg,3,no_object
409348.jpeg,4,no_object
409348.jpeg,5,no_object
409348.jpeg,6,no_object
409348.jpeg,7,no_object
409348.jpeg,8,no_object
409348.jpeg,9,no_object
409348.jpeg,10,no_object
409348.jpeg,11,no_object
409348.jpeg,12,no_object
409348.jpeg,13,no_object
409348.jpeg,14,no_object
409348.jpeg,15,no_object
409348.jpeg,16,no_object
409348.jpeg,17,no_object
409348.jpeg,18,no_object
409348.jpeg,19,no_object
409348.jpeg,20,no_object
409348.jpeg,21,no_object
409348.jpeg,22,no_object
409348.jpeg,23,no_object
409348.jpeg,24,no_object
409348.jpeg,25,stump
409348.jpeg,26,no_object
409348.jpeg,27,no_object
409348.jpeg,28,no_object
409348.jpeg,29,no_object
409348.jpeg,30,no_object
409348.jpeg,31,no_object
409348.jpeg,32,no_object
409348.jpeg,33,stump
409348.jpeg,34,no_object
409348.jpeg,35,no_object
409348.jpeg,36,no_object
409348.jpeg,37,no_object
409348.jpeg,38,no_object
409348.jpeg,39,no_object
409348.jpeg,40,no_object
409348.jpeg,41,stump
409348.jpeg,42,no_object
409348.jpeg,43,no_object
409348.jpeg,44,no_object
409348.jpeg,45,no_object
409348.jpeg,46,bat
409348.jpeg,47,bat
409348.jpeg,48,bat
409348.jpeg,49,stump
409348.jpeg,50,no_object
409348.jpeg,51,no_object
409348.jpeg,52,no_object
409348.jpeg,53,no_object
409348.jpeg,54,no_object
409348.jpeg,55,ball
409348.jpeg,56,bat
409348.jpeg,57,no_object
409348.jpeg,58,no_object
409348.jpeg,59,no_object
409348.jpeg,60,no_object
409348.jpeg,61,no_object
409348.jpeg,62,no_object
409348.jpeg,63,no_object
409348.jpeg,64,no_object
409364.jpeg,1,no_object
409364.jpeg,2,no_object
409364.jpeg,3,no_object
409364.jpeg,4,no_object
409364.jpeg,5,no_object
409364.jpeg,6,no_object
409364.jpeg,7,no_object
409364.jpeg,8,no_object
409364.jpeg,9,no_object
409364.jpeg,10,no_object
409364.jpeg,11,no_object
409364.jpeg,12,no_object
409364.jpeg,13,no_object
409364.jpeg,14,no_object
409364.jpeg,15,no_object
409364.jpeg,16,no_object
409364.jpeg,17,no_object
409364.jpeg,18,no_object
409364.jpeg,19,no_object
409364.jpeg,20,bat
409364.jpeg,21,no_object
409364.jpeg,22,no_object
409364.jpeg,23,no_object
409364.jpeg,24,no_object
409364.jpeg,25,no_object
409364.jpeg,26,no_object
409364.jpeg,27,no_object
409364.jpeg,28,bat
409364.jpeg,29,ball
409364.jpeg,30,no_object
409364.jpeg,31,no_object
409364.jpeg,32,no_object
409364.jpeg,33,no_object
409364.jpeg,34,no_object
409364.jpeg,35,no_object
409364.jpeg,36,bat
409364.jpeg,37,stump
409364.jpeg,38,no_object
409364.jpeg,39,no_object
409364.jpeg,40,no_object
409364.jpeg,41,no_object
409364.jpeg,42,no_object
409364.jpeg,43,no_object
409364.jpeg,44,no_object
409364.jpeg,45,stump
409364.jpeg,46,no_object
409364.jpeg,47,no_object
409364.jpeg,48,no_object
409364.jpeg,49,no_object
409364.jpeg,50,no_object
409364.jpeg,51,no_object
409364.jpeg,52,no_object
409364.jpeg,53,stump
409364.jpeg,54,no_object
409364.jpeg,55,no_object
409364.jpeg,56,no_object
409364.jpeg,57,no_object
409364.jpeg,58,no_object
409364.jpeg,59,no_object
409364.jpeg,60,no_object
409364.jpeg,61,stump
409364.jpeg,62,no_object
409364.jpeg,63,no_object
409364.jpeg,64,no_object
409440.jpeg,1,no_object
409440.jpeg,2,no_object
409440.jpeg,3,no_object
409440.jpeg,4,no_object
409440.jpeg,5,no_object
409440.jpeg,6,no_object
409440.jpeg,7,no_object
409440.jpeg,8,no_object
409440.jpeg,9,ball
409440.jpeg,10,ball
409440.jpeg,11,no_object
409440.jpeg,12,no_object
409440.jpeg,13,bat
409440.jpeg,14,no_object
409440.jpeg,15,no_object
409440.jpeg,16,no_object
409440.jpeg,17,no_object
409440.jpeg,18,ball
409440.jpeg,19,no_object
409440.jpeg,20,no_object
409440.jpeg,21,no_object
409440.jpeg,22,no_object
409440.jpeg,23,no_object
409440.jpeg,24,no_object
409440.jpeg,25,no_object
409440.jpeg,26,no_object
409440.jpeg,27,no_object
409440.jpeg,28,no_object
409440.jpeg,29,no_object
409440.jpeg,30,bat
409440.jpeg,31,no_object
409440.jpeg,32,no_object
409440.jpeg,33,no_object
409440.jpeg,34,no_object
409440.jpeg,35,no_object
409440.jpeg,36,no_object
409440.jpeg,37,no_object
409440.jpeg,38,no_object
409440.jpeg,39,stump
409440.jpeg,40,no_object
409440.jpeg,41,no_object
409440.jpeg,42,no_object
409440.jpeg,43,no_object
409440.jpeg,44,no_object
409440.jpeg,45,no_object
409440.jpeg,46,no_object
409440.jpeg,47,stump
409440.jpeg,48,no_object
409440.jpeg,49,no_object
409440.jpeg,50,no_object
409440.jpeg,51,no_object
409440.jpeg,52,no_object
409440.jpeg,53,no_object
409440.jpeg,54,no_object
409440.jpeg,55,stump
409440.jpeg,56,no_object
409440.jpeg,57,no_object
409440.jpeg,58,no_object
409440.jpeg,59,no_object
409440.jpeg,60,no_object
409440.jpeg,61,no_object
409440.jpeg,62,no_object
409440.jpeg,63,stump
409440.jpeg,64,no_object
409523.jpeg,1,no_object
409523.jpeg,2,no_object
409523.jpeg,3,no_object
409523.jpeg,4,no_object
409523.jpeg,5,no_object
409523.jpeg,6,no_object
409523.jpeg,7,no_object
409523.jpeg,8,no_object
409523.jpeg,9,no_object
409523.jpeg,10,no_object
409523.jpeg,11,no_object
409523.jpeg,12,no_object
409523.jpeg,13,no_object
409523.jpeg,14,no_object
409523.jpeg,15,no_object
409523.jpeg,16,no_object
409523.jpeg,17,no_object
409523.jpeg,18,no_object
409523.jpeg,19,no_object
409523.jpeg,20,no_object
409523.jpeg,21,no_object
409523.jpeg,22,bat
409523.jpeg,23,no_object
409523.jpeg,24,no_object
409523.jpeg,25,no_object
409523.jpeg,26,no_object
409523.jpeg,27,no_object
409523.jpeg,28,no_object
409523.jpeg,29,no_object
409523.jpeg,30,no_object
409523.jpeg,31,no_object
409523.jpeg,32,no_object
409523.jpeg,33,no_object
409523.jpeg,34,stump
409523.jpeg,35,ball
409523.jpeg,36,stump
409523.jpeg,37,no_object
409523.jpeg,38,no_object
409523.jpeg,39,no_object
409523.jpeg,40,no_object
409523.jpeg,41,no_object
409523.jpeg,42,no_object
409523.jpeg,43,stump
409523.jpeg,44,stump
409523.jpeg,45,no_object
409523.jpeg,46,no_object
409523.jpeg,47,no_object
409523.jpeg,48,no_object
409523.jpeg,49,no_object
409523.jpeg,50,no_object
409523.jpeg,51,stump
409523.jpeg,52,stump
409523.jpeg,53,no_object
409523.jpeg,54,no_object
409523.jpeg,55,no_object
409523.jpeg,56,no_object
409523.jpeg,57,no_object
409523.jpeg,58,no_object
409523.jpeg,59,stump
409523.jpeg,60,stump
409523.jpeg,61,no_object
409523.jpeg,62,no_object
409523.jpeg,63,no_object
409523.jpeg,64,no_object
409544.jpeg,1,no_object
409544.jpeg,2,ball
409544.jpeg,3,no_object
409544.jpeg,4,no_object
409544.jpeg,5,no_object
409544.jpeg,6,no_object
409544.jpeg,7,no_object
409544.jpeg,8,no_object
409544.jpeg,9,no_object
409544.jpeg,10,no_object
409544.jpeg,11,no_object
409544.jpeg,12,no_object
409544.jpeg,13,no_object
409544.jpeg,14,no_object
409544.jpeg,15,no_object
409544.jpeg,16,no_object
409544.jpeg,17,no_object
409544.jpeg,18,no_object
409544.jpeg,19,no_object
409544.jpeg,20,no_object
409544.jpeg,21,no_object
409544.jpeg,22,no_object
409544.jpeg,23,no_object
409544.jpeg,24,no_object
409544.jpeg,25,no_object
409544.jpeg,26,no_object
409544.jpeg,27,no_object
409544.jpeg,28,no_object
409544.jpeg,29,no_object
409544.jpeg,30,no_object
409544.jpeg,31,no_object
409544.jpeg,32,no_object
409544.jpeg,33,no_object
409544.jpeg,34,no_object
409544.jpeg,35,no_object
409544.jpeg,36,no_object
409544.jpeg,37,no_object
409544.jpeg,38,bat
409544.jpeg,39,no_object
409544.jpeg,40,no_object
409544.jpeg,41,no_object
409544.jpeg,42,no_object
409544.jpeg,43,no_object
409544.jpeg,44,stump
409544.jpeg,45,stump
409544.jpeg,46,bat
409544.jpeg,47,bat
409544.jpeg,48,no_object
409544.jpeg,49,no_object
409544.jpeg,50,no_object
409544.jpeg,51,no_object
409544.jpeg,52,stump
409544.jpeg,53,stump
409544.jpeg,54,no_object
409544.jpeg,55,bat
409544.jpeg,56,no_object
409544.jpeg,57,no_object
409544.jpeg,58,no_object
409544.jpeg,59,no_object
409544.jpeg,60,stump
409544.jpeg,61,stump
409544.jpeg,62,no_object
409544.jpeg,63,no_object
409544.jpeg,64,no_object
409556.jpeg,1,no_object
409556.jpeg,2,no_object
409556.jpeg,3,no_object
409556.jpeg,4,no_object
409556.jpeg,5,no_object
409556.jpeg,6,no_object
409556.jpeg,7,no_object
409556.jpeg,8,no_object
409556.jpeg,9,no_object
409556.jpeg,10,no_object
409556.jpeg,11,no_object
409556.jpeg,12,no_object
409556.jpeg,13,no_object
409556.jpeg,14,no_object
409556.jpeg,15,no_object
409556.jpeg,16,no_object
409556.jpeg,17,no_object
409556.jpeg,18,no_object
409556.jpeg,19,no_object
409556.jpeg,20,no_object
409556.jpeg,21,no_object
409556.jpeg,22,no_object
409556.jpeg,23,no_object
409556.jpeg,24,no_object
409556.jpeg,25,no_object
409556.jpeg,26,no_object
409556.jpeg,27,no_object
409556.jpeg,28,no_object
409556.jpeg,29,no_object
409556.jpeg,30,no_object
409556.jpeg,31,no_object
409556.jpeg,32,no_object
409556.jpeg,33,no_object
409556.jpeg,34,no_object
409556.jpeg,35,no_object
409556.jpeg,36,no_object
409556.jpeg,37,bat
409556.jpeg,38,no_object
409556.jpeg,39,no_object
409556.jpeg,40,no_object
409556.jpeg,41,no_object
409556.jpeg,42,no_object
409556.jpeg,43,no_object
409556.jpeg,44,ball
409556.jpeg,45,bat
409556.jpeg,46,no_object
409556.jpeg,47,no_object
409556.jpeg,48,no_object
409556.jpeg,49,no_object
409556.jpeg,50,no_object
409556.jpeg,51,no_object
409556.jpeg,52,stump
409556.jpeg,53,no_object
409556.jpeg,54,no_object
409556.jpeg,55,no_object
409556.jpeg,56,no_object
409556.jpeg,57,no_object
409556.jpeg,58,no_object
409556.jpeg,59,no_object
409556.jpeg,60,stump
409556.jpeg,61,no_object
409556.jpeg,62,no_object
409556.jpeg,63,no_object
409556.jpeg,64,no_object
409663.jpeg,1,no_object
409663.jpeg,2,no_object
409663.jpeg,3,no_object
409663.jpeg,4,no_object
409663.jpeg,5,no_object
409663.jpeg,6,no_object
409663.jpeg,7,no_object
409663.jpeg,8,no_object
409663.jpeg,9,no_object
409663.jpeg,10,no_object
409663.jpeg,11,no_object
409663.jpeg,12,no_object
409663.jpeg,13,no_object
409663.jpeg,14,no_object
409663.jpeg,15,no_object
409663.jpeg,16,no_object
409663.jpeg,17,no_object
409663.jpeg,18,no_object
409663.jpeg,19,no_object
409663.jpeg,20,ball
409663.jpeg,21,no_object
409663.jpeg,22,no_object
409663.jpeg,23,no_object
409663.jpeg,24,no_object
409663.jpeg,25,no_object
409663.jpeg,26,no_object
409663.jpeg,27,no_object
409663.jpeg,28,no_object
409663.jpeg,29,no_object
409663.jpeg,30,no_object
409663.jpeg,31,no_object
409663.jpeg,32,bat
409663.jpeg,33,no_object
409663.jpeg,34,no_object
409663.jpeg,35,no_object
409663.jpeg,36,stump
409663.jpeg,37,no_object
409663.jpeg,38,no_object
409663.jpeg,39,no_object
409663.jpeg,40,bat
409663.jpeg,41,no_object
409663.jpeg,42,no_object
409663.jpeg,43,no_object
409663.jpeg,44,stump
409663.jpeg,45,no_object
409663.jpeg,46,no_object
409663.jpeg,47,no_object
409663.jpeg,48,no_object
409663.jpeg,49,no_object
409663.jpeg,50,no_object
409663.jpeg,51,no_object
409663.jpeg,52,stump
409663.jpeg,53,no_object
409663.jpeg,54,no_object
409663.jpeg,55,no_object
409663.jpeg,56,no_object
409663.jpeg,57,no_object
409663.jpeg,58,no_object
409663.jpeg,59,no_object
409663.jpeg,60,stump
409663.jpeg,61,no_object
409663.jpeg,62,no_object
409663.jpeg,63,no_object
409663.jpeg,64,no_object
409686.jpeg,1,no_object
409686.jpeg,2,no_object
409686.jpeg,3,no_object
409686.jpeg,4,no_object
409686.jpeg,5,no_object
409686.jpeg,6,no_object
409686.jpeg,7,no_object
409686.jpeg,8,no_object
409686.jpeg,9,no_object
409686.jpeg,10,no_object
409686.jpeg,11,no_object
409686.jpeg,12,no_object
409686.jpeg,13,no_object
409686.jpeg,14,no_object
409686.jpeg,15,bat
409686.jpeg,16,no_object
409686.jpeg,17,ball
409686.jpeg,18,no_object
409686.jpeg,19,no_object
409686.jpeg,20,no_object
409686.jpeg,21,no_object
409686.jpeg,22,no_object
409686.jpeg,23,bat
409686.jpeg,24,no_object
409686.jpeg,25,no_object
409686.jpeg,26,no_object
409686.jpeg,27,no_object
409686.jpeg,28,no_object
409686.jpeg,29,no_object
409686.jpeg,30,no_object
409686.jpeg,31,bat
409686.jpeg,32,no_object
409686.jpeg,33,no_object
409686.jpeg,34,no_object
409686.jpeg,35,no_object
409686.jpeg,36,no_object
409686.jpeg,37,stump
409686.jpeg,38,no_object
409686.jpeg,39,no_object
409686.jpeg,40,no_object
409686.jpeg,41,no_object
409686.jpeg,42,no_object
409686.jpeg,43,no_object
409686.jpeg,44,no_object
409686.jpeg,45,stump
409686.jpeg,46,no_object
409686.jpeg,47,no_object
409686.jpeg,48,no_object
409686.jpeg,49,no_object
409686.jpeg,50,no_object
409686.jpeg,51,no_object
409686.jpeg,52,no_object
409686.jpeg,53,stump
409686.jpeg,54,no_object
409686.jpeg,55,no_object
409686.jpeg,56,no_object
409686.jpeg,57,no_object
409686.jpeg,58,no_object
409686.jpeg,59,no_object
409686.jpeg,60,no_object
409686.jpeg,61,no_object
409686.jpeg,62,no_object
409686.jpeg,63,no_object
409686.jpeg,64,no_object
409709.jpeg,1,no_object
409709.jpeg,2,no_object
409709.jpeg,3,no_object
409709.jpeg,4,no_object
409709.jpeg,5,no_object
409709.jpeg,6,no_object
409709.jpeg,7,no_object
409709.jpeg,8,no_object
409709.jpeg,9,no_object
409709.jpeg,10,no_object
409709.jpeg,11,no_object
409709.jpeg,12,no_object
409709.jpeg,13,no_object
409709.jpeg,14,no_object
409709.jpeg,15,no_object
409709.jpeg,16,ball
409709.jpeg,17,bat
409709.jpeg,18,bat
409709.jpeg,19,no_object
409709.jpeg,20,no_object
409709.jpeg,21,no_object
409709.jpeg,22,no_object
409709.jpeg,23,no_object
409709.jpeg,24,no_object
409709.jpeg,25,bat
409709.jpeg,26,bat
409709.jpeg,27,no_object
409709.jpeg,28,no_object
409709.jpeg,29,no_object
409709.jpeg,30,no_object
409709.jpeg,31,no_object
409709.jpeg,32,no_object
409709.jpeg,33,bat
409709.jpeg,34,bat
409709.jpeg,35,no_object
409709.jpeg,36,no_object
409709.jpeg,37,no_object
409709.jpeg,38,no_object
409709.jpeg,39,no_object
409709.jpeg,40,no_object
409709.jpeg,41,no_object
409709.jpeg,42,bat
409709.jpeg,43,no_object
409709.jpeg,44,no_object
409709.jpeg,45,no_object
409709.jpeg,46,no_object
409709.jpeg,47,no_object
409709.jpeg,48,no_object
409709.jpeg,49,no_object
409709.jpeg,50,bat
409709.jpeg,51,no_object
409709.jpeg,52,no_object
409709.jpeg,53,no_object
409709.jpeg,54,no_object
409709.jpeg,55,no_object
409709.jpeg,56,no_object
409709.jpeg,57,no_object
409709.jpeg,58,no_object
409709.jpeg,59,no_object
409709.jpeg,60,no_object
409709.jpeg,61,no_object
409709.jpeg,62,no_object
409709.jpeg,63,no_object
409709.jpeg,64,no_object
409922.jpeg,1,no_object
409922.jpeg,2,no_object
409922.jpeg,3,no_object
409922.jpeg,4,no_object
409922.jpeg,5,ball
409922.jpeg,6,no_object
409922.jpeg,7,no_object
409922.jpeg,8,no_object
409922.jpeg,9,no_object
409922.jpeg,10,no_object
409922.jpeg,11,no_object
409922.jpeg,12,no_object
409922.jpeg,13,no_object
409922.jpeg,14,no_object
409922.jpeg,15,no_object
409922.jpeg,16,no_object
409922.jpeg,17,no_object
409922.jpeg,18,no_object
409922.jpeg,19,no_object
409922.jpeg,20,no_object
409922.jpeg,21,no_object
409922.jpeg,22,no_object
409922.jpeg,23,no_object
409922.jpeg,24,no_object
409922.jpeg,25,no_object
409922.jpeg,26,no_object
409922.jpeg,27,no_object
409922.jpeg,28,no_object
409922.jpeg,29,no_object
409922.jpeg,30,no_object
409922.jpeg,31,no_object
409922.jpeg,32,no_object
409922.jpeg,33,no_object
409922.jpeg,34,no_object
409922.jpeg,35,no_object
409922.jpeg,36,no_object
409922.jpeg,37,no_object
409922.jpeg,38,no_object
409922.jpeg,39,no_object
409922.jpeg,40,no_object
409922.jpeg,41,no_object
409922.jpeg,42,stump
409922.jpeg,43,no_object
409922.jpeg,44,no_object
409922.jpeg,45,no_object
409922.jpeg,46,no_object
409922.jpeg,47,no_object
409922.jpeg,48,no_object
409922.jpeg,49,no_object
409922.jpeg,50,stump
409922.jpeg,51,no_object
409922.jpeg,52,no_object
409922.jpeg,53,no_object
409922.jpeg,54,no_object
409922.jpeg,55,no_object
409922.jpeg,56,no_object
409922.jpeg,57,no_object
409922.jpeg,58,stump
409922.jpeg,59,no_object
409922.jpeg,60,no_object
409922.jpeg,61,no_object
409922.jpeg,62,no_object
409922.jpeg,63,no_object
409922.jpeg,64,no_object
409939.jpeg,1,no_object
409939.jpeg,2,no_object
409939.jpeg,3,no_object
409939.jpeg,4,no_object
409939.jpeg,5,no_object
409939.jpeg,6,no_object
409939.jpeg,7,no_object
409939.jpeg,8,bat
409939.jpeg,9,no_object
409939.jpeg,10,no_object
409939.jpeg,11,no_object
409939.jpeg,12,no_object
409939.jpeg,13,no_object
409939.jpeg,14,no_object
409939.jpeg,15,no_object
409939.jpeg,16,bat
409939.jpeg,17,no_object
409939.jpeg,18,no_object
409939.jpeg,19,no_object
409939.jpeg,20,no_object
409939.jpeg,21,no_object
409939.jpeg,22,no_object
409939.jpeg,23,no_object
409939.jpeg,24,bat
409939.jpeg,25,no_object
409939.jpeg,26,no_object
409939.jpeg,27,no_object
409939.jpeg,28,no_object
409939.jpeg,29,no_object
409939.jpeg,30,no_object
409939.jpeg,31,no_object
409939.jpeg,32,no_object
409939.jpeg,33,no_object
409939.jpeg,34,ball
409939.jpeg,35,no_object
409939.jpeg,36,no_object
409939.jpeg,37,no_object
409939.jpeg,38,no_object
409939.jpeg,39,no_object
409939.jpeg,40,no_object
409939.jpeg,41,no_object
409939.jpeg,42,no_object
409939.jpeg,43,no_object
409939.jpeg,44,stump
409939.jpeg,45,no_object
409939.jpeg,46,no_object
409939.jpeg,47,no_object
409939.jpeg,48,no_object
409939.jpeg,49,no_object
409939.jpeg,50,no_object
409939.jpeg,51,no_object
409939.jpeg,52,stump
409939.jpeg,53,no_object
409939.jpeg,54,no_object
409939.jpeg,55,no_object
409939.jpeg,56,no_object
409939.jpeg,57,no_object
409939.jpeg,58,no_object
409939.jpeg,59,no_object
409939.jpeg,60,stump
409939.jpeg,61,no_object
409939.jpeg,62,no_object
409939.jpeg,63,no_object
409939.jpeg,64,no_object
409951.jpeg,1,no_object
409951.jpeg,2,no_object
409951.jpeg,3,no_object
409951.jpeg,4,no_object
409951.jpeg,5,no_object
409951.jpeg,6,no_object
409951.jpeg,7,no_object
409951.jpeg,8,no_object
409951.jpeg,9,no_object
409951.jpeg,10,no_object
409951.jpeg,11,no_object
409951.jpeg,12,no_object
409951.jpeg,13,no_object
409951.jpeg,14,no_object
409951.jpeg,15,no_object
409951.jpeg,16,no_object
409951.jpeg,17,no_object
409951.jpeg,18,no_object
409951.jpeg,19,no_object
409951.jpeg,20,no_object
409951.jpeg,21,no_object
409951.jpeg,22,no_object
409951.jpeg,23,no_object
409951.jpeg,24,no_object
409951.jpeg,25,no_object
409951.jpeg,26,no_object
409951.jpeg,27,no_object
409951.jpeg,28,no_object
409951.jpeg,29,no_object
409951.jpeg,30,no_object
409951.jpeg,31,no_object
409951.jpeg,32,no_object
409951.jpeg,33,no_object
409951.jpeg,34,no_object
409951.jpeg,35,no_object
409951.jpeg,36,stump
409951.jpeg,37,no_object
409951.jpeg,38,no_object
409951.jpeg,39,no_object
409951.jpeg,40,no_object
409951.jpeg,41,no_object
409951.jpeg,42,no_object
409951.jpeg,43,no_object
409951.jpeg,44,bat
409951.jpeg,45,bat
409951.jpeg,46,no_object
409951.jpeg,47,no_object
409951.jpeg,48,no_object
409951.jpeg,49,no_object
409951.jpeg,50,no_object
409951.jpeg,51,no_object
409951.jpeg,52,bat
409951.jpeg,53,ball
409951.jpeg,54,no_object
409951.jpeg,55,no_object
409951.jpeg,56,no_object
409951.jpeg,57,no_object
409951.jpeg,58,no_object
409951.jpeg,59,no_object
409951.jpeg,60,stump
409951.jpeg,61,no_object
409951.jpeg,62,no_object
409951.jpeg,63,no_object
409951.jpeg,64,no_object
409972.jpeg,1,no_object
409972.jpeg,2,no_object
409972.jpeg,3,no_object
409972.jpeg,4,no_object
409972.jpeg,5,no_object
409972.jpeg,6,no_object
409972.jpeg,7,no_object
409972.jpeg,8,no_object
409972.jpeg,9,no_object
409972.jpeg,10,bat
409972.jpeg,11,no_object
409972.jpeg,12,no_object
409972.jpeg,13,no_object
409972.jpeg,14,no_object
409972.jpeg,15,no_object
409972.jpeg,16,no_object
409972.jpeg,17,no_object
409972.jpeg,18,bat
409972.jpeg,19,bat
409972.jpeg,20,no_object
409972.jpeg,21,no_object
409972.jpeg,22,no_object
409972.jpeg,23,no_object
409972.jpeg,24,no_object
409972.jpeg,25,stump
409972.jpeg,26,no_object
409972.jpeg,27,no_object
409972.jpeg,28,no_object
409972.jpeg,29,no_object
409972.jpeg,30,no_object
409972.jpeg,31,no_object
409972.jpeg,32,no_object
409972.jpeg,33,stump
409972.jpeg,34,no_object
409972.jpeg,35,no_object
409972.jpeg,36,no_object
409972.jpeg,37,no_object
409972.jpeg,38,no_object
409972.jpeg,39,no_object
409972.jpeg,40,ball
409972.jpeg,41,stump
409972.jpeg,42,no_object
409972.jpeg,43,no_object
409972.jpeg,44,no_object
409972.jpeg,45,no_object
409972.jpeg,46,no_object
409972.jpeg,47,no_object
409972.jpeg,48,no_object
409972.jpeg,49,stump
409972.jpeg,50,no_object
409972.jpeg,51,no_object
409972.jpeg,52,no_object
409972.jpeg,53,no_object
409972.jpeg,54,no_object
409972.jpeg,55,no_object
409972.jpeg,56,no_object
409972.jpeg,57,no_object
409972.jpeg,58,no_object
409972.jpeg,59,no_object
409972.jpeg,60,no_object
409972.jpeg,61,no_object
409972.jpeg,62,no_object
409972.jpeg,63,no_object
409972.jpeg,64,no_object
409996.jpeg,1,no_object
409996.jpeg,2,no_object
409996.jpeg,3,ball
409996.jpeg,4,no_object
409996.jpeg,5,no_object
409996.jpeg,6,no_object
409996.jpeg,7,no_object
409996.jpeg,8,no_object
409996.jpeg,9,no_object
409996.jpeg,10,no_object
409996.jpeg,11,ball
409996.jpeg,12,no_object
409996.jpeg,13,no_object
409996.jpeg,14,bat
409996.jpeg,15,bat
409996.jpeg,16,bat
409996.jpeg,17,no_object
409996.jpeg,18,no_object
409996.jpeg,19,no_object
409996.jpeg,20,no_object
409996.jpeg,21,no_object
409996.jpeg,22,bat
409996.jpeg,23,bat
409996.jpeg,24,no_object
409996.jpeg,25,no_object
409996.jpeg,26,no_object
409996.jpeg,27,no_object
409996.jpeg,28,no_object
409996.jpeg,29,no_object
409996.jpeg,30,bat
409996.jpeg,31,no_object
409996.jpeg,32,no_object
409996.jpeg,33,no_object
409996.jpeg,34,no_object
409996.jpeg,35,no_object
409996.jpeg,36,no_object
409996.jpeg,37,no_object
409996.jpeg,38,no_object
409996.jpeg,39,no_object
409996.jpeg,40,no_object
409996.jpeg,41,no_object
409996.jpeg,42,no_object
409996.jpeg,43,no_object
409996.jpeg,44,no_object
409996.jpeg,45,no_object
409996.jpeg,46,no_object
409996.jpeg,47,no_object
409996.jpeg,48,no_object
409996.jpeg,49,no_object
409996.jpeg,50,no_object
409996.jpeg,51,no_object
409996.jpeg,52,no_object
409996.jpeg,53,no_object
409996.jpeg,54,no_object
409996.jpeg,55,no_object
409996.jpeg,56,no_object
409996.jpeg,57,no_object
409996.jpeg,58,no_object
409996.jpeg,59,no_object
409996.jpeg,60,no_object
409996.jpeg,61,no_object
409996.jpeg,62,no_object
409996.jpeg,63,no_object
409996.jpeg,64,no_object
409998.jpeg,1,no_object
409998.jpeg,2,no_object
409998.jpeg,3,no_object
409998.jpeg,4,no_object
409998.jpeg,5,bat
409998.jpeg,6,no_object
409998.jpeg,7,no_object
409998.jpeg,8,no_object
409998.jpeg,9,no_object
409998.jpeg,10,no_object
409998.jpeg,11,no_object
409998.jpeg,12,bat
409998.jpeg,13,bat
409998.jpeg,14,no_object
409998.jpeg,15,no_object
409998.jpeg,16,no_object
409998.jpeg,17,no_object
409998.jpeg,18,no_object
409998.jpeg,19,bat
409998.jpeg,20,no_object
409998.jpeg,21,no_object
409998.jpeg,22,no_object
409998.jpeg,23,no_object
409998.jpeg,24,no_object
409998.jpeg,25,no_object
409998.jpeg,26,no_object
409998.jpeg,27,no_object
409998.jpeg,28,no_object
409998.jpeg,29,no_object
409998.jpeg,30,no_object
409998.jpeg,31,no_object
409998.jpeg,32,no_object
409998.jpeg,33,no_object
409998.jpeg,34,no_object
409998.jpeg,35,no_object
409998.jpeg,36,no_object
409998.jpeg,37,no_object
409998.jpeg,38,no_object
409998.jpeg,39,no_object
409998.jpeg,40,no_object
409998.jpeg,41,no_object
409998.jpeg,42,no_object
409998.jpeg,43,ball
409998.jpeg,44,no_object
409998.jpeg,45,no_object
409998.jpeg,46,no_object
409998.jpeg,47,stump
409998.jpeg,48,stump
409998.jpeg,49,no_object
409998.jpeg,50,no_object
409998.jpeg,51,ball
409998.jpeg,52,no_object
409998.jpeg,53,no_object
409998.jpeg,54,no_object
409998.jpeg,55,stump
409998.jpeg,56,stump
409998.jpeg,57,no_object
409998.jpeg,58,no_object
409998.jpeg,59,no_object
409998.jpeg,60,no_object
409998.jpeg,61,no_object
409998.jpeg,62,no_object
409998.jpeg,63,stump
409998.jpeg,64,stump
410006.jpeg,1,no_object
410006.jpeg,2,no_object
410006.jpeg,3,no_object
410006.jpeg,4,no_object
410006.jpeg,5,no_object
410006.jpeg,6,no_object
410006.jpeg,7,no_object
410006.jpeg,8,no_object
410006.jpeg,9,no_object
410006.jpeg,10,no_object
410006.jpeg,11,no_object
410006.jpeg,12,no_object
410006.jpeg,13,no_object
410006.jpeg,14,no_object
410006.jpeg,15,no_object
410006.jpeg,16,no_object
410006.jpeg,17,no_object
410006.jpeg,18,no_object
410006.jpeg,19,no_object
410006.jpeg,20,no_object
410006.jpeg,21,no_object
410006.jpeg,22,no_object
410006.jpeg,23,no_object
410006.jpeg,24,no_object
410006.jpeg,25,no_object
410006.jpeg,26,no_object
410006.jpeg,27,no_object
410006.jpeg,28,bat
410006.jpeg,29,no_object
410006.jpeg,30,no_object
410006.jpeg,31,no_object
410006.jpeg,32,no_object
410006.jpeg,33,no_object
410006.jpeg,34,no_object
410006.jpeg,35,stump
410006.jpeg,36,bat
410006.jpeg,37,no_object
410006.jpeg,38,no_object
410006.jpeg,39,no_object
410006.jpeg,40,no_object
410006.jpeg,41,no_object
410006.jpeg,42,no_object
410006.jpeg,43,stump
410006.jpeg,44,no_object
410006.jpeg,45,no_object
410006.jpeg,46,ball
410006.jpeg,47,no_object
410006.jpeg,48,no_object
410006.jpeg,49,no_object
410006.jpeg,50,no_object
410006.jpeg,51,stump
410006.jpeg,52,no_object
410006.jpeg,53,no_object
410006.jpeg,54,no_object
410006.jpeg,55,no_object
410006.jpeg,56,no_object
410006.jpeg,57,no_object
410006.jpeg,58,no_object
410006.jpeg,59,no_object
410006.jpeg,60,no_object
410006.jpeg,61,no_object
410006.jpeg,62,no_object
410006.jpeg,63,no_object
410006.jpeg,64,no_object
410012.jpeg,1,no_object
410012.jpeg,2,no_object
410012.jpeg,3,no_object
410012.jpeg,4,no_object
410012.jpeg,5,no_object
410012.jpeg,6,no_object
410012.jpeg,7,no_object
410012.jpeg,8,no_object
410012.jpeg,9,no_object
410012.jpeg,10,no_object
410012.jpeg,11,no_object
410012.jpeg,12,no_object
410012.jpeg,13,no_object
410012.jpeg,14,no_object
410012.jpeg,15,no_object
410012.jpeg,16,no_object
410012.jpeg,17,no_object
410012.jpeg,18,no_object
410012.jpeg,19,no_object
410012.jpeg,20,no_object
410012.jpeg,21,no_object
410012.jpeg,22,no_object
410012.jpeg,23,no_object
410012.jpeg,24,no_object
410012.jpeg,25,no_object
410012.jpeg,26,no_object
410012.jpeg,27,no_object
410012.jpeg,28,no_object
410012.jpeg,29,no_object
410012.jpeg,30,no_object
410012.jpeg,31,no_object
410012.jpeg,32,no_object
410012.jpeg,33,no_object
410012.jpeg,34,no_object
410012.jpeg,35,bat
410012.jpeg,36,bat
410012.jpeg,37,no_object
410012.jpeg,38,stump
410012.jpeg,39,stump
410012.jpeg,40,no_object
410012.jpeg,41,no_object
410012.jpeg,42,no_object
410012.jpeg,43,bat
410012.jpeg,44,no_object
410012.jpeg,45,no_object
410012.jpeg,46,stump
410012.jpeg,47,stump
410012.jpeg,48,no_object
410012.jpeg,49,no_object
410012.jpeg,50,no_object
410012.jpeg,51,no_object
410012.jpeg,52,no_object
410012.jpeg,53,no_object
410012.jpeg,54,stump
410012.jpeg,55,stump
410012.jpeg,56,no_object
410012.jpeg,57,no_object
410012.jpeg,58,no_object
410012.jpeg,59,no_object
410012.jpeg,60,no_object
410012.jpeg,61,no_object
410012.jpeg,62,stump
410012.jpeg,63,stump
410012.jpeg,64,no_object
410017.jpeg,1,no_object
410017.jpeg,2,no_object
410017.jpeg,3,no_object
410017.jpeg,4,no_object
410017.jpeg,5,no_object
410017.jpeg,6,no_object
410017.jpeg,7,no_object
410017.jpeg,8,no_object
410017.jpeg,9,no_object
410017.jpeg,10,no_object
410017.jpeg,11,no_object
410017.jpeg,12,no_object
410017.jpeg,13,no_object
410017.jpeg,14,no_object
410017.jpeg,15,no_object
410017.jpeg,16,no_object
410017.jpeg,17,no_object
410017.jpeg,18,no_object
410017.jpeg,19,no_object
410017.jpeg,20,no_object
410017.jpeg,21,no_object
410017.jpeg,22,no_object
410017.jpeg,23,bat
410017.jpeg,24,no_object
410017.jpeg,25,no_object
410017.jpeg,26,no_object
410017.jpeg,27,no_object
410017.jpeg,28,no_object
410017.jpeg,29,no_object
410017.jpeg,30,no_object
410017.jpeg,31,bat
410017.jpeg,32,no_object
410017.jpeg,33,no_object
410017.jpeg,34,no_object
410017.jpeg,35,stump
410017.jpeg,36,no_object
410017.jpeg,37,no_object
410017.jpeg,38,no_object
410017.jpeg,39,bat
410017.jpeg,40,ball
410017.jpeg,41,no_object
410017.jpeg,42,no_object
410017.jpeg,43,stump
410017.jpeg,44,no_object
410017.jpeg,45,no_object
410017.jpeg,46,no_object
410017.jpeg,47,bat
410017.jpeg,48,no_object
410017.jpeg,49,no_object
410017.jpeg,50,no_object
410017.jpeg,51,stump
410017.jpeg,52,no_object
410017.jpeg,53,no_object
410017.jpeg,54,no_object
410017.jpeg,55,no_object
410017.jpeg,56,no_object
410017.jpeg,57,no_object
410017.jpeg,58,no_object
410017.jpeg,59,stump
410017.jpeg,60,no_object
410017.jpeg,61,no_object
410017.jpeg,62,no_object
410017.jpeg,63,no_object
410017.jpeg,64,no_object
410021.jpeg,1,no_object
410021.jpeg,2,no_object
410021.jpeg,3,no_object
410021.jpeg,4,no_object
410021.jpeg,5,no_object
410021.jpeg,6,no_object
410021.jpeg,7,no_object
410021.jpeg,8,no_object
410021.jpeg,9,bat
410021.jpeg,10,bat
410021.jpeg,11,no_object
410021.jpeg,12,no_object
410021.jpeg,13,no_object
410021.jpeg,14,no_object
410021.jpeg,15,no_object
410021.jpeg,16,no_object
410021.jpeg,17,bat
410021.jpeg,18,bat
410021.jpeg,19,no_object
410021.jpeg,20,no_object
410021.jpeg,21,no_object
410021.jpeg,22,no_object
410021.jpeg,23,no_object
410021.jpeg,24,no_object
410021.jpeg,25,no_object
410021.jpeg,26,bat
410021.jpeg,27,no_object
410021.jpeg,28,no_object
410021.jpeg,29,no_object
410021.jpeg,30,no_object
410021.jpeg,31,no_object
410021.jpeg,32,no_object
410021.jpeg,33,no_object
410021.jpeg,34,no_object
410021.jpeg,35,no_object
410021.jpeg,36,no_object
410021.jpeg,37,no_object
410021.jpeg,38,stump
410021.jpeg,39,no_object
410021.jpeg,40,no_object
410021.jpeg,41,no_object
410021.jpeg,42,no_object
410021.jpeg,43,no_object
410021.jpeg,44,no_object
410021.jpeg,45,no_object
410021.jpeg,46,stump
410021.jpeg,47,no_object
410021.jpeg,48,no_object
410021.jpeg,49,no_object
410021.jpeg,50,no_object
410021.jpeg,51,no_object
410021.jpeg,52,no_object
410021.jpeg,53,ball
410021.jpeg,54,stump
410021.jpeg,55,no_object
410021.jpeg,56,no_object
410021.jpeg,57,no_object
410021.jpeg,58,no_object
410021.jpeg,59,no_object
410021.jpeg,60,no_object
410021.jpeg,61,ball
410021.jpeg,62,stump
410021.jpeg,63,no_object
410021.jpeg,64,no_object
410069.jpeg,1,no_object
410069.jpeg,2,bat
410069.jpeg,3,no_object
410069.jpeg,4,no_object
410069.jpeg,5,no_object
410069.jpeg,6,no_object
410069.jpeg,7,no_object
410069.jpeg,8,no_object
410069.jpeg,9,no_object
410069.jpeg,10,bat
410069.jpeg,11,bat
410069.jpeg,12,no_object
410069.jpeg,13,no_object
410069.jpeg,14,no_object
410069.jpeg,15,no_object
410069.jpeg,16,no_object
410069.jpeg,17,no_object
410069.jpeg,18,no_object
410069.jpeg,19,bat
410069.jpeg,20,no_object
410069.jpeg,21,no_object
410069.jpeg,22,no_object
410069.jpeg,23,no_object
410069.jpeg,24,no_object
410069.jpeg,25,no_object
410069.jpeg,26,no_object
410069.jpeg,27,no_object
410069.jpeg,28,no_object
410069.jpeg,29,no_object
410069.jpeg,30,no_object
410069.jpeg,31,no_object
410069.jpeg,32,no_object
410069.jpeg,33,ball
410069.jpeg,34,no_object
410069.jpeg,35,no_object
410069.jpeg,36,no_object
410069.jpeg,37,no_object
410069.jpeg,38,no_object
410069.jpeg,39,no_object
410069.jpeg,40,stump
410069.jpeg,41,no_object
410069.jpeg,42,no_object
410069.jpeg,43,no_object
410069.jpeg,44,no_object
410069.jpeg,45,no_object
410069.jpeg,46,no_object
410069.jpeg,47,no_object
410069.jpeg,48,stump
410069.jpeg,49,no_object
410069.jpeg,50,no_object
410069.jpeg,51,no_object
410069.jpeg,52,no_object
410069.jpeg,53,no_object
410069.jpeg,54,no_object
410069.jpeg,55,no_object
410069.jpeg,56,stump
410069.jpeg,57,no_object
410069.jpeg,58,no_object
410069.jpeg,59,no_object
410069.jpeg,60,no_object
410069.jpeg,61,no_object
410069.jpeg,62,no_object
410069.jpeg,63,no_object
410069.jpeg,64,stump
410073.jpeg,1,no_object
410073.jpeg,2,no_object
410073.jpeg,3,no_object
410073.jpeg,4,no_object
410073.jpeg,5,no_object
410073.jpeg,6,no_object
410073.jpeg,7,no_object
410073.jpeg,8,no_object
410073.jpeg,9,no_object
410073.jpeg,10,no_object
410073.jpeg,11,no_object
410073.jpeg,12,no_object
410073.jpeg,13,no_object
410073.jpeg,14,no_object
410073.jpeg,15,no_object
410073.jpeg,16,no_object
410073.jpeg,17,no_object
410073.jpeg,18,no_object
410073.jpeg,19,no_object
410073.jpeg,20,no_object
410073.jpeg,21,no_object
410073.jpeg,22,no_object
410073.jpeg,23,no_object
410073.jpeg,24,no_object
410073.jpeg,25,no_object
410073.jpeg,26,no_object
410073.jpeg,27,no_object
410073.jpeg,28,no_object
410073.jpeg,29,no_object
410073.jpeg,30,no_object
410073.jpeg,31,no_object
410073.jpeg,32,no_object
410073.jpeg,33,no_object
410073.jpeg,34,no_object
410073.jpeg,35,no_object
410073.jpeg,36,ball
410073.jpeg,37,stump
410073.jpeg,38,no_object
410073.jpeg,39,no_object
410073.jpeg,40,no_object
410073.jpeg,41,no_object
410073.jpeg,42,no_object
410073.jpeg,43,no_object
410073.jpeg,44,stump
410073.jpeg,45,stump
410073.jpeg,46,no_object
410073.jpeg,47,no_object
410073.jpeg,48,no_object
410073.jpeg,49,no_object
410073.jpeg,50,no_object
410073.jpeg,51,no_object
410073.jpeg,52,stump
410073.jpeg,53,stump
410073.jpeg,54,no_object
410073.jpeg,55,no_object
410073.jpeg,56,no_object
410073.jpeg,57,no_object
410073.jpeg,58,no_object
410073.jpeg,59,no_object
410073.jpeg,60,stump
410073.jpeg,61,stump
410073.jpeg,62,no_object
410073.jpeg,63,no_object
410073.jpeg,64,no_object
410077.jpeg,1,no_object
410077.jpeg,2,no_object
410077.jpeg,3,bat
410077.jpeg,4,no_object
410077.jpeg,5,no_object
410077.jpeg,6,no_object
410077.jpeg,7,no_object
410077.jpeg,8,no_object
410077.jpeg,9,no_object
410077.jpeg,10,no_object
410077.jpeg,11,bat
410077.jpeg,12,no_object
410077.jpeg,13,no_object
410077.jpeg,14,no_object
410077.jpeg,15,no_object
410077.jpeg,16,no_object
410077.jpeg,17,no_object
410077.jpeg,18,no_object
410077.jpeg,19,bat
410077.jpeg,20,no_object
410077.jpeg,21,no_object
410077.jpeg,22,no_object
410077.jpeg,23,no_object
410077.jpeg,24,no_object
410077.jpeg,25,no_object
410077.jpeg,26,no_object
410077.jpeg,27,bat
410077.jpeg,28,no_object
410077.jpeg,29,no_object
410077.jpeg,30,no_object
410077.jpeg,31,no_object
410077.jpeg,32,no_object
410077.jpeg,33,no_object
410077.jpeg,34,no_object
410077.jpeg,35,no_object
410077.jpeg,36,no_object
410077.jpeg,37,no_object
410077.jpeg,38,no_object
410077.jpeg,39,ball
410077.jpeg,40,no_object
410077.jpeg,41,no_object
410077.jpeg,42,no_object
410077.jpeg,43,no_object
410077.jpeg,44,no_object
410077.jpeg,45,no_object
410077.jpeg,46,no_object
410077.jpeg,47,no_object
410077.jpeg,48,no_object
410077.jpeg,49,no_object
410077.jpeg,50,no_object
410077.jpeg,51,no_object
410077.jpeg,52,no_object
410077.jpeg,53,no_object
410077.jpeg,54,no_object
410077.jpeg,55,no_object
410077.jpeg,56,no_object
410077.jpeg,57,no_object
410077.jpeg,58,no_object
410077.jpeg,59,no_object
410077.jpeg,60,no_object
410077.jpeg,61,no_object
410077.jpeg,62,no_object
410077.jpeg,63,no_object
410077.jpeg,64,no_object
410080.jpeg,1,no_object
410080.jpeg,2,no_object
410080.jpeg,3,no_object
410080.jpeg,4,no_object
410080.jpeg,5,no_object
410080.jpeg,6,no_object
410080.jpeg,7,no_object
410080.jpeg,8,no_object
410080.jpeg,9,no_object
410080.jpeg,10,no_object
410080.jpeg,11,no_object
410080.jpeg,12,no_object
410080.jpeg,13,no_object
410080.jpeg,14,no_object
410080.jpeg,15,no_object
410080.jpeg,16,no_object
410080.jpeg,17,no_object
410080.jpeg,18,no_object
410080.jpeg,19,no_object
410080.jpeg,20,no_object
410080.jpeg,21,no_object
410080.jpeg,22,no_object
410080.jpeg,23,no_object
410080.jpeg,24,no_object
410080.jpeg,25,no_object
410080.jpeg,26,no_object
410080.jpeg,27,no_object
410080.jpeg,28,no_object
410080.jpeg,29,no_object
410080.jpeg,30,no_object
410080.jpeg,31,no_object
410080.jpeg,32,no_object
410080.jpeg,33,no_object
410080.jpeg,34,no_object
410080.jpeg,35,no_object
410080.jpeg,36,no_object
410080.jpeg,37,bat
410080.jpeg,38,no_object
410080.jpeg,39,no_object
410080.jpeg,40,no_object
410080.jpeg,41,ball
410080.jpeg,42,no_object
410080.jpeg,43,no_object
410080.jpeg,44,bat
410080.jpeg,45,no_object
410080.jpeg,46,no_object
410080.jpeg,47,no_object
410080.jpeg,48,no_object
410080.jpeg,49,no_object
410080.jpeg,50,no_object
410080.jpeg,51,bat
410080.jpeg,52,bat
410080.jpeg,53,no_object
410080.jpeg,54,no_object
410080.jpeg,55,no_object
410080.jpeg,56,no_object
410080.jpeg,57,no_object
410080.jpeg,58,no_object
410080.jpeg,59,no_object
410080.jpeg,60,no_object
410080.jpeg,61,no_object
410080.jpeg,62,no_object
410080.jpeg,63,no_object
410080.jpeg,64,no_object
410087.jpeg,1,no_object
410087.jpeg,2,no_object
410087.jpeg,3,no_object
410087.jpeg,4,no_object
410087.jpeg,5,no_object
410087.jpeg,6,no_object
410087.jpeg,7,no_object
410087.jpeg,8,no_object
410087.jpeg,9,no_object
410087.jpeg,10,no_object
410087.jpeg,11,no_object
410087.jpeg,12,no_object
410087.jpeg,13,no_object
410087.jpeg,14,no_object
410087.jpeg,15,no_object
410087.jpeg,16,no_object
410087.jpeg,17,no_object
410087.jpeg,18,no_object
410087.jpeg,19,ball
410087.jpeg,20,no_object
410087.jpeg,21,bat
410087.jpeg,22,no_object
410087.jpeg,23,no_object
410087.jpeg,24,no_object
410087.jpeg,25,no_object
410087.jpeg,26,no_object
410087.jpeg,27,no_object
410087.jpeg,28,bat
410087.jpeg,29,bat
410087.jpeg,30,no_object
410087.jpeg,31,no_object
410087.jpeg,32,no_object
410087.jpeg,33,no_object
410087.jpeg,34,no_object
410087.jpeg,35,no_object
410087.jpeg,36,bat
410087.jpeg,37,stump
410087.jpeg,38,no_object
410087.jpeg,39,no_object
410087.jpeg,40,no_object
410087.jpeg,41,no_object
410087.jpeg,42,no_object
410087.jpeg,43,no_object
410087.jpeg,44,stump
410087.jpeg,45,stump
410087.jpeg,46,no_object
410087.jpeg,47,no_object
410087.jpeg,48,no_object
410087.jpeg,49,no_object
410087.jpeg,50,no_object
410087.jpeg,51,no_object
410087.jpeg,52,stump
410087.jpeg,53,stump
410087.jpeg,54,no_object
410087.jpeg,55,no_object
410087.jpeg,56,no_object
410087.jpeg,57,no_object
410087.jpeg,58,no_object
410087.jpeg,59,no_object
410087.jpeg,60,stump
410087.jpeg,61,stump
410087.jpeg,62,no_object
410087.jpeg,63,no_object
410087.jpeg,64,no_object
410100.jpeg,1,no_object
410100.jpeg,2,no_object
410100.jpeg,3,no_object
410100.jpeg,4,no_object
410100.jpeg,5,no_object
410100.jpeg,6,ball
410100.jpeg,7,no_object
410100.jpeg,8,no_object
410100.jpeg,9,no_object
410100.jpeg,10,no_object
410100.jpeg,11,no_object
410100.jpeg,12,no_object
410100.jpeg,13,no_object
410100.jpeg,14,no_object
410100.jpeg,15,no_object
410100.jpeg,16,no_object
410100.jpeg,17,no_object
410100.jpeg,18,no_object
410100.jpeg,19,no_object
410100.jpeg,20,no_object
410100.jpeg,21,no_object
410100.jpeg,22,no_object
410100.jpeg,23,no_object
410100.jpeg,24,no_object
410100.jpeg,25,no_object
410100.jpeg,26,no_object
410100.jpeg,27,no_object
410100.jpeg,28,no_object
410100.jpeg,29,no_object
410100.jpeg,30,no_object
410100.jpeg,31,no_object
410100.jpeg,32,no_object
410100.jpeg,33,no_object
410100.jpeg,34,no_object
410100.jpeg,35,no_object
410100.jpeg,36,no_object
410100.jpeg,37,no_object
410100.jpeg,38,no_object
410100.jpeg,39,no_object
410100.jpeg,40,no_object
410100.jpeg,41,no_object
410100.jpeg,42,no_object
410100.jpeg,43,no_object
410100.jpeg,44,no_object
410100.jpeg,45,no_object
410100.jpeg,46,no_object
410100.jpeg,47,no_object
410100.jpeg,48,no_object
410100.jpeg,49,no_object
410100.jpeg,50,no_object
410100.jpeg,51,no_object
410100.jpeg,52,no_object
410100.jpeg,53,no_object
410100.jpeg,54,no_object
410100.jpeg,55,no_object
410100.jpeg,56,no_object
410100.jpeg,57,no_object
410100.jpeg,58,no_object
410100.jpeg,59,no_object
410100.jpeg,60,no_object
410100.jpeg,61,no_object
410100.jpeg,62,no_object
410100.jpeg,63,no_object
410100.jpeg,64,no_object
410101.jpeg,1,no_object
410101.jpeg,2,no_object
410101.jpeg,3,no_object
410101.jpeg,4,no_object
410101.jpeg,5,no_object
410101.jpeg,6,no_object
410101.jpeg,7,no_object
410101.jpeg,8,no_object
410101.jpeg,9,no_object
410101.jpeg,10,no_object
410101.jpeg,11,no_object
410101.jpeg,12,no_object
410101.jpeg,13,no_object
410101.jpeg,14,no_object
410101.jpeg,15,no_object
410101.jpeg,16,no_object
410101.jpeg,17,no_object
410101.jpeg,18,no_object
410101.jpeg,19,no_object
410101.jpeg,20,no_object
410101.jpeg,21,no_object
410101.jpeg,22,no_object
410101.jpeg,23,no_object
410101.jpeg,24,no_object
410101.jpeg,25,no_object
410101.jpeg,26,no_object
410101.jpeg,27,no_object
410101.jpeg,28,no_object
410101.jpeg,29,no_object
410101.jpeg,30,no_object
410101.jpeg,31,no_object
410101.jpeg,32,no_object
410101.jpeg,33,no_object
410101.jpeg,34,no_object
410101.jpeg,35,ball
410101.jpeg,36,no_object
410101.jpeg,37,bat
410101.jpeg,38,no_object
410101.jpeg,39,no_object
410101.jpeg,40,no_object
410101.jpeg,41,no_object
410101.jpeg,42,no_object
410101.jpeg,43,no_object
410101.jpeg,44,stump
410101.jpeg,45,bat
410101.jpeg,46,no_object
410101.jpeg,47,no_object
410101.jpeg,48,no_object
410101.jpeg,49,no_object
410101.jpeg,50,no_object
410101.jpeg,51,no_object
410101.jpeg,52,stump
410101.jpeg,53,stump
410101.jpeg,54,no_object
410101.jpeg,55,no_object
410101.jpeg,56,no_object
410101.jpeg,57,no_object
410101.jpeg,58,no_object
410101.jpeg,59,no_object
410101.jpeg,60,stump
410101.jpeg,61,stump
410101.jpeg,62,no_object
410101.jpeg,63,no_object
410101.jpeg,64,no_object
410102.jpeg,1,no_object
410102.jpeg,2,no_object
410102.jpeg,3,no_object
410102.jpeg,4,no_object
410102.jpeg,5,no_object
410102.jpeg,6,no_object
410102.jpeg,7,no_object
410102.jpeg,8,no_object
410102.jpeg,9,no_object
410102.jpeg,10,no_object
410102.jpeg,11,no_object
410102.jpeg,12,no_object
410102.jpeg,13,no_object
410102.jpeg,14,no_object
410102.jpeg,15,no_object
410102.jpeg,16,no_object
410102.jpeg,17,no_object
410102.jpeg,18,no_object
410102.jpeg,19,no_object
410102.jpeg,20,bat
410102.jpeg,21,no_object
410102.jpeg,22,no_object
410102.jpeg,23,no_object
410102.jpeg,24,no_object
410102.jpeg,25,no_object
410102.jpeg,26,ball
410102.jpeg,27,ball
410102.jpeg,28,bat
410102.jpeg,29,no_object
410102.jpeg,30,no_object
410102.jpeg,31,no_object
410102.jpeg,32,no_object
410102.jpeg,33,no_object
410102.jpeg,34,bat
410102.jpeg,35,bat
410102.jpeg,36,no_object
410102.jpeg,37,no_object
410102.jpeg,38,no_object
410102.jpeg,39,no_object
410102.jpeg,40,no_object
410102.jpeg,41,no_object
410102.jpeg,42,no_object
410102.jpeg,43,no_object
410102.jpeg,44,no_object
410102.jpeg,45,no_object
410102.jpeg,46,no_object
410102.jpeg,47,no_object
410102.jpeg,48,no_object
410102.jpeg,49,no_object
410102.jpeg,50,no_object
410102.jpeg,51,no_object
410102.jpeg,52,no_object
410102.jpeg,53,no_object
410102.jpeg,54,no_object
410102.jpeg,55,no_object
410102.jpeg,56,no_object
410102.jpeg,57,no_object
410102.jpeg,58,no_object
410102.jpeg,59,no_object
410102.jpeg,60,no_object
410102.jpeg,61,no_object
410102.jpeg,62,no_object
410102.jpeg,63,no_object
410102.jpeg,64,no_object
410112.jpeg,1,no_object
410112.jpeg,2,no_object
410112.jpeg,3,no_object
410112.jpeg,4,no_object
410112.jpeg,5,no_object
410112.jpeg,6,no_object
410112.jpeg,7,ball
410112.jpeg,8,no_object
410112.jpeg,9,no_object
410112.jpeg,10,no_object
410112.jpeg,11,no_object
410112.jpeg,12,no_object
410112.jpeg,13,bat
410112.jpeg,14,no_object
410112.jpeg,15,no_object
410112.jpeg,16,no_object
410112.jpeg,17,no_object
410112.jpeg,18,no_object
410112.jpeg,19,no_object
410112.jpeg,20,bat
410112.jpeg,21,bat
410112.jpeg,22,no_object
410112.jpeg,23,no_object
410112.jpeg,24,no_object
410112.jpeg,25,no_object
410112.jpeg,26,no_object
410112.jpeg,27,no_object
410112.jpeg,28,bat
410112.jpeg,29,no_object
410112.jpeg,30,no_object
410112.jpeg,31,no_object
410112.jpeg,32,no_object
410112.jpeg,33,no_object
410112.jpeg,34,no_object
410112.jpeg,35,no_object
410112.jpeg,36,no_object
410112.jpeg,37,no_object
410112.jpeg,38,stump
410112.jpeg,39,no_object
410112.jpeg,40,no_object
410112.jpeg,41,no_object
410112.jpeg,42,no_object
410112.jpeg,43,no_object
410112.jpeg,44,no_object
410112.jpeg,45,no_object
410112.jpeg,46,stump
410112.jpeg,47,no_object
410112.jpeg,48,no_object
410112.jpeg,49,no_object
410112.jpeg,50,no_object
410112.jpeg,51,no_object
410112.jpeg,52,no_object
410112.jpeg,53,no_object
410112.jpeg,54,stump
410112.jpeg,55,no_object
410112.jpeg,56,no_object
410112.jpeg,57,no_object
410112.jpeg,58,no_object
410112.jpeg,59,no_object
410112.jpeg,60,no_object
410112.jpeg,61,no_object
410112.jpeg,62,stump
410112.jpeg,63,no_object
410112.jpeg,64,no_object
410125.jpeg,1,no_object
410125.jpeg,2,no_object
410125.jpeg,3,no_object
410125.jpeg,4,no_object
410125.jpeg,5,no_object
410125.jpeg,6,no_object
410125.jpeg,7,no_object
410125.jpeg,8,no_object
410125.jpeg,9,no_object
410125.jpeg,10,no_object
410125.jpeg,11,no_object
410125.jpeg,12,no_object
410125.jpeg,13,no_object
410125.jpeg,14,no_object
410125.jpeg,15,no_object
410125.jpeg,16,no_object
410125.jpeg,17,no_object
410125.jpeg,18,no_object
410125.jpeg,19,no_object
410125.jpeg,20,no_object
410125.jpeg,21,no_object
410125.jpeg,22,no_object
410125.jpeg,23,no_object
410125.jpeg,24,no_object
410125.jpeg,25,ball
410125.jpeg,26,ball
410125.jpeg,27,no_object
410125.jpeg,28,no_object
410125.jpeg,29,no_object
410125.jpeg,30,no_object
410125.jpeg,31,no_object
410125.jpeg,32,no_object
410125.jpeg,33,no_object
410125.jpeg,34,no_object
410125.jpeg,35,no_object
410125.jpeg,36,no_object
410125.jpeg,37,no_object
410125.jpeg,38,no_object
410125.jpeg,39,no_object
410125.jpeg,40,no_object
410125.jpeg,41,no_object
410125.jpeg,42,no_object
410125.jpeg,43,no_object
410125.jpeg,44,no_object
410125.jpeg,45,no_object
410125.jpeg,46,no_object
410125.jpeg,47,no_object
410125.jpeg,48,no_object
410125.jpeg,49,no_object
410125.jpeg,50,no_object
410125.jpeg,51,no_object
410125.jpeg,52,no_object
410125.jpeg,53,no_object
410125.jpeg,54,no_object
410125.jpeg,55,no_object
410125.jpeg,56,no_object
410125.jpeg,57,no_object
410125.jpeg,58,no_object
410125.jpeg,59,no_object
410125.jpeg,60,no_object
410125.jpeg,61,no_object
410125.jpeg,62,no_object
410125.jpeg,63,no_object
410125.jpeg,64,no_object
410127.jpeg,1,no_object
410127.jpeg,2,no_object
410127.jpeg,3,no_object
410127.jpeg,4,no_object
410127.jpeg,5,no_object
410127.jpeg,6,no_object
410127.jpeg,7,no_object
410127.jpeg,8,no_object
410127.jpeg,9,no_object
410127.jpeg,10,no_object
410127.jpeg,11,no_object
410127.jpeg,12,no_object
410127.jpeg,13,no_object
410127.jpeg,14,no_object
410127.jpeg,15,no_object
410127.jpeg,16,no_object
410127.jpeg,17,no_object
410127.jpeg,18,no_object
410127.jpeg,19,no_object
410127.jpeg,20,bat
410127.jpeg,21,bat
410127.jpeg,22,no_object
410127.jpeg,23,no_object
410127.jpeg,24,ball
410127.jpeg,25,no_object
410127.jpeg,26,no_object
410127.jpeg,27,bat
410127.jpeg,28,bat
410127.jpeg,29,no_object
410127.jpeg,30,no_object
410127.jpeg,31,no_object
410127.jpeg,32,no_object
410127.jpeg,33,no_object
410127.jpeg,34,no_object
410127.jpeg,35,stump
410127.jpeg,36,no_object
410127.jpeg,37,no_object
410127.jpeg,38,no_object
410127.jpeg,39,no_object
410127.jpeg,40,no_object
410127.jpeg,41,no_object
410127.jpeg,42,no_object
410127.jpeg,43,stump
410127.jpeg,44,no_object
410127.jpeg,45,no_object
410127.jpeg,46,no_object
410127.jpeg,47,no_object
410127.jpeg,48,no_object
410127.jpeg,49,no_object
410127.jpeg,50,no_object
410127.jpeg,51,stump
410127.jpeg,52,no_object
410127.jpeg,53,no_object
410127.jpeg,54,no_object
410127.jpeg,55,no_object
410127.jpeg,56,no_object
410127.jpeg,57,no_object
410127.jpeg,58,no_object
410127.jpeg,59,stump
410127.jpeg,60,no_object
410127.jpeg,61,no_object
410127.jpeg,62,no_object
410127.jpeg,63,no_object
410127.jpeg,64,no_object
410132.jpeg,1,no_object
410132.jpeg,2,no_object
410132.jpeg,3,no_object
410132.jpeg,4,no_object
410132.jpeg,5,no_object
410132.jpeg,6,no_object
410132.jpeg,7,no_object
410132.jpeg,8,no_object
410132.jpeg,9,no_object
410132.jpeg,10,no_object
410132.jpeg,11,no_object
410132.jpeg,12,no_object
410132.jpeg,13,no_object
410132.jpeg,14,no_object
410132.jpeg,15,no_object
410132.jpeg,16,no_object
410132.jpeg,17,no_object
410132.jpeg,18,no_object
410132.jpeg,19,no_object
410132.jpeg,20,no_object
410132.jpeg,21,no_object
410132.jpeg,22,no_object
410132.jpeg,23,no_object
410132.jpeg,24,no_object
410132.jpeg,25,no_object
410132.jpeg,26,no_object
410132.jpeg,27,no_object
410132.jpeg,28,stump
410132.jpeg,29,stump
410132.jpeg,30,no_object
410132.jpeg,31,no_object
410132.jpeg,32,no_object
410132.jpeg,33,no_object
410132.jpeg,34,no_object
410132.jpeg,35,no_object
410132.jpeg,36,stump
410132.jpeg,37,stump
410132.jpeg,38,bat
410132.jpeg,39,no_object
410132.jpeg,40,no_object
410132.jpeg,41,no_object
410132.jpeg,42,no_object
410132.jpeg,43,no_object
410132.jpeg,44,stump
410132.jpeg,45,stump
410132.jpeg,46,bat
410132.jpeg,47,no_object
410132.jpeg,48,no_object
410132.jpeg,49,no_object
410132.jpeg,50,no_object
410132.jpeg,51,no_object
410132.jpeg,52,no_object
410132.jpeg,53,ball
410132.jpeg,54,no_object
410132.jpeg,55,no_object
410132.jpeg,56,no_object
410132.jpeg,57,no_object
410132.jpeg,58,no_object
410132.jpeg,59,no_object
410132.jpeg,60,no_object
410132.jpeg,61,bat
410132.jpeg,62,no_object
410132.jpeg,63,no_object
410132.jpeg,64,no_object
410142.jpeg,1,no_object
410142.jpeg,2,no_object
410142.jpeg,3,no_object
410142.jpeg,4,no_object
410142.jpeg,5,no_object
410142.jpeg,6,no_object
410142.jpeg,7,no_object
410142.jpeg,8,no_object
410142.jpeg,9,no_object
410142.jpeg,10,no_object
410142.jpeg,11,no_object
410142.jpeg,12,no_object
410142.jpeg,13,no_object
410142.jpeg,14,no_object
410142.jpeg,15,no_object
410142.jpeg,16,no_object
410142.jpeg,17,no_object
410142.jpeg,18,no_object
410142.jpeg,19,no_object
410142.jpeg,20,no_object
410142.jpeg,21,no_object
410142.jpeg,22,no_object
410142.jpeg,23,no_object
410142.jpeg,24,no_object
410142.jpeg,25,no_object
410142.jpeg,26,bat
410142.jpeg,27,ball
410142.jpeg,28,ball
410142.jpeg,29,no_object
410142.jpeg,30,no_object
410142.jpeg,31,no_object
410142.jpeg,32,no_object
410142.jpeg,33,no_object
410142.jpeg,34,bat
410142.jpeg,35,no_object
410142.jpeg,36,no_object
410142.jpeg,37,no_object
410142.jpeg,38,no_object
410142.jpeg,39,no_object
410142.jpeg,40,no_object
410142.jpeg,41,no_object
410142.jpeg,42,no_object
410142.jpeg,43,no_object
410142.jpeg,44,no_object
410142.jpeg,45,no_object
410142.jpeg,46,no_object
410142.jpeg,47,no_object
410142.jpeg,48,no_object
410142.jpeg,49,no_object
410142.jpeg,50,no_object
410142.jpeg,51,no_object
410142.jpeg,52,no_object
410142.jpeg,53,no_object
410142.jpeg,54,no_object
410142.jpeg,55,no_object
410142.jpeg,56,no_object
410142.jpeg,57,no_object
410142.jpeg,58,no_object
410142.jpeg,59,no_object
410142.jpeg,60,no_object
410142.jpeg,61,no_object
410142.jpeg,62,no_object
410142.jpeg,63,no_object
410142.jpeg,64,no_object
410143.jpeg,1,no_object
410143.jpeg,2,no_object
410143.jpeg,3,no_object
410143.jpeg,4,no_object
410143.jpeg,5,no_object
410143.jpeg,6,bat
410143.jpeg,7,bat
410143.jpeg,8,no_object
410143.jpeg,9,no_object
410143.jpeg,10,no_object
410143.jpeg,11,no_object
410143.jpeg,12,no_object
410143.jpeg,13,bat
410143.jpeg,14,bat
410143.jpeg,15,no_object
410143.jpeg,16,no_object
410143.jpeg,17,no_object
410143.jpeg,18,no_object
410143.jpeg,19,no_object
410143.jpeg,20,no_object
410143.jpeg,21,no_object
410143.jpeg,22,no_object
410143.jpeg,23,no_object
410143.jpeg,24,no_object
410143.jpeg,25,no_object
410143.jpeg,26,no_object
410143.jpeg,27,no_object
410143.jpeg,28,no_object
410143.jpeg,29,no_object
410143.jpeg,30,ball
410143.jpeg,31,no_object
410143.jpeg,32,no_object
410143.jpeg,33,no_object
410143.jpeg,34,no_object
410143.jpeg,35,no_object
410143.jpeg,36,no_object
410143.jpeg,37,no_object
410143.jpeg,38,no_object
410143.jpeg,39,no_object
410143.jpeg,40,no_object
410143.jpeg,41,no_object
410143.jpeg,42,no_object
410143.jpeg,43,no_object
410143.jpeg,44,no_object
410143.jpeg,45,stump
410143.jpeg,46,stump
410143.jpeg,47,no_object
410143.jpeg,48,no_object
410143.jpeg,49,no_object
410143.jpeg,50,no_object
410143.jpeg,51,no_object
410143.jpeg,52,no_object
410143.jpeg,53,stump
410143.jpeg,54,stump
410143.jpeg,55,no_object
410143.jpeg,56,no_object
410143.jpeg,57,no_object
410143.jpeg,58,no_object
410143.jpeg,59,no_object
410143.jpeg,60,no_object
410143.jpeg,61,stump
410143.jpeg,62,stump
410143.jpeg,63,no_object
410143.jpeg,64,no_object
410157.jpeg,1,no_object
410157.jpeg,2,no_object
410157.jpeg,3,no_object
410157.jpeg,4,no_object
410157.jpeg,5,no_object
410157.jpeg,6,no_object
410157.jpeg,7,no_object
410157.jpeg,8,no_object
410157.jpeg,9,no_object
410157.jpeg,10,no_object
410157.jpeg,11,no_object
410157.jpeg,12,no_object
410157.jpeg,13,no_object
410157.jpeg,14,no_object
410157.jpeg,15,no_object
410157.jpeg,16,no_object
410157.jpeg,17,no_object
410157.jpeg,18,no_object
410157.jpeg,19,no_object
410157.jpeg,20,no_object
410157.jpeg,21,no_object
410157.jpeg,22,no_object
410157.jpeg,23,no_object
410157.jpeg,24,no_object
410157.jpeg,25,no_object
410157.jpeg,26,no_object
410157.jpeg,27,no_object
410157.jpeg,28,no_object
410157.jpeg,29,no_object
410157.jpeg,30,no_object
410157.jpeg,31,no_object
410157.jpeg,32,no_object
410157.jpeg,33,no_object
410157.jpeg,34,no_object
410157.jpeg,35,no_object
410157.jpeg,36,no_object
410157.jpeg,37,no_object
410157.jpeg,38,no_object
410157.jpeg,39,no_object
410157.jpeg,40,no_object
410157.jpeg,41,no_object
410157.jpeg,42,no_object
410157.jpeg,43,no_object
410157.jpeg,44,no_object
410157.jpeg,45,no_object
410157.jpeg,46,no_object
410157.jpeg,47,no_object
410157.jpeg,48,no_object
410157.jpeg,49,no_object
410157.jpeg,50,no_object
410157.jpeg,51,no_object
410157.jpeg,52,no_object
410157.jpeg,53,no_object
410157.jpeg,54,no_object
410157.jpeg,55,no_object
410157.jpeg,56,ball
410157.jpeg,57,no_object
410157.jpeg,58,no_object
410157.jpeg,59,no_object
410157.jpeg,60,no_object
410157.jpeg,61,no_object
410157.jpeg,62,no_object
410157.jpeg,63,no_object
410157.jpeg,64,no_object
410158.jpeg,1,no_object
410158.jpeg,2,no_object
410158.jpeg,3,no_object
410158.jpeg,4,no_object
410158.jpeg,5,no_object
410158.jpeg,6,no_object
410158.jpeg,7,bat
410158.jpeg,8,no_object
410158.jpeg,9,no_object
410158.jpeg,10,no_object
410158.jpeg,11,no_object
410158.jpeg,12,no_object
410158.jpeg,13,no_object
410158.jpeg,14,bat
410158.jpeg,15,bat
410158.jpeg,16,no_object
410158.jpeg,17,no_object
410158.jpeg,18,no_object
410158.jpeg,19,no_object
410158.jpeg,20,no_object
410158.jpeg,21,no_object
410158.jpeg,22,no_object
410158.jpeg,23,no_object
410158.jpeg,24,no_object
410158.jpeg,25,no_object
410158.jpeg,26,no_object
410158.jpeg,27,ball
410158.jpeg,28,ball
410158.jpeg,29,no_object
410158.jpeg,30,no_object
410158.jpeg,31,no_object
410158.jpeg,32,no_object
410158.jpeg,33,no_object
410158.jpeg,34,no_object
410158.jpeg,35,no_object
410158.jpeg,36,stump
410158.jpeg,37,stump
410158.jpeg,38,no_object
410158.jpeg,39,no_object
410158.jpeg,40,no_object
410158.jpeg,41,no_object
410158.jpeg,42,no_object
410158.jpeg,43,no_object
410158.jpeg,44,stump
410158.jpeg,45,stump
410158.jpeg,46,no_object
410158.jpeg,47,no_object
410158.jpeg,48,no_object
410158.jpeg,49,no_object
410158.jpeg,50,no_object
410158.jpeg,51,no_object
410158.jpeg,52,stump
410158.jpeg,53,stump
410158.jpeg,54,no_object
410158.jpeg,55,no_object
410158.jpeg,56,no_object
410158.jpeg,57,no_object
410158.jpeg,58,no_object
410158.jpeg,59,no_object
410158.jpeg,60,no_object
410158.jpeg,61,no_object
410158.jpeg,62,no_object
410158.jpeg,63,no_object
410158.jpeg,64,no_object
180427.webp,1,no_object
180427.webp,2,no_object
180427.webp,3,no_object
180427.webp,4,no_object
180427.webp,5,no_object
180427.webp,6,no_object
180427.webp,7,no_object
180427.webp,8,no_object
180427.webp,9,no_object
180427.webp,10,no_object
180427.webp,11,no_object
180427.webp,12,no_object
180427.webp,13,no_object
180427.webp,14,no_object
180427.webp,15,no_object
180427.webp,16,no_object
180427.webp,17,no_object
180427.webp,18,no_object
180427.webp,19,no_object
180427.webp,20,no_object
180427.webp,21,no_object
180427.webp,22,no_object
180427.webp,23,no_object
180427.webp,24,no_object
180427.webp,25,no_object
180427.webp,26,no_object
180427.webp,27,no_object
180427.webp,28,no_object
180427.webp,29,bat
180427.webp,30,bat
180427.webp,31,bat
180427.webp,32,bat
180427.webp,33,no_object
180427.webp,34,no_object
180427.webp,35,no_object
180427.webp,36,bat
180427.webp,37,bat
180427.webp,38,no_object
180427.webp,39,no_object
180427.webp,40,no_object
180427.webp,41,no_object
180427.webp,42,no_object
180427.webp,43,no_object
180427.webp,44,no_object
180427.webp,45,no_object
180427.webp,46,no_object
180427.webp,47,no_object
180427.webp,48,no_object
180427.webp,49,no_object
180427.webp,50,no_object
180427.webp,51,no_object
180427.webp,52,no_object
180427.webp,53,no_object
180427.webp,54,no_object
180427.webp,55,ball
180427.webp,56,no_object
180427.webp,57,no_object
180427.webp,58,no_object
180427.webp,59,no_object
180427.webp,60,no_object
180427.webp,61,no_object
180427.webp,62,no_object
180427.webp,63,no_object
180427.webp,64,no_object
201791.webp,1,no_object
201791.webp,2,no_object
201791.webp,3,no_object
201791.webp,4,no_object
201791.webp,5,no_object
201791.webp,6,no_object
201791.webp,7,no_object
201791.webp,8,no_object
201791.webp,9,no_object
201791.webp,10,no_object
201791.webp,11,no_object
201791.webp,12,no_object
201791.webp,13,no_object
201791.webp,14,no_object
201791.webp,15,no_object
201791.webp,16,no_object
201791.webp,17,bat
201791.webp,18,bat
201791.webp,19,no_object
201791.webp,20,no_object
201791.webp,21,no_object
201791.webp,22,no_object
201791.webp,23,no_object
201791.webp,24,no_object
201791.webp,25,bat
201791.webp,26,bat
201791.webp,27,no_object
201791.webp,28,no_object
201791.webp,29,no_object
201791.webp,30,stump
201791.webp,31,no_object
201791.webp,32,no_object
201791.webp,33,no_object
201791.webp,34,no_object
201791.webp,35,bat
201791.webp,36,no_object
201791.webp,37,no_object
201791.webp,38,stump
201791.webp,39,no_object
201791.webp,40,no_object
201791.webp,41,no_object
201791.webp,42,no_object
201791.webp,43,no_object
201791.webp,44,no_object
201791.webp,45,no_object
201791.webp,46,stump
201791.webp,47,no_object
201791.webp,48,no_object
201791.webp,49,no_object
201791.webp,50,no_object
201791.webp,51,ball
201791.webp,52,no_object
201791.webp,53,no_object
201791.webp,54,stump
201791.webp,55,no_object
201791.webp,56,no_object
201791.webp,57,no_object
201791.webp,58,no_object
201791.webp,59,ball
201791.webp,60,no_object
201791.webp,61,no_object
201791.webp,62,stump
201791.webp,63,no_object
201791.webp,64,no_object
229397.webp,1,no_object
229397.webp,2,no_object
229397.webp,3,no_object
229397.webp,4,no_object
229397.webp,5,no_object
229397.webp,6,no_object
229397.webp,7,no_object
229397.webp,8,no_object
229397.webp,9,no_object
229397.webp,10,no_object
229397.webp,11,no_object
229397.webp,12,bat
229397.webp,13,bat
229397.webp,14,no_object
229397.webp,15,no_object
229397.webp,16,no_object
229397.webp,17,no_object
229397.webp,18,no_object
229397.webp,19,no_object
229397.webp,20,bat
229397.webp,21,bat
229397.webp,22,no_object
229397.webp,23,no_object
229397.webp,24,no_object
229397.webp,25,no_object
229397.webp,26,no_object
229397.webp,27,no_object
229397.webp,28,no_object
229397.webp,29,no_object
229397.webp,30,no_object
229397.webp,31,no_object
229397.webp,32,ball
229397.webp,33,no_object
229397.webp,34,no_object
229397.webp,35,no_object
229397.webp,36,no_object
229397.webp,37,stump
229397.webp,38,stump
229397.webp,39,no_object
229397.webp,40,ball
229397.webp,41,no_object
229397.webp,42,no_object
229397.webp,43,no_object
229397.webp,44,no_object
229397.webp,45,stump
229397.webp,46,stump
229397.webp,47,no_object
229397.webp,48,no_object
229397.webp,49,no_object
229397.webp,50,no_object
229397.webp,51,no_object
229397.webp,52,no_object
229397.webp,53,stump
229397.webp,54,stump
229397.webp,55,no_object
229397.webp,56,no_object
229397.webp,57,no_object
229397.webp,58,no_object
229397.webp,59,no_object
229397.webp,60,no_object
229397.webp,61,stump
229397.webp,62,stump
229397.webp,63,no_object
229397.webp,64,no_object
257616.webp,1,no_object
257616.webp,2,no_object
257616.webp,3,no_object
257616.webp,4,bat
257616.webp,5,no_object
257616.webp,6,no_object
257616.webp,7,no_object
257616.webp,8,no_object
257616.webp,9,no_object
257616.webp,10,no_object
257616.webp,11,no_object
257616.webp,12,no_object
257616.webp,13,bat
257616.webp,14,no_object
257616.webp,15,no_object
257616.webp,16,no_object
257616.webp,17,no_object
257616.webp,18,no_object
257616.webp,19,no_object
257616.webp,20,no_object
257616.webp,21,bat
257616.webp,22,bat
257616.webp,23,no_object
257616.webp,24,no_object
257616.webp,25,no_object
257616.webp,26,no_object
257616.webp,27,no_object
257616.webp,28,no_object
257616.webp,29,no_object
257616.webp,30,no_object
257616.webp,31,no_object
257616.webp,32,no_object
257616.webp,33,stump
257616.webp,34,no_object
257616.webp,35,no_object
257616.webp,36,no_object
257616.webp,37,no_object
257616.webp,38,no_object
257616.webp,39,no_object
257616.webp,40,no_object
257616.webp,41,stump
257616.webp,42,no_object
257616.webp,43,no_object
257616.webp,44,no_object
257616.webp,45,no_object
257616.webp,46,no_object
257616.webp,47,no_object
257616.webp,48,no_object
257616.webp,49,stump
257616.webp,50,no_object
257616.webp,51,no_object
257616.webp,52,no_object
257616.webp,53,no_object
257616.webp,54,no_object
257616.webp,55,ball
257616.webp,56,ball
257616.webp,57,stump
257616.webp,58,no_object
257616.webp,59,no_object
257616.webp,60,no_object
257616.webp,61,no_object
257616.webp,62,no_object
257616.webp,63,no_object
257616.webp,64,no_object
274292.webp,1,no_object
274292.webp,2,no_object
274292.webp,3,no_object
274292.webp,4,no_object
274292.webp,5,no_object
274292.webp,6,ball
274292.webp,7,no_object
274292.webp,8,no_object
274292.webp,9,no_object
274292.webp,10,no_object
274292.webp,11,no_object
274292.webp,12,no_object
274292.webp,13,no_object
274292.webp,14,no_object
274292.webp,15,no_object
274292.webp,16,no_object
274292.webp,17,no_object
274292.webp,18,bat
274292.webp,19,stump
274292.webp,20,no_object
274292.webp,21,no_object
274292.webp,22,no_object
274292.webp,23,no_object
274292.webp,24,no_object
274292.webp,25,no_object
274292.webp,26,bat
274292.webp,27,stump
274292.webp,28,no_object
274292.webp,29,no_object
274292.webp,30,bat
274292.webp,31,no_object
274292.webp,32,no_object
274292.webp,33,no_object
274292.webp,34,bat
274292.webp,35,no_object
274292.webp,36,no_object
274292.webp,37,no_object
274292.webp,38,no_object
274292.webp,39,no_object
274292.webp,40,no_object
274292.webp,41,no_object
274292.webp,42,no_object
274292.webp,43,no_object
274292.webp,44,no_object
274292.webp,45,no_object
274292.webp,46,no_object
274292.webp,47,no_object
274292.webp,48,no_object
274292.webp,49,no_object
274292.webp,50,no_object
274292.webp,51,no_object
274292.webp,52,no_object
274292.webp,53,no_object
274292.webp,54,no_object
274292.webp,55,stump
274292.webp,56,stump
274292.webp,57,no_object
274292.webp,58,no_object
274292.webp,59,no_object
274292.webp,60,no_object
274292.webp,61,no_object
274292.webp,62,no_object
274292.webp,63,stump
274292.webp,64,stump
283799.webp,1,no_object
283799.webp,2,no_object
283799.webp,3,no_object
283799.webp,4,no_object
283799.webp,5,no_object
283799.webp,6,no_object
283799.webp,7,no_object
283799.webp,8,no_object
283799.webp,9,no_object
283799.webp,10,no_object
283799.webp,11,no_object
283799.webp,12,no_object
283799.webp,13,no_object
283799.webp,14,no_object
283799.webp,15,no_object
283799.webp,16,no_object
283799.webp,17,no_object
283799.webp,18,no_object
283799.webp,19,no_object
283799.webp,20,no_object
283799.webp,21,no_object
283799.webp,22,ball
283799.webp,23,no_object
283799.webp,24,no_object
283799.webp,25,no_object
283799.webp,26,no_object
283799.webp,27,no_object
283799.webp,28,no_object
283799.webp,29,no_object
283799.webp,30,ball
283799.webp,31,no_object
283799.webp,32,no_object
283799.webp,33,no_object
283799.webp,34,no_object
283799.webp,35,no_object
283799.webp,36,no_object
283799.webp,37,no_object
283799.webp,38,no_object
283799.webp,39,no_object
283799.webp,40,no_object
283799.webp,41,no_object
283799.webp,42,no_object
283799.webp,43,no_object
283799.webp,44,no_object
283799.webp,45,no_object
283799.webp,46,no_object
283799.webp,47,no_object
283799.webp,48,no_object
283799.webp,49,no_object
283799.webp,50,no_object
283799.webp,51,no_object
283799.webp,52,no_object
283799.webp,53,no_object
283799.webp,54,no_object
283799.webp,55,no_object
283799.webp,56,no_object
283799.webp,57,no_object
283799.webp,58,no_object
283799.webp,59,no_object
283799.webp,60,stump
283799.webp,61,stump
283799.webp,62,no_object
283799.webp,63,no_object
283799.webp,64,no_object
296656.webp,1,no_object
296656.webp,2,no_object
296656.webp,3,no_object
296656.webp,4,no_object
296656.webp,5,no_object
296656.webp,6,no_object
296656.webp,7,no_object
296656.webp,8,no_object
296656.webp,9,no_object
296656.webp,10,no_object
296656.webp,11,no_object
296656.webp,12,no_object
296656.webp,13,bat
296656.webp,14,ball
296656.webp,15,no_object
296656.webp,16,no_object
296656.webp,17,no_object
296656.webp,18,no_object
296656.webp,19,no_object
296656.webp,20,no_object
296656.webp,21,bat
296656.webp,22,no_object
296656.webp,23,no_object
296656.webp,24,no_object
296656.webp,25,no_object
296656.webp,26,no_object
296656.webp,27,no_object
296656.webp,28,no_object
296656.webp,29,no_object
296656.webp,30,no_object
296656.webp,31,no_object
296656.webp,32,no_object
296656.webp,33,stump
296656.webp,34,stump
296656.webp,35,no_object
296656.webp,36,no_object
296656.webp,37,no_object
296656.webp,38,no_object
296656.webp,39,no_object
296656.webp,40,no_object
296656.webp,41,stump
296656.webp,42,stump
296656.webp,43,no_object
296656.webp,44,no_object
296656.webp,45,no_object
296656.webp,46,no_object
296656.webp,47,no_object
296656.webp,48,no_object
296656.webp,49,stump
296656.webp,50,stump
296656.webp,51,no_object
296656.webp,52,no_object
296656.webp,53,no_object
296656.webp,54,no_object
296656.webp,55,no_object
296656.webp,56,no_object
296656.webp,57,stump
296656.webp,58,stump
296656.webp,59,no_object
296656.webp,60,no_object
296656.webp,61,no_object
296656.webp,62,no_object
296656.webp,63,no_object
296656.webp,64,no_object
298739.webp,1,no_object
298739.webp,2,no_object
298739.webp,3,no_object
298739.webp,4,no_object
298739.webp,5,no_object
298739.webp,6,no_object
298739.webp,7,no_object
298739.webp,8,no_object
298739.webp,9,no_object
298739.webp,10,no_object
298739.webp,11,no_object
298739.webp,12,no_object
298739.webp,13,no_object
298739.webp,14,no_object
298739.webp,15,no_object
298739.webp,16,no_object
298739.webp,17,no_object
298739.webp,18,bat
298739.webp,19,bat
298739.webp,20,no_object
298739.webp,21,no_object
298739.webp,22,no_object
298739.webp,23,no_object
298739.webp,24,no_object
298739.webp,25,no_object
298739.webp,26,no_object
298739.webp,27,bat
298739.webp,28,no_object
298739.webp,29,no_object
298739.webp,30,no_object
298739.webp,31,no_object
298739.webp,32,no_object
298739.webp,33,no_object
298739.webp,34,no_object
298739.webp,35,no_object
298739.webp,36,no_object
298739.webp,37,no_object
298739.webp,38,no_object
298739.webp,39,no_object
298739.webp,40,no_object
298739.webp,41,no_object
298739.webp,42,ball
298739.webp,43,no_object
298739.webp,44,no_object
298739.webp,45,no_object
298739.webp,46,stump
298739.webp,47,no_object
298739.webp,48,no_object
298739.webp,49,no_object
298739.webp,50,no_object
298739.webp,51,no_object
298739.webp,52,no_object
298739.webp,53,no_object
298739.webp,54,stump
298739.webp,55,no_object
298739.webp,56,no_object
298739.webp,57,no_object
298739.webp,58,no_object
298739.webp,59,no_object
298739.webp,60,no_object
298739.webp,61,no_object
298739.webp,62,no_object
298739.webp,63,no_object
298739.webp,64,no_object
299754.webp,1,no_object
299754.webp,2,no_object
299754.webp,3,no_object
299754.webp,4,no_object
299754.webp,5,no_object
299754.webp,6,ball
299754.webp,7,no_object
299754.webp,8,no_object
299754.webp,9,no_object
299754.webp,10,no_object
299754.webp,11,no_object
299754.webp,12,no_object
299754.webp,13,no_object
299754.webp,14,no_object
299754.webp,15,no_object
299754.webp,16,no_object
299754.webp,17,no_object
299754.webp,18,no_object
299754.webp,19,no_object
299754.webp,20,no_object
299754.webp,21,no_object
299754.webp,22,no_object
299754.webp,23,no_object
299754.webp,24,no_object
299754.webp,25,no_object
299754.webp,26,no_object
299754.webp,27,no_object
299754.webp,28,no_object
299754.webp,29,no_object
299754.webp,30,no_object
299754.webp,31,no_object
299754.webp,32,no_object
299754.webp,33,no_object
299754.webp,34,no_object
299754.webp,35,no_object
299754.webp,36,no_object
299754.webp,37,no_object
299754.webp,38,no_object
299754.webp,39,no_object
299754.webp,40,no_object
299754.webp,41,no_object
299754.webp,42,no_object
299754.webp,43,no_object
299754.webp,44,no_object
299754.webp,45,no_object
299754.webp,46,no_object
299754.webp,47,stump
299754.webp,48,no_object
299754.webp,49,no_object
299754.webp,50,no_object
299754.webp,51,no_object
299754.webp,52,no_object
299754.webp,53,no_object
299754.webp,54,no_object
299754.webp,55,stump
299754.webp,56,no_object
299754.webp,57,no_object
299754.webp,58,no_object
299754.webp,59,no_object
299754.webp,60,no_object
299754.webp,61,no_object
299754.webp,62,no_object
299754.webp,63,stump
299754.webp,64,no_object
299784.webp,1,ball
299784.webp,2,no_object
299784.webp,3,no_object
299784.webp,4,no_object
299784.webp,5,no_object
299784.webp,6,no_object
299784.webp,7,no_object
299784.webp,8,no_object
299784.webp,9,no_object
299784.webp,10,no_object
299784.webp,11,no_object
299784.webp,12,no_object
299784.webp,13,no_object
299784.webp,14,no_object
299784.webp,15,no_object
299784.webp,16,no_object
299784.webp,17,no_object
299784.webp,18,no_object
299784.webp,19,no_object
299784.webp,20,no_object
299784.webp,21,no_object
299784.webp,22,no_object
299784.webp,23,no_object
299784.webp,24,no_object
299784.webp,25,no_object
299784.webp,26,no_object
299784.webp,27,stump
299784.webp,28,stump
299784.webp,29,no_object
299784.webp,30,bat
299784.webp,31,no_object
299784.webp,32,no_object
299784.webp,33,no_object
299784.webp,34,no_object
299784.webp,35,stump
299784.webp,36,stump
299784.webp,37,no_object
299784.webp,38,bat
299784.webp,39,no_object
299784.webp,40,no_object
299784.webp,41,no_object
299784.webp,42,no_object
299784.webp,43,stump
299784.webp,44,stump
299784.webp,45,no_object
299784.webp,46,no_object
299784.webp,47,no_object
299784.webp,48,no_object
299784.webp,49,no_object
299784.webp,50,no_object
299784.webp,51,stump
299784.webp,52,stump
299784.webp,53,no_object
299784.webp,54,no_object
299784.webp,55,no_object
299784.webp,56,no_object
299784.webp,57,no_object
299784.webp,58,no_object
299784.webp,59,no_object
299784.webp,60,no_object
299784.webp,61,no_object
299784.webp,62,no_object
299784.webp,63,no_object
299784.webp,64,no_object
306975.webp,1,no_object
306975.webp,2,no_object
306975.webp,3,no_object
306975.webp,4,no_object
306975.webp,5,no_object
306975.webp,6,no_object
306975.webp,7,ball
306975.webp,8,no_object
306975.webp,9,no_object
306975.webp,10,no_object
306975.webp,11,no_object
306975.webp,12,no_object
306975.webp,13,no_object
306975.webp,14,no_object
306975.webp,15,no_object
306975.webp,16,no_object
306975.webp,17,no_object
306975.webp,18,no_object
306975.webp,19,no_object
306975.webp,20,no_object
306975.webp,21,no_object
306975.webp,22,no_object
306975.webp,23,no_object
306975.webp,24,no_object
306975.webp,25,no_object
306975.webp,26,no_object
306975.webp,27,no_object
306975.webp,28,bat
306975.webp,29,no_object
306975.webp,30,no_object
306975.webp,31,no_object
306975.webp,32,no_object
306975.webp,33,no_object
306975.webp,34,no_object
306975.webp,35,no_object
306975.webp,36,bat
306975.webp,37,no_object
306975.webp,38,no_object
306975.webp,39,no_object
306975.webp,40,no_object
306975.webp,41,no_object
306975.webp,42,no_object
306975.webp,43,no_object
306975.webp,44,no_object
306975.webp,45,no_object
306975.webp,46,no_object
306975.webp,47,no_object
306975.webp,48,no_object
306975.webp,49,no_object
306975.webp,50,no_object
306975.webp,51,no_object
306975.webp,52,no_object
306975.webp,53,no_object
306975.webp,54,no_object
306975.webp,55,no_object
306975.webp,56,no_object
306975.webp,57,no_object
306975.webp,58,no_object
306975.webp,59,no_object
306975.webp,60,no_object
306975.webp,61,no_object
306975.webp,62,no_object
306975.webp,63,no_object
306975.webp,64,no_object
307216.webp,1,no_object
307216.webp,2,no_object
307216.webp,3,no_object
307216.webp,4,no_object
307216.webp,5,no_object
307216.webp,6,no_object
307216.webp,7,no_object
307216.webp,8,no_object
307216.webp,9,no_object
307216.webp,10,no_object
307216.webp,11,no_object
307216.webp,12,no_object
307216.webp,13,bat
307216.webp,14,no_object
307216.webp,15,no_object
307216.webp,16,no_object
307216.webp,17,no_object
307216.webp,18,no_object
307216.webp,19,no_object
307216.webp,20,no_object
307216.webp,21,bat
307216.webp,22,bat
307216.webp,23,ball
307216.webp,24,no_object
307216.webp,25,no_object
307216.webp,26,no_object
307216.webp,27,no_object
307216.webp,28,no_object
307216.webp,29,no_object
307216.webp,30,no_object
307216.webp,31,no_object
307216.webp,32,no_object
307216.webp,33,no_object
307216.webp,34,stump
307216.webp,35,no_object
307216.webp,36,no_object
307216.webp,37,no_object
307216.webp,38,no_object
307216.webp,39,no_object
307216.webp,40,no_object
307216.webp,41,no_object
307216.webp,42,stump
307216.webp,43,no_object
307216.webp,44,no_object
307216.webp,45,no_object
307216.webp,46,no_object
307216.webp,47,no_object
307216.webp,48,no_object
307216.webp,49,no_object
307216.webp,50,stump
307216.webp,51,no_object
307216.webp,52,no_object
307216.webp,53,no_object
307216.webp,54,no_object
307216.webp,55,no_object
307216.webp,56,no_object
307216.webp,57,no_object
307216.webp,58,stump
307216.webp,59,no_object
307216.webp,60,no_object
307216.webp,61,no_object
307216.webp,62,no_object
307216.webp,63,no_object
307216.webp,64,no_object
306291.webp,1,no_object
306291.webp,2,no_object
306291.webp,3,no_object
306291.webp,4,bat
306291.webp,5,no_object
306291.webp,6,ball
306291.webp,7,no_object
306291.webp,8,no_object
306291.webp,9,no_object
306291.webp,10,no_object
306291.webp,11,no_object
306291.webp,12,bat
306291.webp,13,no_object
306291.webp,14,no_object
306291.webp,15,no_object
306291.webp,16,no_object
306291.webp,17,no_object
306291.webp,18,no_object
306291.webp,19,no_object
306291.webp,20,no_object
306291.webp,21,no_object
306291.webp,22,no_object
306291.webp,23,no_object
306291.webp,24,no_object
306291.webp,25,no_object
306291.webp,26,no_object
306291.webp,27,no_object
306291.webp,28,no_object
306291.webp,29,no_object
306291.webp,30,no_object
306291.webp,31,no_object
306291.webp,32,no_object
306291.webp,33,no_object
306291.webp,34,no_object
306291.webp,35,no_object
306291.webp,36,no_object
306291.webp,37,no_object
306291.webp,38,stump
306291.webp,39,no_object
306291.webp,40,no_object
306291.webp,41,no_object
306291.webp,42,no_object
306291.webp,43,no_object
306291.webp,44,no_object
306291.webp,45,no_object
306291.webp,46,stump
306291.webp,47,no_object
306291.webp,48,no_object
306291.webp,49,no_object
306291.webp,50,no_object
306291.webp,51,no_object
306291.webp,52,no_object
306291.webp,53,no_object
306291.webp,54,stump
306291.webp,55,no_object
306291.webp,56,no_object
306291.webp,57,no_object
306291.webp,58,no_object
306291.webp,59,no_object
306291.webp,60,no_object
306291.webp,61,no_object
306291.webp,62,stump
306291.webp,63,no_object
306291.webp,64,no_object
306299.webp,1,no_object
306299.webp,2,no_object
306299.webp,3,no_object
306299.webp,4,no_object
306299.webp,5,no_object
306299.webp,6,no_object
306299.webp,7,no_object
306299.webp,8,no_object
306299.webp,9,no_object
306299.webp,10,no_object
306299.webp,11,no_object
306299.webp,12,no_object
306299.webp,13,no_object
306299.webp,14,no_object
306299.webp,15,ball
306299.webp,16,no_object
306299.webp,17,no_object
306299.webp,18,no_object
306299.webp,19,no_object
306299.webp,20,no_object
306299.webp,21,no_object
306299.webp,22,no_object
306299.webp,23,no_object
306299.webp,24,no_object
306299.webp,25,no_object
306299.webp,26,no_object
306299.webp,27,no_object
306299.webp,28,no_object
306299.webp,29,no_object
306299.webp,30,no_object
306299.webp,31,no_object
306299.webp,32,no_object
306299.webp,33,stump
306299.webp,34,no_object
306299.webp,35,no_object
306299.webp,36,no_object
306299.webp,37,no_object
306299.webp,38,no_object
306299.webp,39,no_object
306299.webp,40,no_object
306299.webp,41,stump
306299.webp,42,no_object
306299.webp,43,no_object
306299.webp,44,no_object
306299.webp,45,no_object
306299.webp,46,no_object
306299.webp,47,no_object
306299.webp,48,no_object
306299.webp,49,stump
306299.webp,50,no_object
306299.webp,51,no_object
306299.webp,52,no_object
306299.webp,53,no_object
306299.webp,54,no_object
306299.webp,55,no_object
306299.webp,56,no_object
306299.webp,57,no_object
306299.webp,58,no_object
306299.webp,59,no_object
306299.webp,60,no_object
306299.webp,61,no_object
306299.webp,62,no_object
306299.webp,63,no_object
306299.webp,64,no_object
306307.webp,1,no_object
306307.webp,2,no_object
306307.webp,3,no_object
306307.webp,4,no_object
306307.webp,5,no_object
306307.webp,6,no_object
306307.webp,7,no_object
306307.webp,8,no_object
306307.webp,9,no_object
306307.webp,10,no_object
306307.webp,11,ball
306307.webp,12,ball
306307.webp,13,no_object
306307.webp,14,no_object
306307.webp,15,no_object
306307.webp,16,no_object
306307.webp,17,no_object
306307.webp,18,no_object
306307.webp,19,ball
306307.webp,20,ball
306307.webp,21,no_object
306307.webp,22,no_object
306307.webp,23,no_object
306307.webp,24,no_object
306307.webp,25,no_object
306307.webp,26,no_object
306307.webp,27,no_object
306307.webp,28,no_object
306307.webp,29,no_object
306307.webp,30,bat
306307.webp,31,no_object
306307.webp,32,no_object
306307.webp,33,no_object
306307.webp,34,no_object
306307.webp,35,no_object
306307.webp,36,no_object
306307.webp,37,stump
306307.webp,38,bat
306307.webp,39,no_object
306307.webp,40,no_object
306307.webp,41,no_object
306307.webp,42,no_object
306307.webp,43,no_object
306307.webp,44,no_object
306307.webp,45,stump
306307.webp,46,bat
306307.webp,47,no_object
306307.webp,48,no_object
306307.webp,49,no_object
306307.webp,50,no_object
306307.webp,51,no_object
306307.webp,52,no_object
306307.webp,53,stump
306307.webp,54,no_object
306307.webp,55,no_object
306307.webp,56,no_object
306307.webp,57,no_object
306307.webp,58,no_object
306307.webp,59,no_object
306307.webp,60,no_object
306307.webp,61,stump
306307.webp,62,no_object
306307.webp,63,no_object
306307.webp,64,no_object
306309.webp,1,no_object
306309.webp,2,no_object
306309.webp,3,no_object
306309.webp,4,no_object
306309.webp,5,no_object
306309.webp,6,bat
306309.webp,7,no_object
306309.webp,8,no_object
306309.webp,9,no_object
306309.webp,10,no_object
306309.webp,11,no_object
306309.webp,12,no_object
306309.webp,13,bat
306309.webp,14,bat
306309.webp,15,ball
306309.webp,16,no_object
306309.webp,17,no_object
306309.webp,18,no_object
306309.webp,19,no_object
306309.webp,20,no_object
306309.webp,21,bat
306309.webp,22,no_object
306309.webp,23,no_object
306309.webp,24,no_object
306309.webp,25,no_object
306309.webp,26,no_object
306309.webp,27,no_object
306309.webp,28,no_object
306309.webp,29,no_object
306309.webp,30,no_object
306309.webp,31,no_object
306309.webp,32,no_object
306309.webp,33,no_object
306309.webp,34,stump
306309.webp,35,no_object
306309.webp,36,no_object
306309.webp,37,no_object
306309.webp,38,no_object
306309.webp,39,no_object
306309.webp,40,no_object
306309.webp,41,no_object
306309.webp,42,stump
306309.webp,43,no_object
306309.webp,44,no_object
306309.webp,45,no_object
306309.webp,46,no_object
306309.webp,47,no_object
306309.webp,48,no_object
306309.webp,49,no_object
306309.webp,50,stump
306309.webp,51,no_object
306309.webp,52,no_object
306309.webp,53,no_object
306309.webp,54,no_object
306309.webp,55,no_object
306309.webp,56,no_object
306309.webp,57,no_object
306309.webp,58,stump
306309.webp,59,no_object
306309.webp,60,no_object
306309.webp,61,no_object
306309.webp,62,no_object
306309.webp,63,no_object
306309.webp,64,no_object
306797.webp,1,no_object
306797.webp,2,no_object
306797.webp,3,no_object
306797.webp,4,ball
306797.webp,5,no_object
306797.webp,6,no_object
306797.webp,7,no_object
306797.webp,8,no_object
306797.webp,9,no_object
306797.webp,10,no_object
306797.webp,11,no_object
306797.webp,12,no_object
306797.webp,13,no_object
306797.webp,14,no_object
306797.webp,15,no_object
306797.webp,16,no_object
306797.webp,17,no_object
306797.webp,18,no_object
306797.webp,19,no_object
306797.webp,20,no_object
306797.webp,21,no_object
306797.webp,22,no_object
306797.webp,23,no_object
306797.webp,24,no_object
306797.webp,25,no_object
306797.webp,26,no_object
306797.webp,27,no_object
306797.webp,28,no_object
306797.webp,29,no_object
306797.webp,30,no_object
306797.webp,31,no_object
306797.webp,32,no_object
306797.webp,33,no_object
306797.webp,34,no_object
306797.webp,35,no_object
306797.webp,36,no_object
306797.webp,37,no_object
306797.webp,38,no_object
306797.webp,39,no_object
306797.webp,40,no_object
306797.webp,41,no_object
306797.webp,42,no_object
306797.webp,43,no_object
306797.webp,44,no_object
306797.webp,45,no_object
306797.webp,46,no_object
306797.webp,47,no_object
306797.webp,48,no_object
306797.webp,49,no_object
306797.webp,50,no_object
306797.webp,51,no_object
306797.webp,52,no_object
306797.webp,53,no_object
306797.webp,54,no_object
306797.webp,55,no_object
306797.webp,56,no_object
306797.webp,57,no_object
306797.webp,58,no_object
306797.webp,59,no_object
306797.webp,60,no_object
306797.webp,61,no_object
306797.webp,62,no_object
306797.webp,63,no_object
306797.webp,64,no_object
306806.webp,1,no_object
306806.webp,2,no_object
306806.webp,3,no_object
306806.webp,4,no_object
306806.webp,5,no_object
306806.webp,6,no_object
306806.webp,7,no_object
306806.webp,8,no_object
306806.webp,9,no_object
306806.webp,10,no_object
306806.webp,11,no_object
306806.webp,12,no_object
306806.webp,13,no_object
306806.webp,14,no_object
306806.webp,15,no_object
306806.webp,16,no_object
306806.webp,17,no_object
306806.webp,18,no_object
306806.webp,19,no_object
306806.webp,20,no_object
306806.webp,21,no_object
306806.webp,22,no_object
306806.webp,23,no_object
306806.webp,24,no_object
306806.webp,25,no_object
306806.webp,26,ball
306806.webp,27,no_object
306806.webp,28,no_object
306806.webp,29,no_object
306806.webp,30,no_object
306806.webp,31,no_object
306806.webp,32,no_object
306806.webp,33,no_object
306806.webp,34,no_object
306806.webp,35,stump
306806.webp,36,stump
306806.webp,37,no_object
306806.webp,38,bat
306806.webp,39,no_object
306806.webp,40,no_object
306806.webp,41,no_object
306806.webp,42,no_object
306806.webp,43,stump
306806.webp,44,stump
306806.webp,45,no_object
306806.webp,46,bat
306806.webp,47,no_object
306806.webp,48,no_object
306806.webp,49,no_object
306806.webp,50,no_object
306806.webp,51,stump
306806.webp,52,stump
306806.webp,53,no_object
306806.webp,54,bat
306806.webp,55,no_object
306806.webp,56,no_object
306806.webp,57,no_object
306806.webp,58,no_object
306806.webp,59,no_object
306806.webp,60,no_object
306806.webp,61,no_object
306806.webp,62,no_object
306806.webp,63,no_object
306806.webp,64,no_object
306961.webp,1,no_object
306961.webp,2,no_object
306961.webp,3,no_object
306961.webp,4,no_object
306961.webp,5,no_object
306961.webp,6,no_object
306961.webp,7,no_object
306961.webp,8,no_object
306961.webp,9,ball
306961.webp,10,no_object
306961.webp,11,no_object
306961.webp,12,no_object
306961.webp,13,no_object
306961.webp,14,no_object
306961.webp,15,no_object
306961.webp,16,no_object
306961.webp,17,no_object
306961.webp,18,no_object
306961.webp,19,no_object
306961.webp,20,no_object
306961.webp,21,no_object
306961.webp,22,bat
306961.webp,23,bat
306961.webp,24,no_object
306961.webp,25,no_object
306961.webp,26,no_object
306961.webp,27,no_object
306961.webp,28,no_object
306961.webp,29,no_object
306961.webp,30,no_object
306961.webp,31,bat
306961.webp,32,no_object
306961.webp,33,no_object
306961.webp,34,stump
306961.webp,35,stump
306961.webp,36,no_object
306961.webp,37,no_object
306961.webp,38,no_object
306961.webp,39,no_object
306961.webp,40,no_object
306961.webp,41,no_object
306961.webp,42,no_object
306961.webp,43,stump
306961.webp,44,no_object
306961.webp,45,no_object
306961.webp,46,no_object
306961.webp,47,no_object
306961.webp,48,no_object
306961.webp,49,no_object
306961.webp,50,stump
306961.webp,51,stump
306961.webp,52,no_object
306961.webp,53,no_object
306961.webp,54,no_object
306961.webp,55,no_object
306961.webp,56,no_object
306961.webp,57,no_object
306961.webp,58,no_object
306961.webp,59,no_object
306961.webp,60,no_object
306961.webp,61,no_object
306961.webp,62,no_object
306961.webp,63,no_object
306961.webp,64,no_object
306962.webp,1,no_object
306962.webp,2,no_object
306962.webp,3,no_object
306962.webp,4,no_object
306962.webp,5,no_object
306962.webp,6,no_object
306962.webp,7,no_object
306962.webp,8,no_object
306962.webp,9,no_object
306962.webp,10,no_object
306962.webp,11,no_object
306962.webp,12,no_object
306962.webp,13,no_object
306962.webp,14,no_object
306962.webp,15,no_object
306962.webp,16,no_object
306962.webp,17,no_object
306962.webp,18,no_object
306962.webp,19,no_object
306962.webp,20,ball
306962.webp,21,no_object
306962.webp,22,no_object
306962.webp,23,no_object
306962.webp,24,no_object
306962.webp,25,no_object
306962.webp,26,no_object
306962.webp,27,no_object
306962.webp,28,ball
306962.webp,29,no_object
306962.webp,30,no_object
306962.webp,31,no_object
306962.webp,32,no_object
306962.webp,33,no_object
306962.webp,34,no_object
306962.webp,35,no_object
306962.webp,36,no_object
306962.webp,37,no_object
306962.webp,38,no_object
306962.webp,39,no_object
306962.webp,40,no_object
306962.webp,41,no_object
306962.webp,42,no_object
306962.webp,43,no_object
306962.webp,44,no_object
306962.webp,45,no_object
306962.webp,46,no_object
306962.webp,47,no_object
306962.webp,48,no_object
306962.webp,49,no_object
306962.webp,50,no_object
306962.webp,51,no_object
306962.webp,52,no_object
306962.webp,53,no_object
306962.webp,54,no_object
306962.webp,55,no_object
306962.webp,56,no_object
306962.webp,57,no_object
306962.webp,58,no_object
306962.webp,59,no_object
306962.webp,60,no_object
306962.webp,61,no_object
306962.webp,62,no_object
306962.webp,63,no_object
306962.webp,64,no_object
306964.webp,1,no_object
306964.webp,2,no_object
306964.webp,3,no_object
306964.webp,4,no_object
306964.webp,5,no_object
306964.webp,6,no_object
306964.webp,7,no_object
306964.webp,8,no_object
306964.webp,9,no_object
306964.webp,10,no_object
306964.webp,11,no_object
306964.webp,12,no_object
306964.webp,13,no_object
306964.webp,14,no_object
306964.webp,15,no_object
306964.webp,16,no_object
306964.webp,17,no_object
306964.webp,18,no_object
306964.webp,19,no_object
306964.webp,20,no_object
306964.webp,21,no_object
306964.webp,22,no_object
306964.webp,23,no_object
306964.webp,24,no_object
306964.webp,25,bat
306964.webp,26,bat
306964.webp,27,no_object
306964.webp,28,no_object
306964.webp,29,no_object
306964.webp,30,no_object
306964.webp,31,no_object
306964.webp,32,no_object
306964.webp,33,no_object
306964.webp,34,no_object
306964.webp,35,stump
306964.webp,36,no_object
306964.webp,37,no_object
306964.webp,38,no_object
306964.webp,39,no_object
306964.webp,40,no_object
306964.webp,41,no_object
306964.webp,42,no_object
306964.webp,43,stump
306964.webp,44,no_object
306964.webp,45,no_object
306964.webp,46,no_object
306964.webp,47,no_object
306964.webp,48,no_object
306964.webp,49,no_object
306964.webp,50,no_object
306964.webp,51,stump
306964.webp,52,no_object
306964.webp,53,no_object
306964.webp,54,no_object
306964.webp,55,ball
306964.webp,56,no_object
306964.webp,57,no_object
306964.webp,58,no_object
306964.webp,59,no_object
306964.webp,60,no_object
306964.webp,61,no_object
306964.webp,62,no_object
306964.webp,63,no_object
306964.webp,64,no_object
306965.webp,1,no_object
306965.webp,2,no_object
306965.webp,3,no_object
306965.webp,4,no_object
306965.webp,5,no_object
306965.webp,6,no_object
306965.webp,7,no_object
306965.webp,8,no_object
306965.webp,9,bat
306965.webp,10,bat
306965.webp,11,no_object
306965.webp,12,no_object
306965.webp,13,no_object
306965.webp,14,no_object
306965.webp,15,no_object
306965.webp,16,no_object
306965.webp,17,no_object
306965.webp,18,bat
306965.webp,19,no_object
306965.webp,20,no_object
306965.webp,21,no_object
306965.webp,22,no_object
306965.webp,23,no_object
306965.webp,24,no_object
306965.webp,25,no_object
306965.webp,26,bat
306965.webp,27,no_object
306965.webp,28,no_object
306965.webp,29,stump
306965.webp,30,stump
306965.webp,31,no_object
306965.webp,32,no_object
306965.webp,33,no_object
306965.webp,34,no_object
306965.webp,35,no_object
306965.webp,36,no_object
306965.webp,37,stump
306965.webp,38,stump
306965.webp,39,no_object
306965.webp,40,no_object
306965.webp,41,no_object
306965.webp,42,no_object
306965.webp,43,no_object
306965.webp,44,no_object
306965.webp,45,stump
306965.webp,46,stump
306965.webp,47,no_object
306965.webp,48,no_object
306965.webp,49,no_object
306965.webp,50,no_object
306965.webp,51,ball
306965.webp,52,no_object
306965.webp,53,stump
306965.webp,54,stump
306965.webp,55,no_object
306965.webp,56,no_object
306965.webp,57,no_object
306965.webp,58,no_object
306965.webp,59,ball
306965.webp,60,no_object
306965.webp,61,no_object
306965.webp,62,no_object
306965.webp,63,no_object
306965.webp,64,no_object
306974.webp,1,no_object
306974.webp,2,ball
306974.webp,3,no_object
306974.webp,4,no_object
306974.webp,5,no_object
306974.webp,6,no_object
306974.webp,7,no_object
306974.webp,8,no_object
306974.webp,9,no_object
306974.webp,10,no_object
306974.webp,11,no_object
306974.webp,12,bat
306974.webp,13,bat
306974.webp,14,no_object
306974.webp,15,no_object
306974.webp,16,no_object
306974.webp,17,no_object
306974.webp,18,no_object
306974.webp,19,no_object
306974.webp,20,bat
306974.webp,21,bat
306974.webp,22,bat
306974.webp,23,no_object
306974.webp,24,no_object
306974.webp,25,no_object
306974.webp,26,no_object
306974.webp,27,no_object
306974.webp,28,no_object
306974.webp,29,no_object
306974.webp,30,no_object
306974.webp,31,no_object
306974.webp,32,no_object
306974.webp,33,no_object
306974.webp,34,no_object
306974.webp,35,no_object
306974.webp,36,stump
306974.webp,37,no_object
306974.webp,38,no_object
306974.webp,39,no_object
306974.webp,40,no_object
306974.webp,41,no_object
306974.webp,42,no_object
306974.webp,43,no_object
306974.webp,44,stump
306974.webp,45,no_object
306974.webp,46,no_object
306974.webp,47,no_object
306974.webp,48,no_object
306974.webp,49,no_object
306974.webp,50,no_object
306974.webp,51,no_object
306974.webp,52,stump
306974.webp,53,no_object
306974.webp,54,no_object
306974.webp,55,no_object
306974.webp,56,no_object
306974.webp,57,no_object
306974.webp,58,no_object
306974.webp,59,no_object
306974.webp,60,stump
306974.webp,61,no_object
306974.webp,62,no_object
306974.webp,63,no_object
306974.webp,64,no_object
307218.webp,1,no_object
307218.webp,2,no_object
307218.webp,3,no_object
307218.webp,4,no_object
307218.webp,5,no_object
307218.webp,6,no_object
307218.webp,7,stump
307218.webp,8,no_object
307218.webp,9,no_object
307218.webp,10,bat
307218.webp,11,no_object
307218.webp,12,no_object
307218.webp,13,no_object
307218.webp,14,no_object
307218.webp,15,no_object
307218.webp,16,no_object
307218.webp,17,no_object
307218.webp,18,bat
307218.webp,19,no_object
307218.webp,20,no_object
307218.webp,21,no_object
307218.webp,22,no_object
307218.webp,23,no_object
307218.webp,24,no_object
307218.webp,25,no_object
307218.webp,26,bat
307218.webp,27,no_object
307218.webp,28,no_object
307218.webp,29,ball
307218.webp,30,stump
307218.webp,31,no_object
307218.webp,32,no_object
307218.webp,33,bat
307218.webp,34,bat
307218.webp,35,no_object
307218.webp,36,no_object
307218.webp,37,no_object
307218.webp,38,stump
307218.webp,39,stump
307218.webp,40,no_object
307218.webp,41,bat
307218.webp,42,no_object
307218.webp,43,no_object
307218.webp,44,no_object
307218.webp,45,no_object
307218.webp,46,stump
307218.webp,47,no_object
307218.webp,48,no_object
307218.webp,49,no_object
307218.webp,50,no_object
307218.webp,51,no_object
307218.webp,52,no_object
307218.webp,53,no_object
307218.webp,54,stump
307218.webp,55,no_object
307218.webp,56,no_object
307218.webp,57,no_object
307218.webp,58,no_object
307218.webp,59,no_object
307218.webp,60,no_object
307218.webp,61,no_object
307218.webp,62,stump
307218.webp,63,no_object
307218.webp,64,no_object
307219.webp,1,no_object
307219.webp,2,no_object
307219.webp,3,no_object
307219.webp,4,no_object
307219.webp,5,no_object
307219.webp,6,no_object
307219.webp,7,no_object
307219.webp,8,no_object
307219.webp,9,no_object
307219.webp,10,no_object
307219.webp,11,no_object
307219.webp,12,no_object
307219.webp,13,no_object
307219.webp,14,no_object
307219.webp,15,no_object
307219.webp,16,no_object
307219.webp,17,no_object
307219.webp,18,no_object
307219.webp,19,no_object
307219.webp,20,no_object
307219.webp,21,no_object
307219.webp,22,no_object
307219.webp,23,no_object
307219.webp,24,no_object
307219.webp,25,no_object
307219.webp,26,no_object
307219.webp,27,no_object
307219.webp,28,no_object
307219.webp,29,no_object
307219.webp,30,no_object
307219.webp,31,no_object
307219.webp,32,no_object
307219.webp,33,no_object
307219.webp,34,no_object
307219.webp,35,no_object
307219.webp,36,no_object
307219.webp,37,no_object
307219.webp,38,no_object
307219.webp,39,no_object
307219.webp,40,no_object
307219.webp,41,no_object
307219.webp,42,no_object
307219.webp,43,no_object
307219.webp,44,no_object
307219.webp,45,no_object
307219.webp,46,no_object
307219.webp,47,no_object
307219.webp,48,no_object
307219.webp,49,no_object
307219.webp,50,no_object
307219.webp,51,no_object
307219.webp,52,no_object
307219.webp,53,no_object
307219.webp,54,no_object
307219.webp,55,no_object
307219.webp,56,no_object
307219.webp,57,no_object
307219.webp,58,no_object
307219.webp,59,no_object
307219.webp,60,no_object
307219.webp,61,no_object
307219.webp,62,no_object
307219.webp,63,no_object
307219.webp,64,no_object
307224.webp,1,no_object
307224.webp,2,bat
307224.webp,3,no_object
307224.webp,4,no_object
307224.webp,5,no_object
307224.webp,6,no_object
307224.webp,7,no_object
307224.webp,8,no_object
307224.webp,9,no_object
307224.webp,10,bat
307224.webp,11,no_object
307224.webp,12,no_object
307224.webp,13,no_object
307224.webp,14,no_object
307224.webp,15,no_object
307224.webp,16,no_object
307224.webp,17,no_object
307224.webp,18,bat
307224.webp,19,no_object
307224.webp,20,no_object
307224.webp,21,no_object
307224.webp,22,no_object
307224.webp,23,no_object
307224.webp,24,no_object
307224.webp,25,bat
307224.webp,26,bat
307224.webp,27,no_object
307224.webp,28,no_object
307224.webp,29,no_object
307224.webp,30,no_object
307224.webp,31,no_object
307224.webp,32,no_object
307224.webp,33,no_object
307224.webp,34,no_object
307224.webp,35,no_object
307224.webp,36,stump
307224.webp,37,stump
307224.webp,38,no_object
307224.webp,39,no_object
307224.webp,40,no_object
307224.webp,41,no_object
307224.webp,42,no_object
307224.webp,43,no_object
307224.webp,44,stump
307224.webp,45,stump
307224.webp,46,no_object
307224.webp,47,no_object
307224.webp,48,no_object
307224.webp,49,no_object
307224.webp,50,no_object
307224.webp,51,no_object
307224.webp,52,stump
307224.webp,53,stump
307224.webp,54,no_object
307224.webp,55,no_object
307224.webp,56,ball
307224.webp,57,no_object
307224.webp,58,no_object
307224.webp,59,no_object
307224.webp,60,no_object
307224.webp,61,no_object
307224.webp,62,no_object
307224.webp,63,no_object
307224.webp,64,no_object
307616.webp,1,no_object
307616.webp,2,no_object
307616.webp,3,no_object
307616.webp,4,no_object
307616.webp,5,no_object
307616.webp,6,no_object
307616.webp,7,ball
307616.webp,8,no_object
307616.webp,9,no_object
307616.webp,10,no_object
307616.webp,11,no_object
307616.webp,12,no_object
307616.webp,13,no_object
307616.webp,14,no_object
307616.webp,15,no_object
307616.webp,16,no_object
307616.webp,17,no_object
307616.webp,18,no_object
307616.webp,19,no_object
307616.webp,20,no_object
307616.webp,21,no_object
307616.webp,22,no_object
307616.webp,23,no_object
307616.webp,24,no_object
307616.webp,25,no_object
307616.webp,26,no_object
307616.webp,27,no_object
307616.webp,28,no_object
307616.webp,29,no_object
307616.webp,30,no_object
307616.webp,31,no_object
307616.webp,32,no_object
307616.webp,33,no_object
307616.webp,34,no_object
307616.webp,35,no_object
307616.webp,36,no_object
307616.webp,37,no_object
307616.webp,38,no_object
307616.webp,39,no_object
307616.webp,40,no_object
307616.webp,41,no_object
307616.webp,42,no_object
307616.webp,43,no_object
307616.webp,44,no_object
307616.webp,45,no_object
307616.webp,46,no_object
307616.webp,47,no_object
307616.webp,48,no_object
307616.webp,49,no_object
307616.webp,50,no_object
307616.webp,51,no_object
307616.webp,52,no_object
307616.webp,53,no_object
307616.webp,54,no_object
307616.webp,55,no_object
307616.webp,56,no_object
307616.webp,57,no_object
307616.webp,58,no_object
307616.webp,59,no_object
307616.webp,60,no_object
307616.webp,61,no_object
307616.webp,62,no_object
307616.webp,63,no_object
307616.webp,64,no_object
307620.webp,1,no_object
307620.webp,2,no_object
307620.webp,3,no_object
307620.webp,4,no_object
307620.webp,5,no_object
307620.webp,6,no_object
307620.webp,7,no_object
307620.webp,8,no_object
307620.webp,9,no_object
307620.webp,10,no_object
307620.webp,11,no_object
307620.webp,12,no_object
307620.webp,13,no_object
307620.webp,14,bat
307620.webp,15,bat
307620.webp,16,no_object
307620.webp,17,no_object
307620.webp,18,no_object
307620.webp,19,no_object
307620.webp,20,no_object
307620.webp,21,no_object
307620.webp,22,no_object
307620.webp,23,bat
307620.webp,24,no_object
307620.webp,25,no_object
307620.webp,26,no_object
307620.webp,27,no_object
307620.webp,28,no_object
307620.webp,29,no_object
307620.webp,30,no_object
307620.webp,31,no_object
307620.webp,32,no_object
307620.webp,33,no_object
307620.webp,34,ball
307620.webp,35,stump
307620.webp,36,no_object
307620.webp,37,no_object
307620.webp,38,no_object
307620.webp,39,no_object
307620.webp,40,no_object
307620.webp,41,no_object
307620.webp,42,no_object
307620.webp,43,stump
307620.webp,44,no_object
307620.webp,45,no_object
307620.webp,46,no_object
307620.webp,47,no_object
307620.webp,48,no_object
307620.webp,49,no_object
307620.webp,50,no_object
307620.webp,51,stump
307620.webp,52,no_object
307620.webp,53,no_object
307620.webp,54,no_object
307620.webp,55,no_object
307620.webp,56,no_object
307620.webp,57,no_object
307620.webp,58,no_object
307620.webp,59,no_object
307620.webp,60,no_object
307620.webp,61,no_object
307620.webp,62,no_object
307620.webp,63,no_object
307620.webp,64,no_object
307625.webp,1,no_object
307625.webp,2,no_object
307625.webp,3,no_object
307625.webp,4,no_object
307625.webp,5,no_object
307625.webp,6,no_object
307625.webp,7,no_object
307625.webp,8,no_object
307625.webp,9,no_object
307625.webp,10,no_object
307625.webp,11,no_object
307625.webp,12,no_object
307625.webp,13,no_object
307625.webp,14,no_object
307625.webp,15,no_object
307625.webp,16,no_object
307625.webp,17,no_object
307625.webp,18,bat
307625.webp,19,bat
307625.webp,20,ball
307625.webp,21,ball
307625.webp,22,no_object
307625.webp,23,no_object
307625.webp,24,no_object
307625.webp,25,no_object
307625.webp,26,no_object
307625.webp,27,no_object
307625.webp,28,no_object
307625.webp,29,no_object
307625.webp,30,no_object
307625.webp,31,no_object
307625.webp,32,no_object
307625.webp,33,no_object
307625.webp,34,no_object
307625.webp,35,stump
307625.webp,36,no_object
307625.webp,37,no_object
307625.webp,38,no_object
307625.webp,39,no_object
307625.webp,40,no_object
307625.webp,41,no_object
307625.webp,42,no_object
307625.webp,43,stump
307625.webp,44,no_object
307625.webp,45,no_object
307625.webp,46,no_object
307625.webp,47,no_object
307625.webp,48,no_object
307625.webp,49,no_object
307625.webp,50,no_object
307625.webp,51,stump
307625.webp,52,no_object
307625.webp,53,no_object
307625.webp,54,no_object
307625.webp,55,no_object
307625.webp,56,no_object
307625.webp,57,no_object
307625.webp,58,no_object
307625.webp,59,stump
307625.webp,60,no_object
307625.webp,61,no_object
307625.webp,62,no_object
307625.webp,63,no_object
307625.webp,64,no_object
307863.webp,1,no_object
307863.webp,2,no_object
307863.webp,3,no_object
307863.webp,4,no_object
307863.webp,5,no_object
307863.webp,6,no_object
307863.webp,7,no_object
307863.webp,8,no_object
307863.webp,9,no_object
307863.webp,10,no_object
307863.webp,11,no_object
307863.webp,12,no_object
307863.webp,13,bat
307863.webp,14,no_object
307863.webp,15,no_object
307863.webp,16,no_object
307863.webp,17,no_object
307863.webp,18,no_object
307863.webp,19,no_object
307863.webp,20,no_object
307863.webp,21,bat
307863.webp,22,bat
307863.webp,23,no_object
307863.webp,24,no_object
307863.webp,25,no_object
307863.webp,26,no_object
307863.webp,27,no_object
307863.webp,28,no_object
307863.webp,29,no_object
307863.webp,30,bat
307863.webp,31,no_object
307863.webp,32,no_object
307863.webp,33,no_object
307863.webp,34,no_object
307863.webp,35,no_object
307863.webp,36,no_object
307863.webp,37,no_object
307863.webp,38,no_object
307863.webp,39,no_object
307863.webp,40,ball
307863.webp,41,no_object
307863.webp,42,no_object
307863.webp,43,no_object
307863.webp,44,no_object
307863.webp,45,no_object
307863.webp,46,no_object
307863.webp,47,no_object
307863.webp,48,no_object
307863.webp,49,no_object
307863.webp,50,no_object
307863.webp,51,no_object
307863.webp,52,no_object
307863.webp,53,no_object
307863.webp,54,no_object
307863.webp,55,no_object
307863.webp,56,no_object
307863.webp,57,no_object
307863.webp,58,no_object
307863.webp,59,no_object
307863.webp,60,no_object
307863.webp,61,no_object
307863.webp,62,no_object
307863.webp,63,no_object
307863.webp,64,no_object
307864.webp,1,no_object
307864.webp,2,no_object
307864.webp,3,no_object
307864.webp,4,no_object
307864.webp,5,no_object
307864.webp,6,no_object
307864.webp,7,no_object
307864.webp,8,no_object
307864.webp,9,no_object
307864.webp,10,no_object
307864.webp,11,ball
307864.webp,12,no_object
307864.webp,13,no_object
307864.webp,14,no_object
307864.webp,15,no_object
307864.webp,16,no_object
307864.webp,17,no_object
307864.webp,18,no_object
307864.webp,19,ball
307864.webp,20,no_object
307864.webp,21,no_object
307864.webp,22,no_object
307864.webp,23,no_object
307864.webp,24,no_object
307864.webp,25,no_object
307864.webp,26,no_object
307864.webp,27,no_object
307864.webp,28,no_object
307864.webp,29,no_object
307864.webp,30,no_object
307864.webp,31,no_object
307864.webp,32,no_object
307864.webp,33,no_object
307864.webp,34,no_object
307864.webp,35,no_object
307864.webp,36,no_object
307864.webp,37,no_object
307864.webp,38,no_object
307864.webp,39,no_object
307864.webp,40,no_object
307864.webp,41,no_object
307864.webp,42,no_object
307864.webp,43,no_object
307864.webp,44,no_object
307864.webp,45,no_object
307864.webp,46,no_object
307864.webp,47,no_object
307864.webp,48,no_object
307864.webp,49,no_object
307864.webp,50,no_object
307864.webp,51,no_object
307864.webp,52,no_object
307864.webp,53,no_object
307864.webp,54,no_object
307864.webp,55,no_object
307864.webp,56,no_object
307864.webp,57,no_object
307864.webp,58,no_object
307864.webp,59,no_object
307864.webp,60,no_object
307864.webp,61,no_object
307864.webp,62,no_object
307864.webp,63,no_object
307864.webp,64,no_object
307879.webp,1,no_object
307879.webp,2,no_object
307879.webp,3,no_object
307879.webp,4,no_object
307879.webp,5,no_object
307879.webp,6,no_object
307879.webp,7,no_object
307879.webp,8,no_object
307879.webp,9,no_object
307879.webp,10,no_object
307879.webp,11,no_object
307879.webp,12,no_object
307879.webp,13,no_object
307879.webp,14,no_object
307879.webp,15,no_object
307879.webp,16,no_object
307879.webp,17,no_object
307879.webp,18,no_object
307879.webp,19,no_object
307879.webp,20,no_object
307879.webp,21,no_object
307879.webp,22,no_object
307879.webp,23,no_object
307879.webp,24,no_object
307879.webp,25,no_object
307879.webp,26,no_object
307879.webp,27,no_object
307879.webp,28,no_object
307879.webp,29,no_object
307879.webp,30,bat
307879.webp,31,bat
307879.webp,32,no_object
307879.webp,33,no_object
307879.webp,34,no_object
307879.webp,35,no_object
307879.webp,36,no_object
307879.webp,37,bat
307879.webp,38,bat
307879.webp,39,bat
307879.webp,40,ball
307879.webp,41,no_object
307879.webp,42,no_object
307879.webp,43,no_object
307879.webp,44,no_object
307879.webp,45,no_object
307879.webp,46,no_object
307879.webp,47,no_object
307879.webp,48,no_object
307879.webp,49,no_object
307879.webp,50,no_object
307879.webp,51,no_object
307879.webp,52,no_object
307879.webp,53,no_object
307879.webp,54,no_object
307879.webp,55,no_object
307879.webp,56,no_object
307879.webp,57,no_object
307879.webp,58,no_object
307879.webp,59,no_object
307879.webp,60,no_object
307879.webp,61,no_object
307879.webp,62,no_object
307879.webp,63,no_object
307879.webp,64,no_object
307941 (1).webp,1,no_object
307941 (1).webp,2,no_object
307941 (1).webp,3,no_object
307941 (1).webp,4,no_object
307941 (1).webp,5,no_object
307941 (1).webp,6,no_object
307941 (1).webp,7,no_object
307941 (1).webp,8,no_object
307941 (1).webp,9,no_object
307941 (1).webp,10,no_object
307941 (1).webp,11,no_object
307941 (1).webp,12,no_object
307941 (1).webp,13,no_object
307941 (1).webp,14,no_object
307941 (1).webp,15,no_object
307941 (1).webp,16,no_object
307941 (1).webp,17,no_object
307941 (1).webp,18,no_object
307941 (1).webp,19,bat
307941 (1).webp,20,bat
307941 (1).webp,21,no_object
307941 (1).webp,22,no_object
307941 (1).webp,23,no_object
307941 (1).webp,24,no_object
307941 (1).webp,25,no_object
307941 (1).webp,26,no_object
307941 (1).webp,27,no_object
307941 (1).webp,28,bat
307941 (1).webp,29,no_object
307941 (1).webp,30,no_object
307941 (1).webp,31,no_object
307941 (1).webp,32,no_object
307941 (1).webp,33,no_object
307941 (1).webp,34,no_object
307941 (1).webp,35,no_object
307941 (1).webp,36,stump
307941 (1).webp,37,no_object
307941 (1).webp,38,no_object
307941 (1).webp,39,no_object
307941 (1).webp,40,no_object
307941 (1).webp,41,no_object
307941 (1).webp,42,no_object
307941 (1).webp,43,no_object
307941 (1).webp,44,stump
307941 (1).webp,45,no_object
307941 (1).webp,46,no_object
307941 (1).webp,47,no_object
307941 (1).webp,48,no_object
307941 (1).webp,49,no_object
307941 (1).webp,50,no_object
307941 (1).webp,51,no_object
307941 (1).webp,52,stump
307941 (1).webp,53,no_object
307941 (1).webp,54,no_object
307941 (1).webp,55,no_object
307941 (1).webp,56,no_object
307941 (1).webp,57,ball
307941 (1).webp,58,no_object
307941 (1).webp,59,no_object
307941 (1).webp,60,no_object
307941 (1).webp,61,no_object
307941 (1).webp,62,no_object
307941 (1).webp,63,no_object
307941 (1).webp,64,no_object
307941.webp,1,no_object
307941.webp,2,no_object
307941.webp,3,no_object
307941.webp,4,no_object
307941.webp,5,no_object
307941.webp,6,no_object
307941.webp,7,no_object
307941.webp,8,no_object
307941.webp,9,no_object
307941.webp,10,no_object
307941.webp,11,no_object
307941.webp,12,no_object
307941.webp,13,no_object
307941.webp,14,no_object
307941.webp,15,no_object
307941.webp,16,no_object
307941.webp,17,no_object
307941.webp,18,no_object
307941.webp,19,bat
307941.webp,20,bat
307941.webp,21,no_object
307941.webp,22,no_object
307941.webp,23,no_object
307941.webp,24,no_object
307941.webp,25,no_object
307941.webp,26,no_object
307941.webp,27,no_object
307941.webp,28,bat
307941.webp,29,no_object
307941.webp,30,no_object
307941.webp,31,no_object
307941.webp,32,no_object
307941.webp,33,no_object
307941.webp,34,no_object
307941.webp,35,no_object
307941.webp,36,stump
307941.webp,37,no_object
307941.webp,38,no_object
307941.webp,39,no_object
307941.webp,40,no_object
307941.webp,41,no_object
307941.webp,42,no_object
307941.webp,43,no_object
307941.webp,44,stump
307941.webp,45,no_object
307941.webp,46,no_object
307941.webp,47,no_object
307941.webp,48,no_object
307941.webp,49,no_object
307941.webp,50,no_object
307941.webp,51,no_object
307941.webp,52,stump
307941.webp,53,no_object
307941.webp,54,no_object
307941.webp,55,no_object
307941.webp,56,no_object
307941.webp,57,ball
307941.webp,58,no_object
307941.webp,59,no_object
307941.webp,60,no_object
307941.webp,61,no_object
307941.webp,62,no_object
307941.webp,63,no_object
307941.webp,64,no_object
307949 (1).webp,1,no_object
307949 (1).webp,2,no_object
307949 (1).webp,3,no_object
307949 (1).webp,4,no_object
307949 (1).webp,5,no_object
307949 (1).webp,6,no_object
307949 (1).webp,7,no_object
307949 (1).webp,8,no_object
307949 (1).webp,9,no_object
307949 (1).webp,10,no_object
307949 (1).webp,11,no_object
307949 (1).webp,12,no_object
307949 (1).webp,13,bat
307949 (1).webp,14,no_object
307949 (1).webp,15,no_object
307949 (1).webp,16,no_object
307949 (1).webp,17,no_object
307949 (1).webp,18,no_object
307949 (1).webp,19,no_object
307949 (1).webp,20,no_object
307949 (1).webp,21,bat
307949 (1).webp,22,ball
307949 (1).webp,23,ball
307949 (1).webp,24,no_object
307949 (1).webp,25,no_object
307949 (1).webp,26,no_object
307949 (1).webp,27,no_object
307949 (1).webp,28,no_object
307949 (1).webp,29,no_object
307949 (1).webp,30,no_object
307949 (1).webp,31,no_object
307949 (1).webp,32,no_object
307949 (1).webp,33,no_object
307949 (1).webp,34,stump
307949 (1).webp,35,no_object
307949 (1).webp,36,no_object
307949 (1).webp,37,no_object
307949 (1).webp,38,no_object
307949 (1).webp,39,no_object
307949 (1).webp,40,no_object
307949 (1).webp,41,no_object
307949 (1).webp,42,stump
307949 (1).webp,43,no_object
307949 (1).webp,44,no_object
307949 (1).webp,45,no_object
307949 (1).webp,46,no_object
307949 (1).webp,47,no_object
307949 (1).webp,48,no_object
307949 (1).webp,49,no_object
307949 (1).webp,50,stump
307949 (1).webp,51,no_object
307949 (1).webp,52,no_object
307949 (1).webp,53,no_object
307949 (1).webp,54,no_object
307949 (1).webp,55,no_object
307949 (1).webp,56,no_object
307949 (1).webp,57,no_object
307949 (1).webp,58,stump
307949 (1).webp,59,no_object
307949 (1).webp,60,no_object
307949 (1).webp,61,no_object
307949 (1).webp,62,no_object
307949 (1).webp,63,no_object
307949 (1).webp,64,no_object
307949.webp,1,no_object
307949.webp,2,no_object
307949.webp,3,no_object
307949.webp,4,no_object
307949.webp,5,no_object
307949.webp,6,no_object
307949.webp,7,no_object
307949.webp,8,no_object
307949.webp,9,no_object
307949.webp,10,no_object
307949.webp,11,no_object
307949.webp,12,no_object
307949.webp,13,bat
307949.webp,14,no_object
307949.webp,15,no_object
307949.webp,16,no_object
307949.webp,17,no_object
307949.webp,18,no_object
307949.webp,19,no_object
307949.webp,20,no_object
307949.webp,21,bat
307949.webp,22,ball
307949.webp,23,ball
307949.webp,24,no_object
307949.webp,25,no_object
307949.webp,26,no_object
307949.webp,27,no_object
307949.webp,28,no_object
307949.webp,29,no_object
307949.webp,30,no_object
307949.webp,31,no_object
307949.webp,32,no_object
307949.webp,33,no_object
307949.webp,34,stump
307949.webp,35,no_object
307949.webp,36,no_object
307949.webp,37,no_object
307949.webp,38,no_object
307949.webp,39,no_object
307949.webp,40,no_object
307949.webp,41,no_object
307949.webp,42,stump
307949.webp,43,no_object
307949.webp,44,no_object
307949.webp,45,no_object
307949.webp,46,no_object
307949.webp,47,no_object
307949.webp,48,no_object
307949.webp,49,no_object
307949.webp,50,stump
307949.webp,51,no_object
307949.webp,52,no_object
307949.webp,53,no_object
307949.webp,54,no_object
307949.webp,55,no_object
307949.webp,56,no_object
307949.webp,57,no_object
307949.webp,58,stump
307949.webp,59,no_object
307949.webp,60,no_object
307949.webp,61,no_object
307949.webp,62,no_object
307949.webp,63,no_object
307949.webp,64,no_object
307965.webp,1,no_object
307965.webp,2,no_object
307965.webp,3,no_object
307965.webp,4,no_object
307965.webp,5,no_object
307965.webp,6,no_object
307965.webp,7,no_object
307965.webp,8,no_object
307965.webp,9,no_object
307965.webp,10,no_object
307965.webp,11,no_object
307965.webp,12,no_object
307965.webp,13,no_object
307965.webp,14,no_object
307965.webp,15,no_object
307965.webp,16,no_object
307965.webp,17,no_object
307965.webp,18,no_object
307965.webp,19,no_object
307965.webp,20,no_object
307965.webp,21,no_object
307965.webp,22,no_object
307965.webp,23,no_object
307965.webp,24,no_object
307965.webp,25,no_object
307965.webp,26,no_object
307965.webp,27,no_object
307965.webp,28,no_object
307965.webp,29,no_object
307965.webp,30,no_object
307965.webp,31,ball
307965.webp,32,ball
307965.webp,33,no_object
307965.webp,34,no_object
307965.webp,35,no_object
307965.webp,36,no_object
307965.webp,37,no_object
307965.webp,38,no_object
307965.webp,39,no_object
307965.webp,40,no_object
307965.webp,41,no_object
307965.webp,42,no_object
307965.webp,43,no_object
307965.webp,44,no_object
307965.webp,45,no_object
307965.webp,46,no_object
307965.webp,47,no_object
307965.webp,48,no_object
307965.webp,49,no_object
307965.webp,50,no_object
307965.webp,51,no_object
307965.webp,52,no_object
307965.webp,53,no_object
307965.webp,54,no_object
307965.webp,55,no_object
307965.webp,56,no_object
307965.webp,57,no_object
307965.webp,58,no_object
307965.webp,59,no_object
307965.webp,60,no_object
307965.webp,61,no_object
307965.webp,62,no_object
307965.webp,63,no_object
307965.webp,64,no_object
308195.webp,1,no_object
308195.webp,2,no_object
308195.webp,3,no_object
308195.webp,4,ball
308195.webp,5,no_object
308195.webp,6,no_object
308195.webp,7,no_object
308195.webp,8,no_object
308195.webp,9,no_object
308195.webp,10,no_object
308195.webp,11,no_object
308195.webp,12,no_object
308195.webp,13,no_object
308195.webp,14,no_object
308195.webp,15,no_object
308195.webp,16,no_object
308195.webp,17,no_object
308195.webp,18,no_object
308195.webp,19,no_object
308195.webp,20,no_object
308195.webp,21,no_object
308195.webp,22,no_object
308195.webp,23,no_object
308195.webp,24,no_object
308195.webp,25,no_object
308195.webp,26,no_object
308195.webp,27,no_object
308195.webp,28,no_object
308195.webp,29,no_object
308195.webp,30,no_object
308195.webp,31,no_object
308195.webp,32,no_object
308195.webp,33,no_object
308195.webp,34,no_object
308195.webp,35,no_object
308195.webp,36,no_object
308195.webp,37,no_object
308195.webp,38,no_object
308195.webp,39,no_object
308195.webp,40,no_object
308195.webp,41,no_object
308195.webp,42,stump
308195.webp,43,stump
308195.webp,44,no_object
308195.webp,45,no_object
308195.webp,46,no_object
308195.webp,47,no_object
308195.webp,48,no_object
308195.webp,49,no_object
308195.webp,50,stump
308195.webp,51,stump
308195.webp,52,no_object
308195.webp,53,no_object
308195.webp,54,no_object
308195.webp,55,no_object
308195.webp,56,no_object
308195.webp,57,no_object
308195.webp,58,stump
308195.webp,59,stump
308195.webp,60,no_object
308195.webp,61,no_object
308195.webp,62,no_object
308195.webp,63,no_object
308195.webp,64,no_object
308310.webp,1,no_object
308310.webp,2,no_object
308310.webp,3,no_object
308310.webp,4,no_object
308310.webp,5,no_object
308310.webp,6,no_object
308310.webp,7,no_object
308310.webp,8,no_object
308310.webp,9,no_object
308310.webp,10,no_object
308310.webp,11,no_object
308310.webp,12,no_object
308310.webp,13,no_object
308310.webp,14,no_object
308310.webp,15,no_object
308310.webp,16,no_object
308310.webp,17,no_object
308310.webp,18,no_object
308310.webp,19,no_object
308310.webp,20,ball
308310.webp,21,no_object
308310.webp,22,no_object
308310.webp,23,no_object
308310.webp,24,no_object
308310.webp,25,no_object
308310.webp,26,no_object
308310.webp,27,no_object
308310.webp,28,ball
308310.webp,29,no_object
308310.webp,30,no_object
308310.webp,31,no_object
308310.webp,32,no_object
308310.webp,33,no_object
308310.webp,34,no_object
308310.webp,35,no_object
308310.webp,36,no_object
308310.webp,37,no_object
308310.webp,38,no_object
308310.webp,39,no_object
308310.webp,40,no_object
308310.webp,41,no_object
308310.webp,42,no_object
308310.webp,43,no_object
308310.webp,44,no_object
308310.webp,45,no_object
308310.webp,46,no_object
308310.webp,47,no_object
308310.webp,48,no_object
308310.webp,49,no_object
308310.webp,50,no_object
308310.webp,51,no_object
308310.webp,52,no_object
308310.webp,53,no_object
308310.webp,54,no_object
308310.webp,55,no_object
308310.webp,56,no_object
308310.webp,57,no_object
308310.webp,58,no_object
308310.webp,59,no_object
308310.webp,60,no_object
308310.webp,61,no_object
308310.webp,62,no_object
308310.webp,63,no_object
308310.webp,64,no_object
308389.webp,1,no_object
308389.webp,2,no_object
308389.webp,3,no_object
308389.webp,4,no_object
308389.webp,5,no_object
308389.webp,6,no_object
308389.webp,7,no_object
308389.webp,8,no_object
308389.webp,9,no_object
308389.webp,10,no_object
308389.webp,11,no_object
308389.webp,12,no_object
308389.webp,13,bat
308389.webp,14,no_object
308389.webp,15,no_object
308389.webp,16,no_object
308389.webp,17,no_object
308389.webp,18,no_object
308389.webp,19,no_object
308389.webp,20,bat
308389.webp,21,bat
308389.webp,22,no_object
308389.webp,23,no_object
308389.webp,24,no_object
308389.webp,25,no_object
308389.webp,26,no_object
308389.webp,27,ball
308389.webp,28,no_object
308389.webp,29,no_object
308389.webp,30,no_object
308389.webp,31,no_object
308389.webp,32,no_object
308389.webp,33,no_object
308389.webp,34,no_object
308389.webp,35,no_object
308389.webp,36,no_object
308389.webp,37,no_object
308389.webp,38,no_object
308389.webp,39,no_object
308389.webp,40,no_object
308389.webp,41,no_object
308389.webp,42,no_object
308389.webp,43,no_object
308389.webp,44,no_object
308389.webp,45,stump
308389.webp,46,no_object
308389.webp,47,no_object
308389.webp,48,no_object
308389.webp,49,no_object
308389.webp,50,no_object
308389.webp,51,no_object
308389.webp,52,no_object
308389.webp,53,stump
308389.webp,54,no_object
308389.webp,55,no_object
308389.webp,56,no_object
308389.webp,57,no_object
308389.webp,58,no_object
308389.webp,59,no_object
308389.webp,60,no_object
308389.webp,61,no_object
308389.webp,62,no_object
308389.webp,63,no_object
308389.webp,64,no_object
308843.webp,1,no_object
308843.webp,2,no_object
308843.webp,3,no_object
308843.webp,4,no_object
308843.webp,5,no_object
308843.webp,6,no_object
308843.webp,7,no_object
308843.webp,8,no_object
308843.webp,9,no_object
308843.webp,10,no_object
308843.webp,11,no_object
308843.webp,12,no_object
308843.webp,13,bat
308843.webp,14,no_object
308843.webp,15,no_object
308843.webp,16,no_object
308843.webp,17,no_object
308843.webp,18,no_object
308843.webp,19,no_object
308843.webp,20,bat
308843.webp,21,bat
308843.webp,22,no_object
308843.webp,23,no_object
308843.webp,24,stump
308843.webp,25,no_object
308843.webp,26,no_object
308843.webp,27,no_object
308843.webp,28,bat
308843.webp,29,no_object
308843.webp,30,no_object
308843.webp,31,no_object
308843.webp,32,stump
308843.webp,33,no_object
308843.webp,34,no_object
308843.webp,35,no_object
308843.webp,36,no_object
308843.webp,37,no_object
308843.webp,38,no_object
308843.webp,39,no_object
308843.webp,40,stump
308843.webp,41,no_object
308843.webp,42,no_object
308843.webp,43,no_object
308843.webp,44,no_object
308843.webp,45,no_object
308843.webp,46,no_object
308843.webp,47,no_object
308843.webp,48,stump
308843.webp,49,no_object
308843.webp,50,no_object
308843.webp,51,no_object
308843.webp,52,no_object
308843.webp,53,no_object
308843.webp,54,no_object
308843.webp,55,no_object
308843.webp,56,no_object
308843.webp,57,no_object
308843.webp,58,no_object
308843.webp,59,no_object
308843.webp,60,no_object
308843.webp,61,no_object
308843.webp,62,ball
308843.webp,63,no_object
308843.webp,64,no_object
308848.webp,1,no_object
308848.webp,2,no_object
308848.webp,3,no_object
308848.webp,4,no_object
308848.webp,5,no_object
308848.webp,6,no_object
308848.webp,7,no_object
308848.webp,8,no_object
308848.webp,9,no_object
308848.webp,10,no_object
308848.webp,11,bat
308848.webp,12,no_object
308848.webp,13,no_object
308848.webp,14,no_object
308848.webp,15,no_object
308848.webp,16,no_object
308848.webp,17,no_object
308848.webp,18,no_object
308848.webp,19,bat
308848.webp,20,no_object
308848.webp,21,no_object
308848.webp,22,no_object
308848.webp,23,no_object
308848.webp,24,no_object
308848.webp,25,no_object
308848.webp,26,no_object
308848.webp,27,no_object
308848.webp,28,bat
308848.webp,29,no_object
308848.webp,30,no_object
308848.webp,31,stump
308848.webp,32,no_object
308848.webp,33,no_object
308848.webp,34,no_object
308848.webp,35,no_object
308848.webp,36,no_object
308848.webp,37,no_object
308848.webp,38,no_object
308848.webp,39,stump
308848.webp,40,no_object
308848.webp,41,no_object
308848.webp,42,no_object
308848.webp,43,no_object
308848.webp,44,no_object
308848.webp,45,no_object
308848.webp,46,no_object
308848.webp,47,stump
308848.webp,48,no_object
308848.webp,49,no_object
308848.webp,50,no_object
308848.webp,51,no_object
308848.webp,52,ball
308848.webp,53,no_object
308848.webp,54,no_object
308848.webp,55,no_object
308848.webp,56,no_object
308848.webp,57,no_object
308848.webp,58,no_object
308848.webp,59,no_object
308848.webp,60,ball
308848.webp,61,no_object
308848.webp,62,no_object
308848.webp,63,no_object
308848.webp,64,no_object
308860.webp,1,no_object
308860.webp,2,no_object
308860.webp,3,no_object
308860.webp,4,no_object
308860.webp,5,no_object
308860.webp,6,no_object
308860.webp,7,bat
308860.webp,8,no_object
308860.webp,9,no_object
308860.webp,10,no_object
308860.webp,11,no_object
308860.webp,12,no_object
308860.webp,13,no_object
308860.webp,14,bat
308860.webp,15,bat
308860.webp,16,no_object
308860.webp,17,no_object
308860.webp,18,no_object
308860.webp,19,no_object
308860.webp,20,no_object
308860.webp,21,no_object
308860.webp,22,bat
308860.webp,23,no_object
308860.webp,24,no_object
308860.webp,25,no_object
308860.webp,26,no_object
308860.webp,27,no_object
308860.webp,28,no_object
308860.webp,29,no_object
308860.webp,30,bat
308860.webp,31,no_object
308860.webp,32,no_object
308860.webp,33,stump
308860.webp,34,no_object
308860.webp,35,no_object
308860.webp,36,ball
308860.webp,37,no_object
308860.webp,38,no_object
308860.webp,39,no_object
308860.webp,40,no_object
308860.webp,41,stump
308860.webp,42,no_object
308860.webp,43,no_object
308860.webp,44,no_object
308860.webp,45,no_object
308860.webp,46,no_object
308860.webp,47,no_object
308860.webp,48,no_object
308860.webp,49,stump
308860.webp,50,no_object
308860.webp,51,no_object
308860.webp,52,no_object
308860.webp,53,no_object
308860.webp,54,no_object
308860.webp,55,no_object
308860.webp,56,no_object
308860.webp,57,stump
308860.webp,58,no_object
308860.webp,59,no_object
308860.webp,60,no_object
308860.webp,61,no_object
308860.webp,62,no_object
308860.webp,63,no_object
308860.webp,64,no_object
308867.webp,1,no_object
308867.webp,2,no_object
308867.webp,3,no_object
308867.webp,4,no_object
308867.webp,5,no_object
308867.webp,6,no_object
308867.webp,7,no_object
308867.webp,8,no_object
308867.webp,9,no_object
308867.webp,10,no_object
308867.webp,11,no_object
308867.webp,12,no_object
308867.webp,13,no_object
308867.webp,14,no_object
308867.webp,15,no_object
308867.webp,16,no_object
308867.webp,17,no_object
308867.webp,18,no_object
308867.webp,19,no_object
308867.webp,20,no_object
308867.webp,21,no_object
308867.webp,22,no_object
308867.webp,23,no_object
308867.webp,24,no_object
308867.webp,25,no_object
308867.webp,26,no_object
308867.webp,27,no_object
308867.webp,28,no_object
308867.webp,29,no_object
308867.webp,30,no_object
308867.webp,31,no_object
308867.webp,32,no_object
308867.webp,33,no_object
308867.webp,34,no_object
308867.webp,35,no_object
308867.webp,36,no_object
308867.webp,37,no_object
308867.webp,38,no_object
308867.webp,39,no_object
308867.webp,40,no_object
308867.webp,41,no_object
308867.webp,42,no_object
308867.webp,43,no_object
308867.webp,44,no_object
308867.webp,45,no_object
308867.webp,46,bat
308867.webp,47,bat
308867.webp,48,stump
308867.webp,49,no_object
308867.webp,50,no_object
308867.webp,51,no_object
308867.webp,52,no_object
308867.webp,53,no_object
308867.webp,54,no_object
308867.webp,55,bat
308867.webp,56,stump
308867.webp,57,no_object
308867.webp,58,ball
308867.webp,59,no_object
308867.webp,60,no_object
308867.webp,61,no_object
308867.webp,62,no_object
308867.webp,63,stump
308867.webp,64,stump
308869.webp,1,no_object
308869.webp,2,no_object
308869.webp,3,no_object
308869.webp,4,no_object
308869.webp,5,no_object
308869.webp,6,no_object
308869.webp,7,no_object
308869.webp,8,no_object
308869.webp,9,no_object
308869.webp,10,no_object
308869.webp,11,no_object
308869.webp,12,bat
308869.webp,13,bat
308869.webp,14,no_object
308869.webp,15,no_object
308869.webp,16,no_object
308869.webp,17,no_object
308869.webp,18,no_object
308869.webp,19,no_object
308869.webp,20,bat
308869.webp,21,bat
308869.webp,22,no_object
308869.webp,23,no_object
308869.webp,24,no_object
308869.webp,25,no_object
308869.webp,26,no_object
308869.webp,27,bat
308869.webp,28,stump
308869.webp,29,no_object
308869.webp,30,no_object
308869.webp,31,no_object
308869.webp,32,no_object
308869.webp,33,no_object
308869.webp,34,no_object
308869.webp,35,no_object
308869.webp,36,stump
308869.webp,37,stump
308869.webp,38,no_object
308869.webp,39,no_object
308869.webp,40,no_object
308869.webp,41,no_object
308869.webp,42,no_object
308869.webp,43,no_object
308869.webp,44,stump
308869.webp,45,stump
308869.webp,46,stump
308869.webp,47,ball
308869.webp,48,ball
308869.webp,49,no_object
308869.webp,50,no_object
308869.webp,51,no_object
308869.webp,52,stump
308869.webp,53,stump
308869.webp,54,stump
308869.webp,55,no_object
308869.webp,56,no_object
308869.webp,57,no_object
308869.webp,58,no_object
308869.webp,59,no_object
308869.webp,60,stump
308869.webp,61,stump
308869.webp,62,no_object
308869.webp,63,no_object
308869.webp,64,no_object
322319.webp,1,no_object
322319.webp,2,no_object
322319.webp,3,no_object
322319.webp,4,no_object
322319.webp,5,no_object
322319.webp,6,ball
322319.webp,7,no_object
322319.webp,8,no_object
322319.webp,9,no_object
322319.webp,10,no_object
322319.webp,11,no_object
322319.webp,12,no_object
322319.webp,13,no_object
322319.webp,14,ball
322319.webp,15,no_object
322319.webp,16,no_object
322319.webp,17,no_object
322319.webp,18,no_object
322319.webp,19,no_object
322319.webp,20,no_object
322319.webp,21,no_object
322319.webp,22,no_object
322319.webp,23,no_object
322319.webp,24,no_object
322319.webp,25,no_object
322319.webp,26,no_object
322319.webp,27,no_object
322319.webp,28,no_object
322319.webp,29,no_object
322319.webp,30,no_object
322319.webp,31,no_object
322319.webp,32,no_object
322319.webp,33,no_object
322319.webp,34,no_object
322319.webp,35,no_object
322319.webp,36,no_object
322319.webp,37,no_object
322319.webp,38,no_object
322319.webp,39,no_object
322319.webp,40,no_object
322319.webp,41,no_object
322319.webp,42,no_object
322319.webp,43,no_object
322319.webp,44,no_object
322319.webp,45,stump
322319.webp,46,no_object
322319.webp,47,no_object
322319.webp,48,no_object
322319.webp,49,no_object
322319.webp,50,no_object
322319.webp,51,no_object
322319.webp,52,no_object
322319.webp,53,stump
322319.webp,54,no_object
322319.webp,55,no_object
322319.webp,56,no_object
322319.webp,57,no_object
322319.webp,58,no_object
322319.webp,59,no_object
322319.webp,60,no_object
322319.webp,61,stump
322319.webp,62,no_object
322319.webp,63,no_object
322319.webp,64,no_object
322323.webp,1,no_object
322323.webp,2,no_object
322323.webp,3,no_object
322323.webp,4,no_object
322323.webp,5,no_object
322323.webp,6,no_object
322323.webp,7,no_object
322323.webp,8,no_object
322323.webp,9,no_object
322323.webp,10,ball
322323.webp,11,ball
322323.webp,12,no_object
322323.webp,13,no_object
322323.webp,14,no_object
322323.webp,15,no_object
322323.webp,16,no_object
322323.webp,17,no_object
322323.webp,18,no_object
322323.webp,19,no_object
322323.webp,20,no_object
322323.webp,21,no_object
322323.webp,22,no_object
322323.webp,23,no_object
322323.webp,24,no_object
322323.webp,25,no_object
322323.webp,26,no_object
322323.webp,27,no_object
322323.webp,28,no_object
322323.webp,29,no_object
322323.webp,30,no_object
322323.webp,31,no_object
322323.webp,32,no_object
322323.webp,33,no_object
322323.webp,34,no_object
322323.webp,35,no_object
322323.webp,36,no_object
322323.webp,37,no_object
322323.webp,38,no_object
322323.webp,39,no_object
322323.webp,40,no_object
322323.webp,41,no_object
322323.webp,42,no_object
322323.webp,43,no_object
322323.webp,44,no_object
322323.webp,45,no_object
322323.webp,46,no_object
322323.webp,47,no_object
322323.webp,48,no_object
322323.webp,49,no_object
322323.webp,50,no_object
322323.webp,51,no_object
322323.webp,52,no_object
322323.webp,53,no_object
322323.webp,54,no_object
322323.webp,55,no_object
322323.webp,56,no_object
322323.webp,57,no_object
322323.webp,58,no_object
322323.webp,59,no_object
322323.webp,60,no_object
322323.webp,61,no_object
322323.webp,62,no_object
322323.webp,63,no_object
322323.webp,64,no_object
322332.webp,1,no_object
322332.webp,2,no_object
322332.webp,3,no_object
322332.webp,4,no_object
322332.webp,5,no_object
322332.webp,6,no_object
322332.webp,7,no_object
322332.webp,8,no_object
322332.webp,9,no_object
322332.webp,10,no_object
322332.webp,11,no_object
322332.webp,12,no_object
322332.webp,13,no_object
322332.webp,14,no_object
322332.webp,15,no_object
322332.webp,16,no_object
322332.webp,17,no_object
322332.webp,18,no_object
322332.webp,19,no_object
322332.webp,20,no_object
322332.webp,21,no_object
322332.webp,22,no_object
322332.webp,23,ball
322332.webp,24,no_object
322332.webp,25,no_object
322332.webp,26,no_object
322332.webp,27,bat
322332.webp,28,bat
322332.webp,29,no_object
322332.webp,30,no_object
322332.webp,31,no_object
322332.webp,32,no_object
322332.webp,33,no_object
322332.webp,34,no_object
322332.webp,35,no_object
322332.webp,36,bat
322332.webp,37,bat
322332.webp,38,stump
322332.webp,39,stump
322332.webp,40,no_object
322332.webp,41,no_object
322332.webp,42,no_object
322332.webp,43,no_object
322332.webp,44,no_object
322332.webp,45,no_object
322332.webp,46,stump
322332.webp,47,stump
322332.webp,48,no_object
322332.webp,49,no_object
322332.webp,50,no_object
322332.webp,51,no_object
322332.webp,52,no_object
322332.webp,53,no_object
322332.webp,54,stump
322332.webp,55,stump
322332.webp,56,no_object
322332.webp,57,no_object
322332.webp,58,no_object
322332.webp,59,no_object
322332.webp,60,no_object
322332.webp,61,no_object
322332.webp,62,stump
322332.webp,63,stump
322332.webp,64,no_object
322347.webp,1,no_object
322347.webp,2,no_object
322347.webp,3,bat
322347.webp,4,no_object
322347.webp,5,no_object
322347.webp,6,no_object
322347.webp,7,no_object
322347.webp,8,no_object
322347.webp,9,no_object
322347.webp,10,no_object
322347.webp,11,bat
322347.webp,12,bat
322347.webp,13,no_object
322347.webp,14,no_object
322347.webp,15,no_object
322347.webp,16,no_object
322347.webp,17,no_object
322347.webp,18,no_object
322347.webp,19,bat
322347.webp,20,bat
322347.webp,21,no_object
322347.webp,22,no_object
322347.webp,23,no_object
322347.webp,24,no_object
322347.webp,25,no_object
322347.webp,26,no_object
322347.webp,27,bat
322347.webp,28,bat
322347.webp,29,no_object
322347.webp,30,no_object
322347.webp,31,no_object
322347.webp,32,no_object
322347.webp,33,no_object
322347.webp,34,no_object
322347.webp,35,no_object
322347.webp,36,bat
322347.webp,37,no_object
322347.webp,38,no_object
322347.webp,39,no_object
322347.webp,40,no_object
322347.webp,41,no_object
322347.webp,42,no_object
322347.webp,43,no_object
322347.webp,44,no_object
322347.webp,45,no_object
322347.webp,46,no_object
322347.webp,47,no_object
322347.webp,48,no_object
322347.webp,49,no_object
322347.webp,50,no_object
322347.webp,51,no_object
322347.webp,52,no_object
322347.webp,53,no_object
322347.webp,54,ball
322347.webp,55,no_object
322347.webp,56,no_object
322347.webp,57,no_object
322347.webp,58,no_object
322347.webp,59,no_object
322347.webp,60,no_object
322347.webp,61,no_object
322347.webp,62,no_object
322347.webp,63,no_object
322347.webp,64,no_object
322348.webp,1,no_object
322348.webp,2,no_object
322348.webp,3,no_object
322348.webp,4,no_object
322348.webp,5,no_object
322348.webp,6,no_object
322348.webp,7,no_object
322348.webp,8,no_object
322348.webp,9,no_object
322348.webp,10,no_object
322348.webp,11,no_object
322348.webp,12,no_object
322348.webp,13,no_object
322348.webp,14,no_object
322348.webp,15,no_object
322348.webp,16,no_object
322348.webp,17,no_object
322348.webp,18,no_object
322348.webp,19,no_object
322348.webp,20,no_object
322348.webp,21,no_object
322348.webp,22,no_object
322348.webp,23,no_object
322348.webp,24,no_object
322348.webp,25,no_object
322348.webp,26,no_object
322348.webp,27,no_object
322348.webp,28,no_object
322348.webp,29,no_object
322348.webp,30,no_object
322348.webp,31,no_object
322348.webp,32,no_object
322348.webp,33,bat
322348.webp,34,no_object
322348.webp,35,stump
322348.webp,36,no_object
322348.webp,37,no_object
322348.webp,38,no_object
322348.webp,39,no_object
322348.webp,40,no_object
322348.webp,41,bat
322348.webp,42,no_object
322348.webp,43,stump
322348.webp,44,no_object
322348.webp,45,no_object
322348.webp,46,no_object
322348.webp,47,no_object
322348.webp,48,no_object
322348.webp,49,bat
322348.webp,50,no_object
322348.webp,51,stump
322348.webp,52,no_object
322348.webp,53,no_object
322348.webp,54,no_object
322348.webp,55,no_object
322348.webp,56,no_object
322348.webp,57,no_object
322348.webp,58,no_object
322348.webp,59,stump
322348.webp,60,no_object
322348.webp,61,no_object
322348.webp,62,no_object
322348.webp,63,ball
322348.webp,64,no_object
322356.webp,1,no_object
322356.webp,2,no_object
322356.webp,3,bat
322356.webp,4,no_object
322356.webp,5,no_object
322356.webp,6,no_object
322356.webp,7,no_object
322356.webp,8,no_object
322356.webp,9,no_object
322356.webp,10,no_object
322356.webp,11,bat
322356.webp,12,no_object
322356.webp,13,no_object
322356.webp,14,no_object
322356.webp,15,no_object
322356.webp,16,no_object
322356.webp,17,no_object
322356.webp,18,no_object
322356.webp,19,bat
322356.webp,20,no_object
322356.webp,21,no_object
322356.webp,22,no_object
322356.webp,23,no_object
322356.webp,24,no_object
322356.webp,25,no_object
322356.webp,26,no_object
322356.webp,27,no_object
322356.webp,28,no_object
322356.webp,29,no_object
322356.webp,30,no_object
322356.webp,31,ball
322356.webp,32,no_object
322356.webp,33,no_object
322356.webp,34,no_object
322356.webp,35,no_object
322356.webp,36,no_object
322356.webp,37,stump
322356.webp,38,stump
322356.webp,39,ball
322356.webp,40,no_object
322356.webp,41,no_object
322356.webp,42,no_object
322356.webp,43,no_object
322356.webp,44,no_object
322356.webp,45,stump
322356.webp,46,stump
322356.webp,47,no_object
322356.webp,48,no_object
322356.webp,49,no_object
322356.webp,50,no_object
322356.webp,51,no_object
322356.webp,52,no_object
322356.webp,53,stump
322356.webp,54,stump
322356.webp,55,no_object
322356.webp,56,no_object
322356.webp,57,no_object
322356.webp,58,no_object
322356.webp,59,no_object
322356.webp,60,no_object
322356.webp,61,stump
322356.webp,62,stump
322356.webp,63,no_object
322356.webp,64,no_object
322358.webp,1,no_object
322358.webp,2,no_object
322358.webp,3,no_object
322358.webp,4,no_object
322358.webp,5,no_object
322358.webp,6,no_object
322358.webp,7,ball
322358.webp,8,no_object
322358.webp,9,no_object
322358.webp,10,no_object
322358.webp,11,no_object
322358.webp,12,no_object
322358.webp,13,no_object
322358.webp,14,ball
322358.webp,15,ball
322358.webp,16,no_object
322358.webp,17,no_object
322358.webp,18,no_object
322358.webp,19,ball
322358.webp,20,no_object
322358.webp,21,no_object
322358.webp,22,ball
322358.webp,23,no_object
322358.webp,24,no_object
322358.webp,25,no_object
322358.webp,26,no_object
322358.webp,27,no_object
322358.webp,28,no_object
322358.webp,29,no_object
322358.webp,30,no_object
322358.webp,31,no_object
322358.webp,32,no_object
322358.webp,33,stump
322358.webp,34,no_object
322358.webp,35,no_object
322358.webp,36,no_object
322358.webp,37,no_object
322358.webp,38,no_object
322358.webp,39,no_object
322358.webp,40,no_object
322358.webp,41,stump
322358.webp,42,no_object
322358.webp,43,no_object
322358.webp,44,no_object
322358.webp,45,no_object
322358.webp,46,no_object
322358.webp,47,no_object
322358.webp,48,no_object
322358.webp,49,stump
322358.webp,50,no_object
322358.webp,51,no_object
322358.webp,52,no_object
322358.webp,53,no_object
322358.webp,54,no_object
322358.webp,55,no_object
322358.webp,56,no_object
322358.webp,57,stump
322358.webp,58,no_object
322358.webp,59,no_object
322358.webp,60,no_object
322358.webp,61,no_object
322358.webp,62,no_object
322358.webp,63,no_object
322358.webp,64,no_object
325833.webp,1,no_object
325833.webp,2,no_object
325833.webp,3,no_object
325833.webp,4,no_object
325833.webp,5,no_object
325833.webp,6,no_object
325833.webp,7,no_object
325833.webp,8,no_object
325833.webp,9,no_object
325833.webp,10,no_object
325833.webp,11,no_object
325833.webp,12,no_object
325833.webp,13,no_object
325833.webp,14,no_object
325833.webp,15,no_object
325833.webp,16,no_object
325833.webp,17,no_object
325833.webp,18,no_object
325833.webp,19,no_object
325833.webp,20,no_object
325833.webp,21,no_object
325833.webp,22,no_object
325833.webp,23,no_object
325833.webp,24,no_object
325833.webp,25,no_object
325833.webp,26,no_object
325833.webp,27,no_object
325833.webp,28,no_object
325833.webp,29,bat
325833.webp,30,ball
325833.webp,31,no_object
325833.webp,32,no_object
325833.webp,33,no_object
325833.webp,34,no_object
325833.webp,35,no_object
325833.webp,36,no_object
325833.webp,37,bat
325833.webp,38,ball
325833.webp,39,stump
325833.webp,40,stump
325833.webp,41,no_object
325833.webp,42,no_object
325833.webp,43,no_object
325833.webp,44,no_object
325833.webp,45,bat
325833.webp,46,no_object
325833.webp,47,stump
325833.webp,48,stump
325833.webp,49,no_object
325833.webp,50,no_object
325833.webp,51,no_object
325833.webp,52,no_object
325833.webp,53,no_object
325833.webp,54,no_object
325833.webp,55,stump
325833.webp,56,stump
325833.webp,57,no_object
325833.webp,58,no_object
325833.webp,59,no_object
325833.webp,60,no_object
325833.webp,61,no_object
325833.webp,62,no_object
325833.webp,63,stump
325833.webp,64,stump
354400.webp,1,no_object
354400.webp,2,no_object
354400.webp,3,no_object
354400.webp,4,no_object
354400.webp,5,no_object
354400.webp,6,no_object
354400.webp,7,no_object
354400.webp,8,no_object
354400.webp,9,no_object
354400.webp,10,no_object
354400.webp,11,no_object
354400.webp,12,no_object
354400.webp,13,no_object
354400.webp,14,no_object
354400.webp,15,no_object
354400.webp,16,no_object
354400.webp,17,no_object
354400.webp,18,no_object
354400.webp,19,no_object
354400.webp,20,no_object
354400.webp,21,no_object
354400.webp,22,no_object
354400.webp,23,bat
354400.webp,24,no_object
354400.webp,25,no_object
354400.webp,26,no_object
354400.webp,27,no_object
354400.webp,28,no_object
354400.webp,29,no_object
354400.webp,30,bat
354400.webp,31,bat
354400.webp,32,no_object
354400.webp,33,no_object
354400.webp,34,no_object
354400.webp,35,no_object
354400.webp,36,no_object
354400.webp,37,no_object
354400.webp,38,bat
354400.webp,39,bat
354400.webp,40,no_object
354400.webp,41,no_object
354400.webp,42,no_object
354400.webp,43,no_object
354400.webp,44,ball
354400.webp,45,ball
354400.webp,46,bat
354400.webp,47,no_object
354400.webp,48,no_object
354400.webp,49,no_object
354400.webp,50,no_object
354400.webp,51,no_object
354400.webp,52,ball
354400.webp,53,ball
354400.webp,54,bat
354400.webp,55,no_object
354400.webp,56,no_object
354400.webp,57,no_object
354400.webp,58,no_object
354400.webp,59,no_object
354400.webp,60,no_object
354400.webp,61,no_object
354400.webp,62,no_object
354400.webp,63,no_object
354400.webp,64,no_object
354403.webp,1,no_object
354403.webp,2,no_object
354403.webp,3,no_object
354403.webp,4,no_object
354403.webp,5,no_object
354403.webp,6,no_object
354403.webp,7,no_object
354403.webp,8,no_object
354403.webp,9,no_object
354403.webp,10,bat
354403.webp,11,no_object
354403.webp,12,no_object
354403.webp,13,no_object
354403.webp,14,no_object
354403.webp,15,no_object
354403.webp,16,no_object
354403.webp,17,no_object
354403.webp,18,bat
354403.webp,19,bat
354403.webp,20,no_object
354403.webp,21,no_object
354403.webp,22,no_object
354403.webp,23,no_object
354403.webp,24,no_object
354403.webp,25,no_object
354403.webp,26,no_object
354403.webp,27,bat
354403.webp,28,bat
354403.webp,29,stump
354403.webp,30,stump
354403.webp,31,ball
354403.webp,32,no_object
354403.webp,33,no_object
354403.webp,34,no_object
354403.webp,35,no_object
354403.webp,36,no_object
354403.webp,37,stump
354403.webp,38,stump
354403.webp,39,ball
354403.webp,40,no_object
354403.webp,41,no_object
354403.webp,42,no_object
354403.webp,43,no_object
354403.webp,44,no_object
354403.webp,45,stump
354403.webp,46,stump
354403.webp,47,no_object
354403.webp,48,no_object
354403.webp,49,no_object
354403.webp,50,no_object
354403.webp,51,no_object
354403.webp,52,no_object
354403.webp,53,stump
354403.webp,54,stump
354403.webp,55,no_object
354403.webp,56,no_object
354403.webp,57,no_object
354403.webp,58,no_object
354403.webp,59,no_object
354403.webp,60,no_object
354403.webp,61,stump
354403.webp,62,stump
354403.webp,63,no_object
354403.webp,64,no_object
355219.webp,1,no_object
355219.webp,2,no_object
355219.webp,3,no_object
355219.webp,4,no_object
355219.webp,5,no_object
355219.webp,6,no_object
355219.webp,7,no_object
355219.webp,8,no_object
355219.webp,9,no_object
355219.webp,10,no_object
355219.webp,11,no_object
355219.webp,12,no_object
355219.webp,13,no_object
355219.webp,14,no_object
355219.webp,15,no_object
355219.webp,16,no_object
355219.webp,17,no_object
355219.webp,18,no_object
355219.webp,19,no_object
355219.webp,20,no_object
355219.webp,21,no_object
355219.webp,22,no_object
355219.webp,23,no_object
355219.webp,24,no_object
355219.webp,25,no_object
355219.webp,26,no_object
355219.webp,27,no_object
355219.webp,28,no_object
355219.webp,29,no_object
355219.webp,30,no_object
355219.webp,31,no_object
355219.webp,32,no_object
355219.webp,33,no_object
355219.webp,34,no_object
355219.webp,35,no_object
355219.webp,36,no_object
355219.webp,37,no_object
355219.webp,38,no_object
355219.webp,39,no_object
355219.webp,40,no_object
355219.webp,41,no_object
355219.webp,42,no_object
355219.webp,43,bat
355219.webp,44,bat
355219.webp,45,bat
355219.webp,46,ball
355219.webp,47,ball
355219.webp,48,no_object
355219.webp,49,no_object
355219.webp,50,no_object
355219.webp,51,bat
355219.webp,52,bat
355219.webp,53,no_object
355219.webp,54,no_object
355219.webp,55,no_object
355219.webp,56,no_object
355219.webp,57,no_object
355219.webp,58,no_object
355219.webp,59,no_object
355219.webp,60,no_object
355219.webp,61,no_object
355219.webp,62,no_object
355219.webp,63,no_object
355219.webp,64,no_object
372644.webp,1,no_object
372644.webp,2,no_object
372644.webp,3,no_object
372644.webp,4,ball
372644.webp,5,no_object
372644.webp,6,no_object
372644.webp,7,no_object
372644.webp,8,no_object
372644.webp,9,no_object
372644.webp,10,no_object
372644.webp,11,no_object
372644.webp,12,ball
372644.webp,13,no_object
372644.webp,14,no_object
372644.webp,15,no_object
372644.webp,16,no_object
372644.webp,17,no_object
372644.webp,18,no_object
372644.webp,19,no_object
372644.webp,20,no_object
372644.webp,21,no_object
372644.webp,22,no_object
372644.webp,23,no_object
372644.webp,24,no_object
372644.webp,25,no_object
372644.webp,26,no_object
372644.webp,27,no_object
372644.webp,28,no_object
372644.webp,29,no_object
372644.webp,30,no_object
372644.webp,31,no_object
372644.webp,32,no_object
372644.webp,33,no_object
372644.webp,34,no_object
372644.webp,35,no_object
372644.webp,36,no_object
372644.webp,37,no_object
372644.webp,38,no_object
372644.webp,39,no_object
372644.webp,40,no_object
372644.webp,41,no_object
372644.webp,42,no_object
372644.webp,43,no_object
372644.webp,44,no_object
372644.webp,45,no_object
372644.webp,46,no_object
372644.webp,47,no_object
372644.webp,48,no_object
372644.webp,49,no_object
372644.webp,50,no_object
372644.webp,51,no_object
372644.webp,52,no_object
372644.webp,53,no_object
372644.webp,54,no_object
372644.webp,55,no_object
372644.webp,56,no_object
372644.webp,57,no_object
372644.webp,58,no_object
372644.webp,59,no_object
372644.webp,60,no_object
372644.webp,61,no_object
372644.webp,62,no_object
372644.webp,63,no_object
372644.webp,64,no_object
375885.webp,1,no_object
375885.webp,2,no_object
375885.webp,3,no_object
375885.webp,4,no_object
375885.webp,5,no_object
375885.webp,6,no_object
375885.webp,7,no_object
375885.webp,8,no_object
375885.webp,9,no_object
375885.webp,10,no_object
375885.webp,11,no_object
375885.webp,12,no_object
375885.webp,13,no_object
375885.webp,14,no_object
375885.webp,15,no_object
375885.webp,16,no_object
375885.webp,17,no_object
375885.webp,18,no_object
375885.webp,19,no_object
375885.webp,20,no_object
375885.webp,21,no_object
375885.webp,22,no_object
375885.webp,23,no_object
375885.webp,24,no_object
375885.webp,25,no_object
375885.webp,26,no_object
375885.webp,27,no_object
375885.webp,28,no_object
375885.webp,29,no_object
375885.webp,30,no_object
375885.webp,31,no_object
375885.webp,32,no_object
375885.webp,33,no_object
375885.webp,34,no_object
375885.webp,35,no_object
375885.webp,36,no_object
375885.webp,37,no_object
375885.webp,38,no_object
375885.webp,39,no_object
375885.webp,40,no_object
375885.webp,41,no_object
375885.webp,42,no_object
375885.webp,43,no_object
375885.webp,44,no_object
375885.webp,45,no_object
375885.webp,46,no_object
375885.webp,47,no_object
375885.webp,48,no_object
375885.webp,49,no_object
375885.webp,50,no_object
375885.webp,51,no_object
375885.webp,52,no_object
375885.webp,53,no_object
375885.webp,54,no_object
375885.webp,55,no_object
375885.webp,56,no_object
375885.webp,57,no_object
375885.webp,58,no_object
375885.webp,59,no_object
375885.webp,60,no_object
375885.webp,61,no_object
375885.webp,62,no_object
375885.webp,63,ball
375885.webp,64,ball
377155.webp,1,no_object
377155.webp,2,no_object
377155.webp,3,no_object
377155.webp,4,no_object
377155.webp,5,no_object
377155.webp,6,bat
377155.webp,7,no_object
377155.webp,8,no_object
377155.webp,9,no_object
377155.webp,10,no_object
377155.webp,11,no_object
377155.webp,12,no_object
377155.webp,13,no_object
377155.webp,14,bat
377155.webp,15,no_object
377155.webp,16,no_object
377155.webp,17,no_object
377155.webp,18,no_object
377155.webp,19,no_object
377155.webp,20,no_object
377155.webp,21,bat
377155.webp,22,bat
377155.webp,23,no_object
377155.webp,24,no_object
377155.webp,25,no_object
377155.webp,26,no_object
377155.webp,27,no_object
377155.webp,28,no_object
377155.webp,29,no_object
377155.webp,30,no_object
377155.webp,31,no_object
377155.webp,32,no_object
377155.webp,33,no_object
377155.webp,34,no_object
377155.webp,35,no_object
377155.webp,36,no_object
377155.webp,37,no_object
377155.webp,38,no_object
377155.webp,39,no_object
377155.webp,40,no_object
377155.webp,41,no_object
377155.webp,42,no_object
377155.webp,43,no_object
377155.webp,44,no_object
377155.webp,45,stump
377155.webp,46,no_object
377155.webp,47,ball
377155.webp,48,no_object
377155.webp,49,no_object
377155.webp,50,no_object
377155.webp,51,no_object
377155.webp,52,no_object
377155.webp,53,stump
377155.webp,54,no_object
377155.webp,55,no_object
377155.webp,56,no_object
377155.webp,57,no_object
377155.webp,58,no_object
377155.webp,59,no_object
377155.webp,60,no_object
377155.webp,61,stump
377155.webp,62,no_object
377155.webp,63,no_object
377155.webp,64,no_object
377187.webp,1,no_object
377187.webp,2,no_object
377187.webp,3,no_object
377187.webp,4,no_object
377187.webp,5,no_object
377187.webp,6,no_object
377187.webp,7,no_object
377187.webp,8,no_object
377187.webp,9,no_object
377187.webp,10,no_object
377187.webp,11,no_object
377187.webp,12,no_object
377187.webp,13,bat
377187.webp,14,bat
377187.webp,15,no_object
377187.webp,16,no_object
377187.webp,17,no_object
377187.webp,18,no_object
377187.webp,19,no_object
377187.webp,20,no_object
377187.webp,21,bat
377187.webp,22,bat
377187.webp,23,no_object
377187.webp,24,no_object
377187.webp,25,no_object
377187.webp,26,ball
377187.webp,27,no_object
377187.webp,28,no_object
377187.webp,29,stump
377187.webp,30,stump
377187.webp,31,no_object
377187.webp,32,no_object
377187.webp,33,no_object
377187.webp,34,no_object
377187.webp,35,no_object
377187.webp,36,no_object
377187.webp,37,stump
377187.webp,38,stump
377187.webp,39,no_object
377187.webp,40,no_object
377187.webp,41,no_object
377187.webp,42,no_object
377187.webp,43,no_object
377187.webp,44,no_object
377187.webp,45,stump
377187.webp,46,stump
377187.webp,47,no_object
377187.webp,48,no_object
377187.webp,49,no_object
377187.webp,50,no_object
377187.webp,51,no_object
377187.webp,52,no_object
377187.webp,53,stump
377187.webp,54,stump
377187.webp,55,no_object
377187.webp,56,no_object
377187.webp,57,no_object
377187.webp,58,no_object
377187.webp,59,no_object
377187.webp,60,no_object
377187.webp,61,stump
377187.webp,62,stump
377187.webp,63,no_object
377187.webp,64,no_object
377189.webp,1,no_object
377189.webp,2,no_object
377189.webp,3,no_object
377189.webp,4,no_object
377189.webp,5,no_object
377189.webp,6,no_object
377189.webp,7,no_object
377189.webp,8,no_object
377189.webp,9,no_object
377189.webp,10,ball
377189.webp,11,no_object
377189.webp,12,no_object
377189.webp,13,no_object
377189.webp,14,no_object
377189.webp,15,no_object
377189.webp,16,no_object
377189.webp,17,no_object
377189.webp,18,ball
377189.webp,19,no_object
377189.webp,20,no_object
377189.webp,21,no_object
377189.webp,22,no_object
377189.webp,23,no_object
377189.webp,24,no_object
377189.webp,25,no_object
377189.webp,26,no_object
377189.webp,27,no_object
377189.webp,28,no_object
377189.webp,29,no_object
377189.webp,30,no_object
377189.webp,31,no_object
377189.webp,32,no_object
377189.webp,33,no_object
377189.webp,34,no_object
377189.webp,35,no_object
377189.webp,36,no_object
377189.webp,37,no_object
377189.webp,38,no_object
377189.webp,39,no_object
377189.webp,40,no_object
377189.webp,41,no_object
377189.webp,42,no_object
377189.webp,43,no_object
377189.webp,44,no_object
377189.webp,45,no_object
377189.webp,46,no_object
377189.webp,47,no_object
377189.webp,48,no_object
377189.webp,49,no_object
377189.webp,50,no_object
377189.webp,51,no_object
377189.webp,52,no_object
377189.webp,53,no_object
377189.webp,54,no_object
377189.webp,55,no_object
377189.webp,56,no_object
377189.webp,57,no_object
377189.webp,58,no_object
377189.webp,59,no_object
377189.webp,60,no_object
377189.webp,61,no_object
377189.webp,62,no_object
377189.webp,63,no_object
377189.webp,64,no_object
393619.webp,1,no_object
393619.webp,2,no_object
393619.webp,3,no_object
393619.webp,4,no_object
393619.webp,5,ball
393619.webp,6,no_object
393619.webp,7,no_object
393619.webp,8,no_object
393619.webp,9,no_object
393619.webp,10,no_object
393619.webp,11,no_object
393619.webp,12,no_object
393619.webp,13,no_object
393619.webp,14,no_object
393619.webp,15,no_object
393619.webp,16,no_object
393619.webp,17,no_object
393619.webp,18,no_object
393619.webp,19,no_object
393619.webp,20,no_object
393619.webp,21,no_object
393619.webp,22,no_object
393619.webp,23,no_object
393619.webp,24,no_object
393619.webp,25,no_object
393619.webp,26,no_object
393619.webp,27,no_object
393619.webp,28,no_object
393619.webp,29,no_object
393619.webp,30,no_object
393619.webp,31,stump
393619.webp,32,no_object
393619.webp,33,no_object
393619.webp,34,bat
393619.webp,35,bat
393619.webp,36,no_object
393619.webp,37,no_object
393619.webp,38,no_object
393619.webp,39,stump
393619.webp,40,no_object
393619.webp,41,no_object
393619.webp,42,stump
393619.webp,43,stump
393619.webp,44,no_object
393619.webp,45,no_object
393619.webp,46,no_object
393619.webp,47,no_object
393619.webp,48,no_object
393619.webp,49,no_object
393619.webp,50,no_object
393619.webp,51,stump
393619.webp,52,no_object
393619.webp,53,no_object
393619.webp,54,no_object
393619.webp,55,no_object
393619.webp,56,no_object
393619.webp,57,no_object
393619.webp,58,no_object
393619.webp,59,no_object
393619.webp,60,no_object
393619.webp,61,no_object
393619.webp,62,no_object
393619.webp,63,no_object
393619.webp,64,no_object
396917.webp,1,no_object
396917.webp,2,no_object
396917.webp,3,no_object
396917.webp,4,no_object
396917.webp,5,no_object
396917.webp,6,no_object
396917.webp,7,no_object
396917.webp,8,no_object
396917.webp,9,no_object
396917.webp,10,no_object
396917.webp,11,no_object
396917.webp,12,no_object
396917.webp,13,no_object
396917.webp,14,no_object
396917.webp,15,no_object
396917.webp,16,no_object
396917.webp,17,no_object
396917.webp,18,no_object
396917.webp,19,no_object
396917.webp,20,no_object
396917.webp,21,no_object
396917.webp,22,no_object
396917.webp,23,no_object
396917.webp,24,no_object
396917.webp,25,no_object
396917.webp,26,no_object
396917.webp,27,no_object
396917.webp,28,no_object
396917.webp,29,no_object
396917.webp,30,no_object
396917.webp,31,no_object
396917.webp,32,stump
396917.webp,33,no_object
396917.webp,34,ball
396917.webp,35,no_object
396917.webp,36,no_object
396917.webp,37,no_object
396917.webp,38,no_object
396917.webp,39,no_object
396917.webp,40,stump
396917.webp,41,no_object
396917.webp,42,no_object
396917.webp,43,no_object
396917.webp,44,no_object
396917.webp,45,bat
396917.webp,46,bat
396917.webp,47,bat
396917.webp,48,stump
396917.webp,49,no_object
396917.webp,50,no_object
396917.webp,51,no_object
396917.webp,52,no_object
396917.webp,53,no_object
396917.webp,54,no_object
396917.webp,55,no_object
396917.webp,56,no_object
396917.webp,57,no_object
396917.webp,58,no_object
396917.webp,59,no_object
396917.webp,60,no_object
396917.webp,61,no_object
396917.webp,62,no_object
396917.webp,63,no_object
396917.webp,64,no_object
397027.webp,1,no_object
397027.webp,2,no_object
397027.webp,3,no_object
397027.webp,4,no_object
397027.webp,5,no_object
397027.webp,6,no_object
397027.webp,7,no_object
397027.webp,8,no_object
397027.webp,9,no_object
397027.webp,10,no_object
397027.webp,11,no_object
397027.webp,12,no_object
397027.webp,13,no_object
397027.webp,14,no_object
397027.webp,15,no_object
397027.webp,16,no_object
397027.webp,17,no_object
397027.webp,18,no_object
397027.webp,19,no_object
397027.webp,20,no_object
397027.webp,21,no_object
397027.webp,22,no_object
397027.webp,23,ball
397027.webp,24,no_object
397027.webp,25,no_object
397027.webp,26,no_object
397027.webp,27,no_object
397027.webp,28,no_object
397027.webp,29,no_object
397027.webp,30,no_object
397027.webp,31,ball
397027.webp,32,no_object
397027.webp,33,no_object
397027.webp,34,no_object
397027.webp,35,no_object
397027.webp,36,no_object
397027.webp,37,no_object
397027.webp,38,no_object
397027.webp,39,no_object
397027.webp,40,no_object
397027.webp,41,no_object
397027.webp,42,no_object
397027.webp,43,no_object
397027.webp,44,no_object
397027.webp,45,no_object
397027.webp,46,no_object
397027.webp,47,no_object
397027.webp,48,no_object
397027.webp,49,no_object
397027.webp,50,no_object
397027.webp,51,no_object
397027.webp,52,no_object
397027.webp,53,no_object
397027.webp,54,no_object
397027.webp,55,no_object
397027.webp,56,no_object
397027.webp,57,no_object
397027.webp,58,no_object
397027.webp,59,no_object
397027.webp,60,no_object
397027.webp,61,no_object
397027.webp,62,no_object
397027.webp,63,no_object
397027.webp,64,no_object
397128.webp,1,no_object
397128.webp,2,no_object
397128.webp,3,no_object
397128.webp,4,no_object
397128.webp,5,no_object
397128.webp,6,no_object
397128.webp,7,no_object
397128.webp,8,no_object
397128.webp,9,no_object
397128.webp,10,no_object
397128.webp,11,no_object
397128.webp,12,no_object
397128.webp,13,no_object
397128.webp,14,no_object
397128.webp,15,no_object
397128.webp,16,no_object
397128.webp,17,no_object
397128.webp,18,no_object
397128.webp,19,no_object
397128.webp,20,no_object
397128.webp,21,no_object
397128.webp,22,no_object
397128.webp,23,no_object
397128.webp,24,no_object
397128.webp,25,no_object
397128.webp,26,no_object
397128.webp,27,no_object
397128.webp,28,no_object
397128.webp,29,no_object
397128.webp,30,no_object
397128.webp,31,no_object
397128.webp,32,no_object
397128.webp,33,no_object
397128.webp,34,no_object
397128.webp,35,no_object
397128.webp,36,no_object
397128.webp,37,no_object
397128.webp,38,no_object
397128.webp,39,no_object
397128.webp,40,no_object
397128.webp,41,no_object
397128.webp,42,no_object
397128.webp,43,no_object
397128.webp,44,no_object
397128.webp,45,no_object
397128.webp,46,no_object
397128.webp,47,no_object
397128.webp,48,no_object
397128.webp,49,no_object
397128.webp,50,no_object
397128.webp,51,no_object
397128.webp,52,no_object
397128.webp,53,no_object
397128.webp,54,ball
397128.webp,55,no_object
397128.webp,56,no_object
397128.webp,57,no_object
397128.webp,58,no_object
397128.webp,59,no_object
397128.webp,60,no_object
397128.webp,61,no_object
397128.webp,62,no_object
397128.webp,63,no_object
397128.webp,64,no_object
397677.webp,1,no_object
397677.webp,2,no_object
397677.webp,3,no_object
397677.webp,4,no_object
397677.webp,5,no_object
397677.webp,6,no_object
397677.webp,7,no_object
397677.webp,8,no_object
397677.webp,9,no_object
397677.webp,10,no_object
397677.webp,11,no_object
397677.webp,12,no_object
397677.webp,13,no_object
397677.webp,14,bat
397677.webp,15,bat
397677.webp,16,no_object
397677.webp,17,no_object
397677.webp,18,no_object
397677.webp,19,no_object
397677.webp,20,no_object
397677.webp,21,no_object
397677.webp,22,no_object
397677.webp,23,bat
397677.webp,24,no_object
397677.webp,25,no_object
397677.webp,26,no_object
397677.webp,27,no_object
397677.webp,28,no_object
397677.webp,29,no_object
397677.webp,30,no_object
397677.webp,31,no_object
397677.webp,32,no_object
397677.webp,33,no_object
397677.webp,34,no_object
397677.webp,35,no_object
397677.webp,36,no_object
397677.webp,37,no_object
397677.webp,38,no_object
397677.webp,39,no_object
397677.webp,40,no_object
397677.webp,41,stump
397677.webp,42,stump
397677.webp,43,no_object
397677.webp,44,no_object
397677.webp,45,no_object
397677.webp,46,no_object
397677.webp,47,no_object
397677.webp,48,no_object
397677.webp,49,stump
397677.webp,50,no_object
397677.webp,51,ball
397677.webp,52,no_object
397677.webp,53,no_object
397677.webp,54,no_object
397677.webp,55,no_object
397677.webp,56,no_object
397677.webp,57,stump
397677.webp,58,no_object
397677.webp,59,no_object
397677.webp,60,no_object
397677.webp,61,no_object
397677.webp,62,no_object
397677.webp,63,no_object
397677.webp,64,no_object
397873.webp,1,no_object
397873.webp,2,no_object
397873.webp,3,no_object
397873.webp,4,no_object
397873.webp,5,no_object
397873.webp,6,no_object
397873.webp,7,no_object
397873.webp,8,no_object
397873.webp,9,no_object
397873.webp,10,no_object
397873.webp,11,no_object
397873.webp,12,no_object
397873.webp,13,no_object
397873.webp,14,no_object
397873.webp,15,no_object
397873.webp,16,no_object
397873.webp,17,no_object
397873.webp,18,no_object
397873.webp,19,no_object
397873.webp,20,no_object
397873.webp,21,no_object
397873.webp,22,no_object
397873.webp,23,no_object
397873.webp,24,no_object
397873.webp,25,no_object
397873.webp,26,no_object
397873.webp,27,no_object
397873.webp,28,no_object
397873.webp,29,no_object
397873.webp,30,no_object
397873.webp,31,no_object
397873.webp,32,no_object
397873.webp,33,no_object
397873.webp,34,no_object
397873.webp,35,no_object
397873.webp,36,no_object
397873.webp,37,no_object
397873.webp,38,ball
397873.webp,39,no_object
397873.webp,40,no_object
397873.webp,41,no_object
397873.webp,42,no_object
397873.webp,43,no_object
397873.webp,44,no_object
397873.webp,45,no_object
397873.webp,46,no_object
397873.webp,47,no_object
397873.webp,48,no_object
397873.webp,49,no_object
397873.webp,50,no_object
397873.webp,51,no_object
397873.webp,52,no_object
397873.webp,53,no_object
397873.webp,54,no_object
397873.webp,55,no_object
397873.webp,56,no_object
397873.webp,57,no_object
397873.webp,58,no_object
397873.webp,59,no_object
397873.webp,60,no_object
397873.webp,61,no_object
397873.webp,62,no_object
397873.webp,63,no_object
397873.webp,64,no_object
409931.webp,1,no_object
409931.webp,2,no_object
409931.webp,3,no_object
409931.webp,4,ball
409931.webp,5,no_object
409931.webp,6,no_object
409931.webp,7,no_object
409931.webp,8,no_object
409931.webp,9,no_object
409931.webp,10,no_object
409931.webp,11,no_object
409931.webp,12,ball
409931.webp,13,no_object
409931.webp,14,no_object
409931.webp,15,no_object
409931.webp,16,no_object
409931.webp,17,no_object
409931.webp,18,no_object
409931.webp,19,no_object
409931.webp,20,no_object
409931.webp,21,no_object
409931.webp,22,no_object
409931.webp,23,no_object
409931.webp,24,bat
409931.webp,25,no_object
409931.webp,26,no_object
409931.webp,27,no_object
409931.webp,28,no_object
409931.webp,29,no_object
409931.webp,30,no_object
409931.webp,31,bat
409931.webp,32,bat
409931.webp,33,no_object
409931.webp,34,no_object
409931.webp,35,no_object
409931.webp,36,no_object
409931.webp,37,no_object
409931.webp,38,bat
409931.webp,39,bat
409931.webp,40,no_object
409931.webp,41,no_object
409931.webp,42,no_object
409931.webp,43,no_object
409931.webp,44,no_object
409931.webp,45,bat
409931.webp,46,bat
409931.webp,47,no_object
409931.webp,48,no_object
409931.webp,49,no_object
409931.webp,50,no_object
409931.webp,51,no_object
409931.webp,52,bat
409931.webp,53,no_object
409931.webp,54,no_object
409931.webp,55,no_object
409931.webp,56,no_object
409931.webp,57,no_object
409931.webp,58,no_object
409931.webp,59,no_object
409931.webp,60,no_object
409931.webp,61,no_object
409931.webp,62,no_object
409931.webp,63,no_object
409931.webp,64,no_object
409873.webp,1,no_object
409873.webp,2,no_object
409873.webp,3,no_object
409873.webp,4,no_object
409873.webp,5,no_object
409873.webp,6,no_object
409873.webp,7,no_object
409873.webp,8,no_object
409873.webp,9,no_object
409873.webp,10,no_object
409873.webp,11,no_object
409873.webp,12,no_object
409873.webp,13,no_object
409873.webp,14,no_object
409873.webp,15,no_object
409873.webp,16,no_object
409873.webp,17,no_object
409873.webp,18,no_object
409873.webp,19,no_object
409873.webp,20,no_object
409873.webp,21,no_object
409873.webp,22,no_object
409873.webp,23,no_object
409873.webp,24,no_object
409873.webp,25,no_object
409873.webp,26,no_object
409873.webp,27,no_object
409873.webp,28,no_object
409873.webp,29,no_object
409873.webp,30,no_object
409873.webp,31,no_object
409873.webp,32,no_object
409873.webp,33,bat
409873.webp,34,no_object
409873.webp,35,no_object
409873.webp,36,no_object
409873.webp,37,no_object
409873.webp,38,no_object
409873.webp,39,no_object
409873.webp,40,bat
409873.webp,41,bat
409873.webp,42,no_object
409873.webp,43,no_object
409873.webp,44,no_object
409873.webp,45,no_object
409873.webp,46,no_object
409873.webp,47,bat
409873.webp,48,bat
409873.webp,49,bat
409873.webp,50,no_object
409873.webp,51,no_object
409873.webp,52,no_object
409873.webp,53,no_object
409873.webp,54,bat
409873.webp,55,bat
409873.webp,56,no_object
409873.webp,57,no_object
409873.webp,58,no_object
409873.webp,59,no_object
409873.webp,60,no_object
409873.webp,61,bat
409873.webp,62,no_object
409873.webp,63,no_object
409873.webp,64,no_object
409071.webp,1,no_object
409071.webp,2,no_object
409071.webp,3,no_object
409071.webp,4,no_object
409071.webp,5,no_object
409071.webp,6,no_object
409071.webp,7,bat
409071.webp,8,no_object
409071.webp,9,no_object
409071.webp,10,no_object
409071.webp,11,no_object
409071.webp,12,no_object
409071.webp,13,no_object
409071.webp,14,no_object
409071.webp,15,bat
409071.webp,16,no_object
409071.webp,17,no_object
409071.webp,18,no_object
409071.webp,19,no_object
409071.webp,20,no_object
409071.webp,21,no_object
409071.webp,22,no_object
409071.webp,23,bat
409071.webp,24,no_object
409071.webp,25,no_object
409071.webp,26,no_object
409071.webp,27,no_object
409071.webp,28,no_object
409071.webp,29,no_object
409071.webp,30,no_object
409071.webp,31,bat
409071.webp,32,no_object
409071.webp,33,no_object
409071.webp,34,no_object
409071.webp,35,stump
409071.webp,36,stump
409071.webp,37,no_object
409071.webp,38,no_object
409071.webp,39,no_object
409071.webp,40,no_object
409071.webp,41,no_object
409071.webp,42,no_object
409071.webp,43,stump
409071.webp,44,stump
409071.webp,45,no_object
409071.webp,46,no_object
409071.webp,47,no_object
409071.webp,48,no_object
409071.webp,49,no_object
409071.webp,50,no_object
409071.webp,51,no_object
409071.webp,52,stump
409071.webp,53,no_object
409071.webp,54,no_object
409071.webp,55,no_object
409071.webp,56,no_object
409071.webp,57,no_object
409071.webp,58,no_object
409071.webp,59,no_object
409071.webp,60,stump
409071.webp,61,no_object
409071.webp,62,no_object
409071.webp,63,no_object
409071.webp,64,no_object
409060.webp,1,no_object
409060.webp,2,no_object
409060.webp,3,no_object
409060.webp,4,no_object
409060.webp,5,no_object
409060.webp,6,bat
409060.webp,7,bat
409060.webp,8,no_object
409060.webp,9,no_object
409060.webp,10,no_object
409060.webp,11,no_object
409060.webp,12,no_object
409060.webp,13,no_object
409060.webp,14,bat
409060.webp,15,no_object
409060.webp,16,no_object
409060.webp,17,no_object
409060.webp,18,no_object
409060.webp,19,no_object
409060.webp,20,no_object
409060.webp,21,no_object
409060.webp,22,bat
409060.webp,23,no_object
409060.webp,24,no_object
409060.webp,25,no_object
409060.webp,26,no_object
409060.webp,27,no_object
409060.webp,28,no_object
409060.webp,29,bat
409060.webp,30,no_object
409060.webp,31,no_object
409060.webp,32,no_object
409060.webp,33,no_object
409060.webp,34,no_object
409060.webp,35,no_object
409060.webp,36,no_object
409060.webp,37,no_object
409060.webp,38,no_object
409060.webp,39,no_object
409060.webp,40,no_object
409060.webp,41,no_object
409060.webp,42,no_object
409060.webp,43,no_object
409060.webp,44,no_object
409060.webp,45,no_object
409060.webp,46,no_object
409060.webp,47,no_object
409060.webp,48,no_object
409060.webp,49,no_object
409060.webp,50,no_object
409060.webp,51,no_object
409060.webp,52,no_object
409060.webp,53,no_object
409060.webp,54,no_object
409060.webp,55,no_object
409060.webp,56,no_object
409060.webp,57,no_object
409060.webp,58,no_object
409060.webp,59,no_object
409060.webp,60,no_object
409060.webp,61,no_object
409060.webp,62,no_object
409060.webp,63,no_object
409060.webp,64,no_object
409767.webp,1,no_object
409767.webp,2,no_object
409767.webp,3,no_object
409767.webp,4,no_object
409767.webp,5,no_object
409767.webp,6,no_object
409767.webp,7,no_object
409767.webp,8,no_object
409767.webp,9,no_object
409767.webp,10,no_object
409767.webp,11,no_object
409767.webp,12,no_object
409767.webp,13,no_object
409767.webp,14,no_object
409767.webp,15,no_object
409767.webp,16,no_object
409767.webp,17,no_object
409767.webp,18,no_object
409767.webp,19,no_object
409767.webp,20,no_object
409767.webp,21,no_object
409767.webp,22,no_object
409767.webp,23,no_object
409767.webp,24,no_object
409767.webp,25,no_object
409767.webp,26,no_object
409767.webp,27,no_object
409767.webp,28,no_object
409767.webp,29,no_object
409767.webp,30,no_object
409767.webp,31,no_object
409767.webp,32,no_object
409767.webp,33,no_object
409767.webp,34,no_object
409767.webp,35,no_object
409767.webp,36,no_object
409767.webp,37,no_object
409767.webp,38,no_object
409767.webp,39,bat
409767.webp,40,bat
409767.webp,41,no_object
409767.webp,42,no_object
409767.webp,43,no_object
409767.webp,44,no_object
409767.webp,45,no_object
409767.webp,46,no_object
409767.webp,47,bat
409767.webp,48,ball
409767.webp,49,no_object
409767.webp,50,no_object
409767.webp,51,no_object
409767.webp,52,no_object
409767.webp,53,no_object
409767.webp,54,no_object
409767.webp,55,no_object
409767.webp,56,no_object
409767.webp,57,no_object
409767.webp,58,no_object
409767.webp,59,no_object
409767.webp,60,no_object
409767.webp,61,no_object
409767.webp,62,no_object
409767.webp,63,no_object
409767.webp,64,no_object
409919.webp,1,no_object
409919.webp,2,no_object
409919.webp,3,no_object
409919.webp,4,no_object
409919.webp,5,no_object
409919.webp,6,no_object
409919.webp,7,no_object
409919.webp,8,no_object
409919.webp,9,no_object
409919.webp,10,no_object
409919.webp,11,no_object
409919.webp,12,no_object
409919.webp,13,no_object
409919.webp,14,bat
409919.webp,15,no_object
409919.webp,16,no_object
409919.webp,17,no_object
409919.webp,18,no_object
409919.webp,19,no_object
409919.webp,20,no_object
409919.webp,21,no_object
409919.webp,22,bat
409919.webp,23,no_object
409919.webp,24,no_object
409919.webp,25,no_object
409919.webp,26,no_object
409919.webp,27,no_object
409919.webp,28,no_object
409919.webp,29,no_object
409919.webp,30,bat
409919.webp,31,no_object
409919.webp,32,no_object
409919.webp,33,no_object
409919.webp,34,no_object
409919.webp,35,no_object
409919.webp,36,no_object
409919.webp,37,no_object
409919.webp,38,no_object
409919.webp,39,no_object
409919.webp,40,no_object
409919.webp,41,no_object
409919.webp,42,no_object
409919.webp,43,no_object
409919.webp,44,no_object
409919.webp,45,no_object
409919.webp,46,no_object
409919.webp,47,no_object
409919.webp,48,no_object
409919.webp,49,no_object
409919.webp,50,no_object
409919.webp,51,no_object
409919.webp,52,no_object
409919.webp,53,no_object
409919.webp,54,no_object
409919.webp,55,no_object
409919.webp,56,no_object
409919.webp,57,ball
409919.webp,58,no_object
409919.webp,59,no_object
409919.webp,60,no_object
409919.webp,61,no_object
409919.webp,62,no_object
409919.webp,63,no_object
409919.webp,64,no_object
409086.webp,1,no_object
409086.webp,2,no_object
409086.webp,3,no_object
409086.webp,4,no_object
409086.webp,5,no_object
409086.webp,6,bat
409086.webp,7,bat
409086.webp,8,no_object
409086.webp,9,no_object
409086.webp,10,no_object
409086.webp,11,no_object
409086.webp,12,no_object
409086.webp,13,no_object
409086.webp,14,bat
409086.webp,15,bat
409086.webp,16,no_object
409086.webp,17,no_object
409086.webp,18,no_object
409086.webp,19,no_object
409086.webp,20,no_object
409086.webp,21,bat
409086.webp,22,no_object
409086.webp,23,no_object
409086.webp,24,no_object
409086.webp,25,no_object
409086.webp,26,no_object
409086.webp,27,no_object
409086.webp,28,no_object
409086.webp,29,ball
409086.webp,30,no_object
409086.webp,31,no_object
409086.webp,32,no_object
409086.webp,33,no_object
409086.webp,34,no_object
409086.webp,35,no_object
409086.webp,36,stump
409086.webp,37,stump
409086.webp,38,no_object
409086.webp,39,no_object
409086.webp,40,no_object
409086.webp,41,no_object
409086.webp,42,no_object
409086.webp,43,no_object
409086.webp,44,stump
409086.webp,45,stump
409086.webp,46,no_object
409086.webp,47,no_object
409086.webp,48,no_object
409086.webp,49,no_object
409086.webp,50,no_object
409086.webp,51,no_object
409086.webp,52,stump
409086.webp,53,stump
409086.webp,54,no_object
409086.webp,55,no_object
409086.webp,56,no_object
409086.webp,57,no_object
409086.webp,58,no_object
409086.webp,59,no_object
409086.webp,60,stump
409086.webp,61,stump
409086.webp,62,no_object
409086.webp,63,no_object
409086.webp,64,no_object
409088.webp,1,no_object
409088.webp,2,no_object
409088.webp,3,no_object
409088.webp,4,no_object
409088.webp,5,no_object
409088.webp,6,no_object
409088.webp,7,no_object
409088.webp,8,no_object
409088.webp,9,no_object
409088.webp,10,no_object
409088.webp,11,no_object
409088.webp,12,no_object
409088.webp,13,no_object
409088.webp,14,no_object
409088.webp,15,no_object
409088.webp,16,no_object
409088.webp,17,no_object
409088.webp,18,no_object
409088.webp,19,no_object
409088.webp,20,no_object
409088.webp,21,no_object
409088.webp,22,no_object
409088.webp,23,no_object
409088.webp,24,no_object
409088.webp,25,no_object
409088.webp,26,no_object
409088.webp,27,no_object
409088.webp,28,no_object
409088.webp,29,no_object
409088.webp,30,no_object
409088.webp,31,no_object
409088.webp,32,no_object
409088.webp,33,no_object
409088.webp,34,no_object
409088.webp,35,bat
409088.webp,36,no_object
409088.webp,37,no_object
409088.webp,38,no_object
409088.webp,39,no_object
409088.webp,40,no_object
409088.webp,41,no_object
409088.webp,42,no_object
409088.webp,43,bat
409088.webp,44,bat
409088.webp,45,no_object
409088.webp,46,no_object
409088.webp,47,no_object
409088.webp,48,no_object
409088.webp,49,no_object
409088.webp,50,no_object
409088.webp,51,no_object
409088.webp,52,bat
409088.webp,53,no_object
409088.webp,54,no_object
409088.webp,55,no_object
409088.webp,56,no_object
409088.webp,57,no_object
409088.webp,58,no_object
409088.webp,59,no_object
409088.webp,60,bat
409088.webp,61,no_object
409088.webp,62,no_object
409088.webp,63,no_object
409088.webp,64,no_object
409812.webp,1,no_object
409812.webp,2,no_object
409812.webp,3,no_object
409812.webp,4,no_object
409812.webp,5,no_object
409812.webp,6,no_object
409812.webp,7,no_object
409812.webp,8,no_object
409812.webp,9,no_object
409812.webp,10,no_object
409812.webp,11,no_object
409812.webp,12,no_object
409812.webp,13,no_object
409812.webp,14,no_object
409812.webp,15,no_object
409812.webp,16,no_object
409812.webp,17,no_object
409812.webp,18,no_object
409812.webp,19,no_object
409812.webp,20,no_object
409812.webp,21,no_object
409812.webp,22,no_object
409812.webp,23,no_object
409812.webp,24,no_object
409812.webp,25,no_object
409812.webp,26,no_object
409812.webp,27,no_object
409812.webp,28,no_object
409812.webp,29,no_object
409812.webp,30,no_object
409812.webp,31,no_object
409812.webp,32,no_object
409812.webp,33,no_object
409812.webp,34,no_object
409812.webp,35,no_object
409812.webp,36,no_object
409812.webp,37,no_object
409812.webp,38,no_object
409812.webp,39,no_object
409812.webp,40,no_object
409812.webp,41,bat
409812.webp,42,no_object
409812.webp,43,no_object
409812.webp,44,no_object
409812.webp,45,no_object
409812.webp,46,no_object
409812.webp,47,no_object
409812.webp,48,no_object
409812.webp,49,bat
409812.webp,50,no_object
409812.webp,51,no_object
409812.webp,52,no_object
409812.webp,53,no_object
409812.webp,54,stump
409812.webp,55,stump
409812.webp,56,no_object
409812.webp,57,bat
409812.webp,58,no_object
409812.webp,59,no_object
409812.webp,60,no_object
409812.webp,61,no_object
409812.webp,62,stump
409812.webp,63,stump
409812.webp,64,no_object
409003.webp,1,no_object
409003.webp,2,no_object
409003.webp,3,no_object
409003.webp,4,no_object
409003.webp,5,no_object
409003.webp,6,no_object
409003.webp,7,no_object
409003.webp,8,no_object
409003.webp,9,no_object
409003.webp,10,no_object
409003.webp,11,no_object
409003.webp,12,no_object
409003.webp,13,bat
409003.webp,14,no_object
409003.webp,15,no_object
409003.webp,16,no_object
409003.webp,17,no_object
409003.webp,18,no_object
409003.webp,19,no_object
409003.webp,20,no_object
409003.webp,21,bat
409003.webp,22,no_object
409003.webp,23,no_object
409003.webp,24,no_object
409003.webp,25,no_object
409003.webp,26,no_object
409003.webp,27,no_object
409003.webp,28,no_object
409003.webp,29,no_object
409003.webp,30,no_object
409003.webp,31,no_object
409003.webp,32,no_object
409003.webp,33,stump
409003.webp,34,no_object
409003.webp,35,no_object
409003.webp,36,no_object
409003.webp,37,no_object
409003.webp,38,no_object
409003.webp,39,no_object
409003.webp,40,no_object
409003.webp,41,stump
409003.webp,42,no_object
409003.webp,43,no_object
409003.webp,44,no_object
409003.webp,45,no_object
409003.webp,46,no_object
409003.webp,47,no_object
409003.webp,48,no_object
409003.webp,49,stump
409003.webp,50,no_object
409003.webp,51,no_object
409003.webp,52,no_object
409003.webp,53,no_object
409003.webp,54,no_object
409003.webp,55,no_object
409003.webp,56,no_object
409003.webp,57,stump
409003.webp,58,no_object
409003.webp,59,no_object
409003.webp,60,no_object
409003.webp,61,no_object
409003.webp,62,no_object
409003.webp,63,no_object
409003.webp,64,no_object
409930.webp,1,no_object
409930.webp,2,no_object
409930.webp,3,no_object
409930.webp,4,ball
409930.webp,5,no_object
409930.webp,6,no_object
409930.webp,7,no_object
409930.webp,8,no_object
409930.webp,9,no_object
409930.webp,10,no_object
409930.webp,11,no_object
409930.webp,12,ball
409930.webp,13,no_object
409930.webp,14,no_object
409930.webp,15,no_object
409930.webp,16,no_object
409930.webp,17,no_object
409930.webp,18,no_object
409930.webp,19,no_object
409930.webp,20,no_object
409930.webp,21,no_object
409930.webp,22,no_object
409930.webp,23,no_object
409930.webp,24,no_object
409930.webp,25,no_object
409930.webp,26,no_object
409930.webp,27,no_object
409930.webp,28,no_object
409930.webp,29,no_object
409930.webp,30,no_object
409930.webp,31,no_object
409930.webp,32,no_object
409930.webp,33,no_object
409930.webp,34,no_object
409930.webp,35,no_object
409930.webp,36,no_object
409930.webp,37,no_object
409930.webp,38,no_object
409930.webp,39,no_object
409930.webp,40,no_object
409930.webp,41,no_object
409930.webp,42,no_object
409930.webp,43,no_object
409930.webp,44,no_object
409930.webp,45,no_object
409930.webp,46,no_object
409930.webp,47,no_object
409930.webp,48,no_object
409930.webp,49,no_object
409930.webp,50,no_object
409930.webp,51,no_object
409930.webp,52,no_object
409930.webp,53,no_object
409930.webp,54,no_object
409930.webp,55,no_object
409930.webp,56,no_object
409930.webp,57,no_object
409930.webp,58,no_object
409930.webp,59,no_object
409930.webp,60,no_object
409930.webp,61,no_object
409930.webp,62,no_object
409930.webp,63,no_object
409930.webp,64,no_object
409024.webp,1,no_object
409024.webp,2,no_object
409024.webp,3,no_object
409024.webp,4,no_object
409024.webp,5,no_object
409024.webp,6,no_object
409024.webp,7,no_object
409024.webp,8,bat
409024.webp,9,no_object
409024.webp,10,no_object
409024.webp,11,no_object
409024.webp,12,no_object
409024.webp,13,no_object
409024.webp,14,no_object
409024.webp,15,bat
409024.webp,16,bat
409024.webp,17,no_object
409024.webp,18,no_object
409024.webp,19,no_object
409024.webp,20,no_object
409024.webp,21,no_object
409024.webp,22,no_object
409024.webp,23,bat
409024.webp,24,no_object
409024.webp,25,no_object
409024.webp,26,no_object
409024.webp,27,no_object
409024.webp,28,no_object
409024.webp,29,no_object
409024.webp,30,bat
409024.webp,31,no_object
409024.webp,32,no_object
409024.webp,33,no_object
409024.webp,34,no_object
409024.webp,35,no_object
409024.webp,36,no_object
409024.webp,37,no_object
409024.webp,38,no_object
409024.webp,39,ball
409024.webp,40,no_object
409024.webp,41,no_object
409024.webp,42,no_object
409024.webp,43,no_object
409024.webp,44,no_object
409024.webp,45,no_object
409024.webp,46,no_object
409024.webp,47,no_object
409024.webp,48,no_object
409024.webp,49,no_object
409024.webp,50,no_object
409024.webp,51,no_object
409024.webp,52,no_object
409024.webp,53,no_object
409024.webp,54,no_object
409024.webp,55,no_object
409024.webp,56,no_object
409024.webp,57,no_object
409024.webp,58,no_object
409024.webp,59,no_object
409024.webp,60,no_object
409024.webp,61,no_object
409024.webp,62,no_object
409024.webp,63,no_object
409024.webp,64,no_object
409929.webp,1,no_object
409929.webp,2,no_object
409929.webp,3,no_object
409929.webp,4,no_object
409929.webp,5,no_object
409929.webp,6,no_object
409929.webp,7,no_object
409929.webp,8,no_object
409929.webp,9,no_object
409929.webp,10,no_object
409929.webp,11,no_object
409929.webp,12,no_object
409929.webp,13,no_object
409929.webp,14,no_object
409929.webp,15,no_object
409929.webp,16,no_object
409929.webp,17,no_object
409929.webp,18,no_object
409929.webp,19,no_object
409929.webp,20,no_object
409929.webp,21,no_object
409929.webp,22,no_object
409929.webp,23,no_object
409929.webp,24,no_object
409929.webp,25,no_object
409929.webp,26,no_object
409929.webp,27,no_object
409929.webp,28,no_object
409929.webp,29,no_object
409929.webp,30,no_object
409929.webp,31,no_object
409929.webp,32,no_object
409929.webp,33,no_object
409929.webp,34,no_object
409929.webp,35,no_object
409929.webp,36,no_object
409929.webp,37,no_object
409929.webp,38,no_object
409929.webp,39,no_object
409929.webp,40,no_object
409929.webp,41,no_object
409929.webp,42,no_object
409929.webp,43,stump
409929.webp,44,no_object
409929.webp,45,no_object
409929.webp,46,no_object
409929.webp,47,no_object
409929.webp,48,no_object
409929.webp,49,no_object
409929.webp,50,no_object
409929.webp,51,stump
409929.webp,52,no_object
409929.webp,53,no_object
409929.webp,54,no_object
409929.webp,55,no_object
409929.webp,56,no_object
409929.webp,57,no_object
409929.webp,58,no_object
409929.webp,59,stump
409929.webp,60,no_object
409929.webp,61,no_object
409929.webp,62,no_object
409929.webp,63,no_object
409929.webp,64,no_object
409762.webp,1,no_object
409762.webp,2,no_object
409762.webp,3,no_object
409762.webp,4,ball
409762.webp,5,no_object
409762.webp,6,no_object
409762.webp,7,no_object
409762.webp,8,no_object
409762.webp,9,no_object
409762.webp,10,no_object
409762.webp,11,no_object
409762.webp,12,no_object
409762.webp,13,no_object
409762.webp,14,no_object
409762.webp,15,no_object
409762.webp,16,no_object
409762.webp,17,no_object
409762.webp,18,no_object
409762.webp,19,no_object
409762.webp,20,no_object
409762.webp,21,no_object
409762.webp,22,no_object
409762.webp,23,no_object
409762.webp,24,no_object
409762.webp,25,no_object
409762.webp,26,no_object
409762.webp,27,no_object
409762.webp,28,no_object
409762.webp,29,no_object
409762.webp,30,no_object
409762.webp,31,no_object
409762.webp,32,no_object
409762.webp,33,no_object
409762.webp,34,stump
409762.webp,35,no_object
409762.webp,36,no_object
409762.webp,37,no_object
409762.webp,38,bat
409762.webp,39,no_object
409762.webp,40,no_object
409762.webp,41,no_object
409762.webp,42,stump
409762.webp,43,no_object
409762.webp,44,no_object
409762.webp,45,no_object
409762.webp,46,no_object
409762.webp,47,no_object
409762.webp,48,no_object
409762.webp,49,no_object
409762.webp,50,stump
409762.webp,51,no_object
409762.webp,52,no_object
409762.webp,53,no_object
409762.webp,54,no_object
409762.webp,55,no_object
409762.webp,56,no_object
409762.webp,57,no_object
409762.webp,58,stump
409762.webp,59,no_object
409762.webp,60,no_object
409762.webp,61,no_object
409762.webp,62,no_object
409762.webp,63,no_object
409762.webp,64,no_object
409009.webp,1,no_object
409009.webp,2,no_object
409009.webp,3,no_object
409009.webp,4,no_object
409009.webp,5,no_object
409009.webp,6,no_object
409009.webp,7,no_object
409009.webp,8,no_object
409009.webp,9,no_object
409009.webp,10,no_object
409009.webp,11,no_object
409009.webp,12,no_object
409009.webp,13,no_object
409009.webp,14,no_object
409009.webp,15,no_object
409009.webp,16,no_object
409009.webp,17,no_object
409009.webp,18,no_object
409009.webp,19,bat
409009.webp,20,bat
409009.webp,21,no_object
409009.webp,22,no_object
409009.webp,23,no_object
409009.webp,24,no_object
409009.webp,25,no_object
409009.webp,26,no_object
409009.webp,27,no_object
409009.webp,28,bat
409009.webp,29,no_object
409009.webp,30,no_object
409009.webp,31,no_object
409009.webp,32,stump
409009.webp,33,no_object
409009.webp,34,no_object
409009.webp,35,no_object
409009.webp,36,no_object
409009.webp,37,no_object
409009.webp,38,no_object
409009.webp,39,no_object
409009.webp,40,stump
409009.webp,41,no_object
409009.webp,42,no_object
409009.webp,43,no_object
409009.webp,44,no_object
409009.webp,45,no_object
409009.webp,46,no_object
409009.webp,47,no_object
409009.webp,48,stump
409009.webp,49,ball
409009.webp,50,no_object
409009.webp,51,no_object
409009.webp,52,no_object
409009.webp,53,no_object
409009.webp,54,no_object
409009.webp,55,no_object
409009.webp,56,stump
409009.webp,57,no_object
409009.webp,58,no_object
409009.webp,59,no_object
409009.webp,60,no_object
409009.webp,61,no_object
409009.webp,62,no_object
409009.webp,63,no_object
409009.webp,64,stump
409746.webp,1,no_object
409746.webp,2,no_object
409746.webp,3,no_object
409746.webp,4,no_object
409746.webp,5,no_object
409746.webp,6,no_object
409746.webp,7,no_object
409746.webp,8,no_object
409746.webp,9,no_object
409746.webp,10,no_object
409746.webp,11,no_object
409746.webp,12,no_object
409746.webp,13,no_object
409746.webp,14,no_object
409746.webp,15,no_object
409746.webp,16,no_object
409746.webp,17,no_object
409746.webp,18,no_object
409746.webp,19,no_object
409746.webp,20,no_object
409746.webp,21,no_object
409746.webp,22,no_object
409746.webp,23,no_object
409746.webp,24,no_object
409746.webp,25,no_object
409746.webp,26,no_object
409746.webp,27,no_object
409746.webp,28,no_object
409746.webp,29,no_object
409746.webp,30,bat
409746.webp,31,ball
409746.webp,32,no_object
409746.webp,33,no_object
409746.webp,34,no_object
409746.webp,35,no_object
409746.webp,36,stump
409746.webp,37,bat
409746.webp,38,bat
409746.webp,39,no_object
409746.webp,40,no_object
409746.webp,41,no_object
409746.webp,42,no_object
409746.webp,43,no_object
409746.webp,44,stump
409746.webp,45,stump
409746.webp,46,no_object
409746.webp,47,no_object
409746.webp,48,no_object
409746.webp,49,no_object
409746.webp,50,no_object
409746.webp,51,no_object
409746.webp,52,stump
409746.webp,53,stump
409746.webp,54,no_object
409746.webp,55,no_object
409746.webp,56,no_object
409746.webp,57,no_object
409746.webp,58,no_object
409746.webp,59,no_object
409746.webp,60,stump
409746.webp,61,stump
409746.webp,62,no_object
409746.webp,63,no_object
409746.webp,64,no_object
409868.webp,1,no_object
409868.webp,2,no_object
409868.webp,3,no_object
409868.webp,4,no_object
409868.webp,5,no_object
409868.webp,6,no_object
409868.webp,7,no_object
409868.webp,8,no_object
409868.webp,9,no_object
409868.webp,10,no_object
409868.webp,11,no_object
409868.webp,12,no_object
409868.webp,13,no_object
409868.webp,14,no_object
409868.webp,15,no_object
409868.webp,16,no_object
409868.webp,17,no_object
409868.webp,18,no_object
409868.webp,19,no_object
409868.webp,20,no_object
409868.webp,21,no_object
409868.webp,22,no_object
409868.webp,23,no_object
409868.webp,24,no_object
409868.webp,25,no_object
409868.webp,26,no_object
409868.webp,27,no_object
409868.webp,28,no_object
409868.webp,29,no_object
409868.webp,30,no_object
409868.webp,31,no_object
409868.webp,32,no_object
409868.webp,33,no_object
409868.webp,34,no_object
409868.webp,35,no_object
409868.webp,36,no_object
409868.webp,37,no_object
409868.webp,38,no_object
409868.webp,39,bat
409868.webp,40,no_object
409868.webp,41,no_object
409868.webp,42,no_object
409868.webp,43,no_object
409868.webp,44,no_object
409868.webp,45,no_object
409868.webp,46,no_object
409868.webp,47,bat
409868.webp,48,bat
409868.webp,49,no_object
409868.webp,50,no_object
409868.webp,51,no_object
409868.webp,52,no_object
409868.webp,53,no_object
409868.webp,54,no_object
409868.webp,55,bat
409868.webp,56,no_object
409868.webp,57,no_object
409868.webp,58,no_object
409868.webp,59,no_object
409868.webp,60,no_object
409868.webp,61,no_object
409868.webp,62,no_object
409868.webp,63,bat
409868.webp,64,no_object
409092.webp,1,no_object
409092.webp,2,no_object
409092.webp,3,no_object
409092.webp,4,no_object
409092.webp,5,no_object
409092.webp,6,no_object
409092.webp,7,no_object
409092.webp,8,no_object
409092.webp,9,no_object
409092.webp,10,no_object
409092.webp,11,no_object
409092.webp,12,no_object
409092.webp,13,no_object
409092.webp,14,no_object
409092.webp,15,no_object
409092.webp,16,no_object
409092.webp,17,no_object
409092.webp,18,no_object
409092.webp,19,ball
409092.webp,20,no_object
409092.webp,21,no_object
409092.webp,22,no_object
409092.webp,23,no_object
409092.webp,24,no_object
409092.webp,25,no_object
409092.webp,26,no_object
409092.webp,27,no_object
409092.webp,28,no_object
409092.webp,29,no_object
409092.webp,30,no_object
409092.webp,31,no_object
409092.webp,32,no_object
409092.webp,33,no_object
409092.webp,34,no_object
409092.webp,35,no_object
409092.webp,36,no_object
409092.webp,37,no_object
409092.webp,38,no_object
409092.webp,39,no_object
409092.webp,40,no_object
409092.webp,41,no_object
409092.webp,42,no_object
409092.webp,43,bat
409092.webp,44,no_object
409092.webp,45,no_object
409092.webp,46,no_object
409092.webp,47,no_object
409092.webp,48,no_object
409092.webp,49,no_object
409092.webp,50,bat
409092.webp,51,bat
409092.webp,52,no_object
409092.webp,53,no_object
409092.webp,54,no_object
409092.webp,55,no_object
409092.webp,56,no_object
409092.webp,57,no_object
409092.webp,58,bat
409092.webp,59,no_object
409092.webp,60,no_object
409092.webp,61,no_object
409092.webp,62,no_object
409092.webp,63,no_object
409092.webp,64,no_object
408995.webp,1,no_object
408995.webp,2,no_object
408995.webp,3,no_object
408995.webp,4,no_object
408995.webp,5,no_object
408995.webp,6,bat
408995.webp,7,no_object
408995.webp,8,no_object
408995.webp,9,no_object
408995.webp,10,no_object
408995.webp,11,no_object
408995.webp,12,no_object
408995.webp,13,bat
408995.webp,14,bat
408995.webp,15,no_object
408995.webp,16,no_object
408995.webp,17,no_object
408995.webp,18,no_object
408995.webp,19,no_object
408995.webp,20,bat
408995.webp,21,bat
408995.webp,22,no_object
408995.webp,23,no_object
408995.webp,24,no_object
408995.webp,25,no_object
408995.webp,26,no_object
408995.webp,27,no_object
408995.webp,28,no_object
408995.webp,29,no_object
408995.webp,30,no_object
408995.webp,31,no_object
408995.webp,32,no_object
408995.webp,33,no_object
408995.webp,34,no_object
408995.webp,35,no_object
408995.webp,36,no_object
408995.webp,37,no_object
408995.webp,38,no_object
408995.webp,39,no_object
408995.webp,40,no_object
408995.webp,41,no_object
408995.webp,42,no_object
408995.webp,43,no_object
408995.webp,44,no_object
408995.webp,45,no_object
408995.webp,46,no_object
408995.webp,47,ball
408995.webp,48,no_object
408995.webp,49,no_object
408995.webp,50,no_object
408995.webp,51,no_object
408995.webp,52,no_object
408995.webp,53,no_object
408995.webp,54,no_object
408995.webp,55,no_object
408995.webp,56,no_object
408995.webp,57,no_object
408995.webp,58,no_object
408995.webp,59,no_object
408995.webp,60,no_object
408995.webp,61,no_object
408995.webp,62,no_object
408995.webp,63,no_object
408995.webp,64,no_object
409005.webp,1,no_object
409005.webp,2,no_object
409005.webp,3,no_object
409005.webp,4,no_object
409005.webp,5,no_object
409005.webp,6,no_object
409005.webp,7,no_object
409005.webp,8,no_object
409005.webp,9,no_object
409005.webp,10,no_object
409005.webp,11,no_object
409005.webp,12,no_object
409005.webp,13,no_object
409005.webp,14,no_object
409005.webp,15,no_object
409005.webp,16,no_object
409005.webp,17,no_object
409005.webp,18,no_object
409005.webp,19,no_object
409005.webp,20,no_object
409005.webp,21,no_object
409005.webp,22,no_object
409005.webp,23,bat
409005.webp,24,bat
409005.webp,25,no_object
409005.webp,26,no_object
409005.webp,27,no_object
409005.webp,28,no_object
409005.webp,29,no_object
409005.webp,30,no_object
409005.webp,31,bat
409005.webp,32,no_object
409005.webp,33,no_object
409005.webp,34,stump
409005.webp,35,no_object
409005.webp,36,no_object
409005.webp,37,no_object
409005.webp,38,no_object
409005.webp,39,no_object
409005.webp,40,no_object
409005.webp,41,ball
409005.webp,42,stump
409005.webp,43,no_object
409005.webp,44,no_object
409005.webp,45,no_object
409005.webp,46,no_object
409005.webp,47,no_object
409005.webp,48,no_object
409005.webp,49,ball
409005.webp,50,stump
409005.webp,51,no_object
409005.webp,52,no_object
409005.webp,53,no_object
409005.webp,54,no_object
409005.webp,55,no_object
409005.webp,56,no_object
409005.webp,57,no_object
409005.webp,58,no_object
409005.webp,59,no_object
409005.webp,60,no_object
409005.webp,61,no_object
409005.webp,62,no_object
409005.webp,63,no_object
409005.webp,64,no_object
409887.webp,1,no_object
409887.webp,2,no_object
409887.webp,3,no_object
409887.webp,4,no_object
409887.webp,5,no_object
409887.webp,6,no_object
409887.webp,7,no_object
409887.webp,8,no_object
409887.webp,9,no_object
409887.webp,10,no_object
409887.webp,11,no_object
409887.webp,12,no_object
409887.webp,13,no_object
409887.webp,14,no_object
409887.webp,15,no_object
409887.webp,16,no_object
409887.webp,17,no_object
409887.webp,18,no_object
409887.webp,19,no_object
409887.webp,20,no_object
409887.webp,21,bat
409887.webp,22,bat
409887.webp,23,no_object
409887.webp,24,no_object
409887.webp,25,no_object
409887.webp,26,no_object
409887.webp,27,no_object
409887.webp,28,no_object
409887.webp,29,bat
409887.webp,30,bat
409887.webp,31,no_object
409887.webp,32,no_object
409887.webp,33,no_object
409887.webp,34,bat
409887.webp,35,no_object
409887.webp,36,no_object
409887.webp,37,no_object
409887.webp,38,no_object
409887.webp,39,no_object
409887.webp,40,no_object
409887.webp,41,no_object
409887.webp,42,bat
409887.webp,43,no_object
409887.webp,44,no_object
409887.webp,45,no_object
409887.webp,46,no_object
409887.webp,47,no_object
409887.webp,48,no_object
409887.webp,49,no_object
409887.webp,50,bat
409887.webp,51,no_object
409887.webp,52,no_object
409887.webp,53,no_object
409887.webp,54,no_object
409887.webp,55,no_object
409887.webp,56,no_object
409887.webp,57,no_object
409887.webp,58,bat
409887.webp,59,no_object
409887.webp,60,no_object
409887.webp,61,no_object
409887.webp,62,no_object
409887.webp,63,no_object
409887.webp,64,no_object
409763.webp,1,no_object
409763.webp,2,no_object
409763.webp,3,no_object
409763.webp,4,no_object
409763.webp,5,no_object
409763.webp,6,no_object
409763.webp,7,no_object
409763.webp,8,no_object
409763.webp,9,no_object
409763.webp,10,no_object
409763.webp,11,no_object
409763.webp,12,no_object
409763.webp,13,ball
409763.webp,14,no_object
409763.webp,15,no_object
409763.webp,16,no_object
409763.webp,17,no_object
409763.webp,18,no_object
409763.webp,19,no_object
409763.webp,20,no_object
409763.webp,21,ball
409763.webp,22,no_object
409763.webp,23,no_object
409763.webp,24,bat
409763.webp,25,no_object
409763.webp,26,no_object
409763.webp,27,no_object
409763.webp,28,no_object
409763.webp,29,no_object
409763.webp,30,no_object
409763.webp,31,no_object
409763.webp,32,no_object
409763.webp,33,no_object
409763.webp,34,no_object
409763.webp,35,no_object
409763.webp,36,no_object
409763.webp,37,no_object
409763.webp,38,no_object
409763.webp,39,no_object
409763.webp,40,no_object
409763.webp,41,no_object
409763.webp,42,no_object
409763.webp,43,no_object
409763.webp,44,no_object
409763.webp,45,no_object
409763.webp,46,no_object
409763.webp,47,no_object
409763.webp,48,no_object
409763.webp,49,no_object
409763.webp,50,no_object
409763.webp,51,no_object
409763.webp,52,no_object
409763.webp,53,no_object
409763.webp,54,no_object
409763.webp,55,no_object
409763.webp,56,no_object
409763.webp,57,no_object
409763.webp,58,no_object
409763.webp,59,no_object
409763.webp,60,no_object
409763.webp,61,no_object
409763.webp,62,no_object
409763.webp,63,no_object
409763.webp,64,no_object
408990.webp,1,no_object
408990.webp,2,no_object
408990.webp,3,no_object
408990.webp,4,no_object
408990.webp,5,no_object
408990.webp,6,no_object
408990.webp,7,no_object
408990.webp,8,no_object
408990.webp,9,no_object
408990.webp,10,no_object
408990.webp,11,no_object
408990.webp,12,no_object
408990.webp,13,no_object
408990.webp,14,no_object
408990.webp,15,no_object
408990.webp,16,no_object
408990.webp,17,no_object
408990.webp,18,no_object
408990.webp,19,no_object
408990.webp,20,no_object
408990.webp,21,no_object
408990.webp,22,no_object
408990.webp,23,no_object
408990.webp,24,no_object
408990.webp,25,no_object
408990.webp,26,no_object
408990.webp,27,no_object
408990.webp,28,bat
408990.webp,29,bat
408990.webp,30,no_object
408990.webp,31,no_object
408990.webp,32,no_object
408990.webp,33,no_object
408990.webp,34,no_object
408990.webp,35,no_object
408990.webp,36,no_object
408990.webp,37,no_object
408990.webp,38,no_object
408990.webp,39,no_object
408990.webp,40,no_object
408990.webp,41,no_object
408990.webp,42,no_object
408990.webp,43,no_object
408990.webp,44,no_object
408990.webp,45,no_object
408990.webp,46,no_object
408990.webp,47,no_object
408990.webp,48,no_object
408990.webp,49,no_object
408990.webp,50,no_object
408990.webp,51,no_object
408990.webp,52,no_object
408990.webp,53,bat
408990.webp,54,no_object
408990.webp,55,no_object
408990.webp,56,no_object
408990.webp,57,no_object
408990.webp,58,no_object
408990.webp,59,no_object
408990.webp,60,no_object
408990.webp,61,bat
408990.webp,62,no_object
408990.webp,63,no_object
408990.webp,64,no_object
409094.webp,1,no_object
409094.webp,2,no_object
409094.webp,3,no_object
409094.webp,4,no_object
409094.webp,5,no_object
409094.webp,6,no_object
409094.webp,7,no_object
409094.webp,8,no_object
409094.webp,9,no_object
409094.webp,10,no_object
409094.webp,11,no_object
409094.webp,12,no_object
409094.webp,13,no_object
409094.webp,14,no_object
409094.webp,15,no_object
409094.webp,16,no_object
409094.webp,17,no_object
409094.webp,18,no_object
409094.webp,19,no_object
409094.webp,20,no_object
409094.webp,21,no_object
409094.webp,22,no_object
409094.webp,23,no_object
409094.webp,24,bat
409094.webp,25,no_object
409094.webp,26,no_object
409094.webp,27,no_object
409094.webp,28,no_object
409094.webp,29,no_object
409094.webp,30,no_object
409094.webp,31,no_object
409094.webp,32,bat
409094.webp,33,no_object
409094.webp,34,no_object
409094.webp,35,no_object
409094.webp,36,stump
409094.webp,37,stump
409094.webp,38,no_object
409094.webp,39,bat
409094.webp,40,no_object
409094.webp,41,no_object
409094.webp,42,no_object
409094.webp,43,no_object
409094.webp,44,stump
409094.webp,45,stump
409094.webp,46,no_object
409094.webp,47,no_object
409094.webp,48,no_object
409094.webp,49,no_object
409094.webp,50,no_object
409094.webp,51,no_object
409094.webp,52,stump
409094.webp,53,no_object
409094.webp,54,no_object
409094.webp,55,no_object
409094.webp,56,no_object
409094.webp,57,no_object
409094.webp,58,no_object
409094.webp,59,no_object
409094.webp,60,stump
409094.webp,61,no_object
409094.webp,62,no_object
409094.webp,63,no_object
409094.webp,64,no_object
409834.webp,1,no_object
409834.webp,2,no_object
409834.webp,3,no_object
409834.webp,4,no_object
409834.webp,5,no_object
409834.webp,6,no_object
409834.webp,7,no_object
409834.webp,8,no_object
409834.webp,9,no_object
409834.webp,10,no_object
409834.webp,11,no_object
409834.webp,12,no_object
409834.webp,13,no_object
409834.webp,14,no_object
409834.webp,15,bat
409834.webp,16,no_object
409834.webp,17,no_object
409834.webp,18,no_object
409834.webp,19,no_object
409834.webp,20,no_object
409834.webp,21,no_object
409834.webp,22,no_object
409834.webp,23,bat
409834.webp,24,bat
409834.webp,25,no_object
409834.webp,26,no_object
409834.webp,27,no_object
409834.webp,28,no_object
409834.webp,29,no_object
409834.webp,30,no_object
409834.webp,31,no_object
409834.webp,32,bat
409834.webp,33,no_object
409834.webp,34,no_object
409834.webp,35,no_object
409834.webp,36,no_object
409834.webp,37,stump
409834.webp,38,no_object
409834.webp,39,no_object
409834.webp,40,bat
409834.webp,41,no_object
409834.webp,42,no_object
409834.webp,43,no_object
409834.webp,44,no_object
409834.webp,45,stump
409834.webp,46,stump
409834.webp,47,no_object
409834.webp,48,no_object
409834.webp,49,no_object
409834.webp,50,no_object
409834.webp,51,no_object
409834.webp,52,no_object
409834.webp,53,stump
409834.webp,54,stump
409834.webp,55,no_object
409834.webp,56,no_object
409834.webp,57,no_object
409834.webp,58,no_object
409834.webp,59,no_object
409834.webp,60,no_object
409834.webp,61,stump
409834.webp,62,stump
409834.webp,63,no_object
409834.webp,64,no_object
408998.webp,1,no_object
408998.webp,2,no_object
408998.webp,3,no_object
408998.webp,4,bat
408998.webp,5,no_object
408998.webp,6,no_object
408998.webp,7,no_object
408998.webp,8,no_object
408998.webp,9,no_object
408998.webp,10,no_object
408998.webp,11,no_object
408998.webp,12,bat
408998.webp,13,no_object
408998.webp,14,ball
408998.webp,15,no_object
408998.webp,16,no_object
408998.webp,17,no_object
408998.webp,18,no_object
408998.webp,19,no_object
408998.webp,20,bat
408998.webp,21,no_object
408998.webp,22,no_object
408998.webp,23,no_object
408998.webp,24,no_object
408998.webp,25,no_object
408998.webp,26,no_object
408998.webp,27,no_object
408998.webp,28,no_object
408998.webp,29,no_object
408998.webp,30,no_object
408998.webp,31,no_object
408998.webp,32,no_object
408998.webp,33,no_object
408998.webp,34,no_object
408998.webp,35,no_object
408998.webp,36,no_object
408998.webp,37,no_object
408998.webp,38,no_object
408998.webp,39,no_object
408998.webp,40,no_object
408998.webp,41,no_object
408998.webp,42,no_object
408998.webp,43,stump
408998.webp,44,no_object
408998.webp,45,no_object
408998.webp,46,no_object
408998.webp,47,no_object
408998.webp,48,no_object
408998.webp,49,no_object
408998.webp,50,no_object
408998.webp,51,stump
408998.webp,52,no_object
408998.webp,53,no_object
408998.webp,54,no_object
408998.webp,55,no_object
408998.webp,56,no_object
408998.webp,57,no_object
408998.webp,58,no_object
408998.webp,59,stump
408998.webp,60,no_object
408998.webp,61,no_object
408998.webp,62,no_object
408998.webp,63,no_object
408998.webp,64,no_object
409067.webp,1,no_object
409067.webp,2,no_object
409067.webp,3,ball
409067.webp,4,no_object
409067.webp,5,bat
409067.webp,6,no_object
409067.webp,7,no_object
409067.webp,8,no_object
409067.webp,9,no_object
409067.webp,10,no_object
409067.webp,11,no_object
409067.webp,12,no_object
409067.webp,13,bat
409067.webp,14,no_object
409067.webp,15,no_object
409067.webp,16,no_object
409067.webp,17,no_object
409067.webp,18,no_object
409067.webp,19,no_object
409067.webp,20,no_object
409067.webp,21,bat
409067.webp,22,bat
409067.webp,23,no_object
409067.webp,24,no_object
409067.webp,25,no_object
409067.webp,26,no_object
409067.webp,27,no_object
409067.webp,28,no_object
409067.webp,29,no_object
409067.webp,30,bat
409067.webp,31,no_object
409067.webp,32,no_object
409067.webp,33,no_object
409067.webp,34,no_object
409067.webp,35,stump
409067.webp,36,stump
409067.webp,37,no_object
409067.webp,38,no_object
409067.webp,39,no_object
409067.webp,40,no_object
409067.webp,41,no_object
409067.webp,42,no_object
409067.webp,43,stump
409067.webp,44,stump
409067.webp,45,no_object
409067.webp,46,no_object
409067.webp,47,no_object
409067.webp,48,no_object
409067.webp,49,no_object
409067.webp,50,no_object
409067.webp,51,stump
409067.webp,52,stump
409067.webp,53,no_object
409067.webp,54,no_object
409067.webp,55,no_object
409067.webp,56,no_object
409067.webp,57,no_object
409067.webp,58,no_object
409067.webp,59,stump
409067.webp,60,stump
409067.webp,61,no_object
409067.webp,62,no_object
409067.webp,63,no_object
409067.webp,64,no_object
409025.webp,1,no_object
409025.webp,2,no_object
409025.webp,3,bat
409025.webp,4,no_object
409025.webp,5,no_object
409025.webp,6,no_object
409025.webp,7,no_object
409025.webp,8,no_object
409025.webp,9,no_object
409025.webp,10,no_object
409025.webp,11,bat
409025.webp,12,no_object
409025.webp,13,no_object
409025.webp,14,no_object
409025.webp,15,no_object
409025.webp,16,no_object
409025.webp,17,no_object
409025.webp,18,no_object
409025.webp,19,bat
409025.webp,20,no_object
409025.webp,21,no_object
409025.webp,22,no_object
409025.webp,23,no_object
409025.webp,24,no_object
409025.webp,25,no_object
409025.webp,26,no_object
409025.webp,27,bat
409025.webp,28,no_object
409025.webp,29,no_object
409025.webp,30,no_object
409025.webp,31,no_object
409025.webp,32,no_object
409025.webp,33,no_object
409025.webp,34,no_object
409025.webp,35,bat
409025.webp,36,no_object
409025.webp,37,no_object
409025.webp,38,no_object
409025.webp,39,no_object
409025.webp,40,no_object
409025.webp,41,no_object
409025.webp,42,no_object
409025.webp,43,bat
409025.webp,44,no_object
409025.webp,45,no_object
409025.webp,46,no_object
409025.webp,47,no_object
409025.webp,48,no_object
409025.webp,49,no_object
409025.webp,50,no_object
409025.webp,51,bat
409025.webp,52,no_object
409025.webp,53,no_object
409025.webp,54,no_object
409025.webp,55,no_object
409025.webp,56,no_object
409025.webp,57,no_object
409025.webp,58,no_object
409025.webp,59,no_object
409025.webp,60,no_object
409025.webp,61,no_object
409025.webp,62,no_object
409025.webp,63,no_object
409025.webp,64,no_object
409006.webp,1,no_object
409006.webp,2,bat
409006.webp,3,bat
409006.webp,4,no_object
409006.webp,5,no_object
409006.webp,6,no_object
409006.webp,7,no_object
409006.webp,8,no_object
409006.webp,9,no_object
409006.webp,10,no_object
409006.webp,11,bat
409006.webp,12,bat
409006.webp,13,no_object
409006.webp,14,no_object
409006.webp,15,no_object
409006.webp,16,no_object
409006.webp,17,no_object
409006.webp,18,no_object
409006.webp,19,bat
409006.webp,20,bat
409006.webp,21,no_object
409006.webp,22,no_object
409006.webp,23,no_object
409006.webp,24,no_object
409006.webp,25,no_object
409006.webp,26,no_object
409006.webp,27,no_object
409006.webp,28,no_object
409006.webp,29,bat
409006.webp,30,no_object
409006.webp,31,no_object
409006.webp,32,no_object
409006.webp,33,no_object
409006.webp,34,no_object
409006.webp,35,no_object
409006.webp,36,no_object
409006.webp,37,no_object
409006.webp,38,no_object
409006.webp,39,no_object
409006.webp,40,no_object
409006.webp,41,no_object
409006.webp,42,no_object
409006.webp,43,no_object
409006.webp,44,no_object
409006.webp,45,no_object
409006.webp,46,no_object
409006.webp,47,no_object
409006.webp,48,no_object
409006.webp,49,no_object
409006.webp,50,no_object
409006.webp,51,no_object
409006.webp,52,no_object
409006.webp,53,no_object
409006.webp,54,no_object
409006.webp,55,no_object
409006.webp,56,no_object
409006.webp,57,no_object
409006.webp,58,no_object
409006.webp,59,no_object
409006.webp,60,no_object
409006.webp,61,no_object
409006.webp,62,no_object
409006.webp,63,no_object
409006.webp,64,no_object
409874.webp,1,no_object
409874.webp,2,no_object
409874.webp,3,no_object
409874.webp,4,no_object
409874.webp,5,no_object
409874.webp,6,no_object
409874.webp,7,no_object
409874.webp,8,no_object
409874.webp,9,no_object
409874.webp,10,no_object
409874.webp,11,no_object
409874.webp,12,no_object
409874.webp,13,no_object
409874.webp,14,no_object
409874.webp,15,no_object
409874.webp,16,no_object
409874.webp,17,no_object
409874.webp,18,no_object
409874.webp,19,no_object
409874.webp,20,bat
409874.webp,21,no_object
409874.webp,22,no_object
409874.webp,23,no_object
409874.webp,24,no_object
409874.webp,25,no_object
409874.webp,26,no_object
409874.webp,27,bat
409874.webp,28,bat
409874.webp,29,no_object
409874.webp,30,no_object
409874.webp,31,no_object
409874.webp,32,no_object
409874.webp,33,no_object
409874.webp,34,no_object
409874.webp,35,bat
409874.webp,36,stump
409874.webp,37,stump
409874.webp,38,no_object
409874.webp,39,no_object
409874.webp,40,no_object
409874.webp,41,no_object
409874.webp,42,no_object
409874.webp,43,no_object
409874.webp,44,stump
409874.webp,45,stump
409874.webp,46,no_object
409874.webp,47,no_object
409874.webp,48,no_object
409874.webp,49,no_object
409874.webp,50,no_object
409874.webp,51,no_object
409874.webp,52,stump
409874.webp,53,stump
409874.webp,54,no_object
409874.webp,55,no_object
409874.webp,56,no_object
409874.webp,57,no_object
409874.webp,58,no_object
409874.webp,59,no_object
409874.webp,60,stump
409874.webp,61,stump
409874.webp,62,no_object
409874.webp,63,no_object
409874.webp,64,no_object
409028.webp,1,no_object
409028.webp,2,no_object
409028.webp,3,bat
409028.webp,4,no_object
409028.webp,5,no_object
409028.webp,6,no_object
409028.webp,7,no_object
409028.webp,8,no_object
409028.webp,9,no_object
409028.webp,10,no_object
409028.webp,11,bat
409028.webp,12,no_object
409028.webp,13,no_object
409028.webp,14,no_object
409028.webp,15,no_object
409028.webp,16,no_object
409028.webp,17,no_object
409028.webp,18,no_object
409028.webp,19,bat
409028.webp,20,no_object
409028.webp,21,no_object
409028.webp,22,no_object
409028.webp,23,no_object
409028.webp,24,no_object
409028.webp,25,no_object
409028.webp,26,no_object
409028.webp,27,bat
409028.webp,28,no_object
409028.webp,29,no_object
409028.webp,30,no_object
409028.webp,31,no_object
409028.webp,32,no_object
409028.webp,33,no_object
409028.webp,34,no_object
409028.webp,35,bat
409028.webp,36,no_object
409028.webp,37,no_object
409028.webp,38,stump
409028.webp,39,no_object
409028.webp,40,no_object
409028.webp,41,no_object
409028.webp,42,no_object
409028.webp,43,no_object
409028.webp,44,no_object
409028.webp,45,no_object
409028.webp,46,stump
409028.webp,47,no_object
409028.webp,48,no_object
409028.webp,49,no_object
409028.webp,50,no_object
409028.webp,51,no_object
409028.webp,52,no_object
409028.webp,53,no_object
409028.webp,54,stump
409028.webp,55,no_object
409028.webp,56,no_object
409028.webp,57,no_object
409028.webp,58,no_object
409028.webp,59,no_object
409028.webp,60,no_object
409028.webp,61,no_object
409028.webp,62,stump
409028.webp,63,no_object
409028.webp,64,no_object
409749.webp,1,no_object
409749.webp,2,no_object
409749.webp,3,no_object
409749.webp,4,no_object
409749.webp,5,no_object
409749.webp,6,no_object
409749.webp,7,no_object
409749.webp,8,no_object
409749.webp,9,no_object
409749.webp,10,no_object
409749.webp,11,no_object
409749.webp,12,no_object
409749.webp,13,no_object
409749.webp,14,no_object
409749.webp,15,no_object
409749.webp,16,no_object
409749.webp,17,no_object
409749.webp,18,no_object
409749.webp,19,no_object
409749.webp,20,bat
409749.webp,21,no_object
409749.webp,22,no_object
409749.webp,23,no_object
409749.webp,24,no_object
409749.webp,25,no_object
409749.webp,26,no_object
409749.webp,27,bat
409749.webp,28,bat
409749.webp,29,bat
409749.webp,30,no_object
409749.webp,31,no_object
409749.webp,32,ball
409749.webp,33,no_object
409749.webp,34,no_object
409749.webp,35,no_object
409749.webp,36,no_object
409749.webp,37,stump
409749.webp,38,stump
409749.webp,39,no_object
409749.webp,40,ball
409749.webp,41,no_object
409749.webp,42,no_object
409749.webp,43,no_object
409749.webp,44,no_object
409749.webp,45,stump
409749.webp,46,stump
409749.webp,47,no_object
409749.webp,48,no_object
409749.webp,49,no_object
409749.webp,50,no_object
409749.webp,51,no_object
409749.webp,52,no_object
409749.webp,53,stump
409749.webp,54,stump
409749.webp,55,no_object
409749.webp,56,no_object
409749.webp,57,no_object
409749.webp,58,no_object
409749.webp,59,no_object
409749.webp,60,no_object
409749.webp,61,stump
409749.webp,62,stump
409749.webp,63,no_object
409749.webp,64,no_object
409050.webp,1,no_object
409050.webp,2,no_object
409050.webp,3,ball
409050.webp,4,no_object
409050.webp,5,no_object
409050.webp,6,no_object
409050.webp,7,no_object
409050.webp,8,no_object
409050.webp,9,no_object
409050.webp,10,no_object
409050.webp,11,no_object
409050.webp,12,bat
409050.webp,13,bat
409050.webp,14,no_object
409050.webp,15,no_object
409050.webp,16,no_object
409050.webp,17,no_object
409050.webp,18,no_object
409050.webp,19,no_object
409050.webp,20,no_object
409050.webp,21,bat
409050.webp,22,no_object
409050.webp,23,no_object
409050.webp,24,no_object
409050.webp,25,no_object
409050.webp,26,no_object
409050.webp,27,no_object
409050.webp,28,no_object
409050.webp,29,no_object
409050.webp,30,no_object
409050.webp,31,no_object
409050.webp,32,no_object
409050.webp,33,no_object
409050.webp,34,no_object
409050.webp,35,no_object
409050.webp,36,no_object
409050.webp,37,no_object
409050.webp,38,no_object
409050.webp,39,no_object
409050.webp,40,no_object
409050.webp,41,no_object
409050.webp,42,no_object
409050.webp,43,no_object
409050.webp,44,stump
409050.webp,45,no_object
409050.webp,46,no_object
409050.webp,47,no_object
409050.webp,48,no_object
409050.webp,49,no_object
409050.webp,50,no_object
409050.webp,51,no_object
409050.webp,52,stump
409050.webp,53,no_object
409050.webp,54,no_object
409050.webp,55,no_object
409050.webp,56,no_object
409050.webp,57,no_object
409050.webp,58,no_object
409050.webp,59,no_object
409050.webp,60,stump
409050.webp,61,no_object
409050.webp,62,no_object
409050.webp,63,no_object
409050.webp,64,no_object
409078.webp,1,no_object
409078.webp,2,no_object
409078.webp,3,no_object
409078.webp,4,no_object
409078.webp,5,no_object
409078.webp,6,no_object
409078.webp,7,no_object
409078.webp,8,no_object
409078.webp,9,no_object
409078.webp,10,no_object
409078.webp,11,no_object
409078.webp,12,no_object
409078.webp,13,no_object
409078.webp,14,no_object
409078.webp,15,no_object
409078.webp,16,no_object
409078.webp,17,no_object
409078.webp,18,no_object
409078.webp,19,no_object
409078.webp,20,no_object
409078.webp,21,no_object
409078.webp,22,no_object
409078.webp,23,no_object
409078.webp,24,no_object
409078.webp,25,no_object
409078.webp,26,no_object
409078.webp,27,no_object
409078.webp,28,no_object
409078.webp,29,no_object
409078.webp,30,no_object
409078.webp,31,no_object
409078.webp,32,no_object
409078.webp,33,no_object
409078.webp,34,no_object
409078.webp,35,no_object
409078.webp,36,no_object
409078.webp,37,no_object
409078.webp,38,bat
409078.webp,39,no_object
409078.webp,40,no_object
409078.webp,41,no_object
409078.webp,42,no_object
409078.webp,43,no_object
409078.webp,44,no_object
409078.webp,45,bat
409078.webp,46,bat
409078.webp,47,no_object
409078.webp,48,no_object
409078.webp,49,no_object
409078.webp,50,no_object
409078.webp,51,no_object
409078.webp,52,no_object
409078.webp,53,bat
409078.webp,54,no_object
409078.webp,55,no_object
409078.webp,56,no_object
409078.webp,57,no_object
409078.webp,58,no_object
409078.webp,59,no_object
409078.webp,60,no_object
409078.webp,61,no_object
409078.webp,62,no_object
409078.webp,63,no_object
409078.webp,64,no_object
409935.webp,1,no_object
409935.webp,2,no_object
409935.webp,3,no_object
409935.webp,4,no_object
409935.webp,5,no_object
409935.webp,6,no_object
409935.webp,7,no_object
409935.webp,8,no_object
409935.webp,9,no_object
409935.webp,10,no_object
409935.webp,11,no_object
409935.webp,12,no_object
409935.webp,13,no_object
409935.webp,14,bat
409935.webp,15,bat
409935.webp,16,no_object
409935.webp,17,no_object
409935.webp,18,no_object
409935.webp,19,no_object
409935.webp,20,no_object
409935.webp,21,bat
409935.webp,22,bat
409935.webp,23,no_object
409935.webp,24,no_object
409935.webp,25,no_object
409935.webp,26,no_object
409935.webp,27,no_object
409935.webp,28,no_object
409935.webp,29,no_object
409935.webp,30,no_object
409935.webp,31,no_object
409935.webp,32,no_object
409935.webp,33,no_object
409935.webp,34,no_object
409935.webp,35,stump
409935.webp,36,no_object
409935.webp,37,no_object
409935.webp,38,no_object
409935.webp,39,no_object
409935.webp,40,no_object
409935.webp,41,no_object
409935.webp,42,no_object
409935.webp,43,stump
409935.webp,44,no_object
409935.webp,45,no_object
409935.webp,46,no_object
409935.webp,47,no_object
409935.webp,48,no_object
409935.webp,49,no_object
409935.webp,50,no_object
409935.webp,51,stump
409935.webp,52,no_object
409935.webp,53,no_object
409935.webp,54,no_object
409935.webp,55,no_object
409935.webp,56,no_object
409935.webp,57,no_object
409935.webp,58,no_object
409935.webp,59,no_object
409935.webp,60,no_object
409935.webp,61,no_object
409935.webp,62,no_object
409935.webp,63,no_object
409935.webp,64,no_object
409813.webp,1,no_object
409813.webp,2,no_object
409813.webp,3,no_object
409813.webp,4,no_object
409813.webp,5,no_object
409813.webp,6,no_object
409813.webp,7,no_object
409813.webp,8,no_object
409813.webp,9,no_object
409813.webp,10,no_object
409813.webp,11,no_object
409813.webp,12,no_object
409813.webp,13,no_object
409813.webp,14,no_object
409813.webp,15,bat
409813.webp,16,bat
409813.webp,17,no_object
409813.webp,18,no_object
409813.webp,19,no_object
409813.webp,20,no_object
409813.webp,21,no_object
409813.webp,22,no_object
409813.webp,23,bat
409813.webp,24,no_object
409813.webp,25,no_object
409813.webp,26,no_object
409813.webp,27,ball
409813.webp,28,no_object
409813.webp,29,no_object
409813.webp,30,no_object
409813.webp,31,no_object
409813.webp,32,no_object
409813.webp,33,no_object
409813.webp,34,no_object
409813.webp,35,stump
409813.webp,36,no_object
409813.webp,37,no_object
409813.webp,38,no_object
409813.webp,39,no_object
409813.webp,40,no_object
409813.webp,41,no_object
409813.webp,42,no_object
409813.webp,43,stump
409813.webp,44,no_object
409813.webp,45,no_object
409813.webp,46,no_object
409813.webp,47,no_object
409813.webp,48,no_object
409813.webp,49,no_object
409813.webp,50,no_object
409813.webp,51,stump
409813.webp,52,no_object
409813.webp,53,no_object
409813.webp,54,no_object
409813.webp,55,no_object
409813.webp,56,no_object
409813.webp,57,no_object
409813.webp,58,no_object
409813.webp,59,no_object
409813.webp,60,no_object
409813.webp,61,no_object
409813.webp,62,no_object
409813.webp,63,no_object
409813.webp,64,no_object
409842.webp,1,no_object
409842.webp,2,no_object
409842.webp,3,no_object
409842.webp,4,no_object
409842.webp,5,no_object
409842.webp,6,no_object
409842.webp,7,no_object
409842.webp,8,no_object
409842.webp,9,no_object
409842.webp,10,no_object
409842.webp,11,no_object
409842.webp,12,no_object
409842.webp,13,no_object
409842.webp,14,no_object
409842.webp,15,no_object
409842.webp,16,no_object
409842.webp,17,no_object
409842.webp,18,no_object
409842.webp,19,no_object
409842.webp,20,no_object
409842.webp,21,no_object
409842.webp,22,no_object
409842.webp,23,no_object
409842.webp,24,no_object
409842.webp,25,no_object
409842.webp,26,no_object
409842.webp,27,no_object
409842.webp,28,no_object
409842.webp,29,no_object
409842.webp,30,no_object
409842.webp,31,no_object
409842.webp,32,no_object
409842.webp,33,no_object
409842.webp,34,no_object
409842.webp,35,no_object
409842.webp,36,no_object
409842.webp,37,no_object
409842.webp,38,ball
409842.webp,39,no_object
409842.webp,40,no_object
409842.webp,41,no_object
409842.webp,42,no_object
409842.webp,43,no_object
409842.webp,44,no_object
409842.webp,45,no_object
409842.webp,46,no_object
409842.webp,47,no_object
409842.webp,48,no_object
409842.webp,49,no_object
409842.webp,50,no_object
409842.webp,51,no_object
409842.webp,52,no_object
409842.webp,53,no_object
409842.webp,54,no_object
409842.webp,55,no_object
409842.webp,56,no_object
409842.webp,57,no_object
409842.webp,58,no_object
409842.webp,59,no_object
409842.webp,60,no_object
409842.webp,61,no_object
409842.webp,62,no_object
409842.webp,63,no_object
409842.webp,64,no_object
408989.webp,1,no_object
408989.webp,2,no_object
408989.webp,3,no_object
408989.webp,4,no_object
408989.webp,5,no_object
408989.webp,6,no_object
408989.webp,7,no_object
408989.webp,8,ball
408989.webp,9,no_object
408989.webp,10,bat
408989.webp,11,bat
408989.webp,12,no_object
408989.webp,13,no_object
408989.webp,14,no_object
408989.webp,15,no_object
408989.webp,16,no_object
408989.webp,17,no_object
408989.webp,18,no_object
408989.webp,19,bat
408989.webp,20,no_object
408989.webp,21,no_object
408989.webp,22,no_object
408989.webp,23,no_object
408989.webp,24,no_object
408989.webp,25,no_object
408989.webp,26,no_object
408989.webp,27,no_object
408989.webp,28,no_object
408989.webp,29,no_object
408989.webp,30,no_object
408989.webp,31,no_object
408989.webp,32,no_object
408989.webp,33,no_object
408989.webp,34,no_object
408989.webp,35,no_object
408989.webp,36,no_object
408989.webp,37,no_object
408989.webp,38,no_object
408989.webp,39,stump
408989.webp,40,stump
408989.webp,41,no_object
408989.webp,42,no_object
408989.webp,43,no_object
408989.webp,44,no_object
408989.webp,45,no_object
408989.webp,46,no_object
408989.webp,47,stump
408989.webp,48,stump
408989.webp,49,no_object
408989.webp,50,no_object
408989.webp,51,no_object
408989.webp,52,no_object
408989.webp,53,no_object
408989.webp,54,no_object
408989.webp,55,no_object
408989.webp,56,stump
408989.webp,57,no_object
408989.webp,58,no_object
408989.webp,59,no_object
408989.webp,60,no_object
408989.webp,61,no_object
408989.webp,62,no_object
408989.webp,63,no_object
408989.webp,64,stump
408988.webp,1,no_object
408988.webp,2,no_object
408988.webp,3,no_object
408988.webp,4,no_object
408988.webp,5,no_object
408988.webp,6,no_object
408988.webp,7,no_object
408988.webp,8,no_object
408988.webp,9,no_object
408988.webp,10,no_object
408988.webp,11,no_object
408988.webp,12,no_object
408988.webp,13,no_object
408988.webp,14,no_object
408988.webp,15,no_object
408988.webp,16,no_object
408988.webp,17,no_object
408988.webp,18,no_object
408988.webp,19,no_object
408988.webp,20,no_object
408988.webp,21,no_object
408988.webp,22,no_object
408988.webp,23,no_object
408988.webp,24,no_object
408988.webp,25,bat
408988.webp,26,bat
408988.webp,27,bat
408988.webp,28,no_object
408988.webp,29,no_object
408988.webp,30,no_object
408988.webp,31,no_object
408988.webp,32,no_object
408988.webp,33,stump
408988.webp,34,stump
408988.webp,35,no_object
408988.webp,36,no_object
408988.webp,37,no_object
408988.webp,38,no_object
408988.webp,39,no_object
408988.webp,40,no_object
408988.webp,41,stump
408988.webp,42,stump
408988.webp,43,no_object
408988.webp,44,no_object
408988.webp,45,no_object
408988.webp,46,no_object
408988.webp,47,no_object
408988.webp,48,no_object
408988.webp,49,stump
408988.webp,50,stump
408988.webp,51,no_object
408988.webp,52,no_object
408988.webp,53,no_object
408988.webp,54,no_object
408988.webp,55,no_object
408988.webp,56,no_object
408988.webp,57,stump
408988.webp,58,stump
408988.webp,59,no_object
408988.webp,60,no_object
408988.webp,61,no_object
408988.webp,62,no_object
408988.webp,63,no_object
408988.webp,64,no_object
409927.webp,1,no_object
409927.webp,2,no_object
409927.webp,3,no_object
409927.webp,4,no_object
409927.webp,5,no_object
409927.webp,6,no_object
409927.webp,7,no_object
409927.webp,8,no_object
409927.webp,9,no_object
409927.webp,10,no_object
409927.webp,11,no_object
409927.webp,12,no_object
409927.webp,13,no_object
409927.webp,14,no_object
409927.webp,15,no_object
409927.webp,16,no_object
409927.webp,17,no_object
409927.webp,18,no_object
409927.webp,19,no_object
409927.webp,20,no_object
409927.webp,21,no_object
409927.webp,22,no_object
409927.webp,23,no_object
409927.webp,24,no_object
409927.webp,25,no_object
409927.webp,26,no_object
409927.webp,27,no_object
409927.webp,28,no_object
409927.webp,29,bat
409927.webp,30,no_object
409927.webp,31,no_object
409927.webp,32,no_object
409927.webp,33,no_object
409927.webp,34,no_object
409927.webp,35,no_object
409927.webp,36,bat
409927.webp,37,bat
409927.webp,38,no_object
409927.webp,39,no_object
409927.webp,40,no_object
409927.webp,41,no_object
409927.webp,42,no_object
409927.webp,43,stump
409927.webp,44,bat
409927.webp,45,bat
409927.webp,46,no_object
409927.webp,47,no_object
409927.webp,48,no_object
409927.webp,49,no_object
409927.webp,50,no_object
409927.webp,51,stump
409927.webp,52,no_object
409927.webp,53,no_object
409927.webp,54,no_object
409927.webp,55,no_object
409927.webp,56,no_object
409927.webp,57,no_object
409927.webp,58,no_object
409927.webp,59,stump
409927.webp,60,no_object
409927.webp,61,no_object
409927.webp,62,no_object
409927.webp,63,no_object
409927.webp,64,no_object
409765.webp,1,no_object
409765.webp,2,no_object
409765.webp,3,no_object
409765.webp,4,no_object
409765.webp,5,no_object
409765.webp,6,no_object
409765.webp,7,no_object
409765.webp,8,no_object
409765.webp,9,no_object
409765.webp,10,no_object
409765.webp,11,no_object
409765.webp,12,no_object
409765.webp,13,no_object
409765.webp,14,no_object
409765.webp,15,no_object
409765.webp,16,no_object
409765.webp,17,no_object
409765.webp,18,bat
409765.webp,19,no_object
409765.webp,20,no_object
409765.webp,21,no_object
409765.webp,22,no_object
409765.webp,23,no_object
409765.webp,24,no_object
409765.webp,25,no_object
409765.webp,26,bat
409765.webp,27,no_object
409765.webp,28,no_object
409765.webp,29,no_object
409765.webp,30,no_object
409765.webp,31,no_object
409765.webp,32,no_object
409765.webp,33,bat
409765.webp,34,bat
409765.webp,35,no_object
409765.webp,36,no_object
409765.webp,37,no_object
409765.webp,38,ball
409765.webp,39,stump
409765.webp,40,no_object
409765.webp,41,bat
409765.webp,42,bat
409765.webp,43,no_object
409765.webp,44,no_object
409765.webp,45,no_object
409765.webp,46,no_object
409765.webp,47,stump
409765.webp,48,no_object
409765.webp,49,no_object
409765.webp,50,no_object
409765.webp,51,no_object
409765.webp,52,no_object
409765.webp,53,no_object
409765.webp,54,no_object
409765.webp,55,stump
409765.webp,56,no_object
409765.webp,57,no_object
409765.webp,58,no_object
409765.webp,59,no_object
409765.webp,60,no_object
409765.webp,61,no_object
409765.webp,62,no_object
409765.webp,63,stump
409765.webp,64,no_object
409847.webp,1,no_object
409847.webp,2,no_object
409847.webp,3,no_object
409847.webp,4,no_object
409847.webp,5,no_object
409847.webp,6,no_object
409847.webp,7,no_object
409847.webp,8,no_object
409847.webp,9,no_object
409847.webp,10,no_object
409847.webp,11,no_object
409847.webp,12,no_object
409847.webp,13,no_object
409847.webp,14,no_object
409847.webp,15,ball
409847.webp,16,no_object
409847.webp,17,no_object
409847.webp,18,no_object
409847.webp,19,no_object
409847.webp,20,no_object
409847.webp,21,no_object
409847.webp,22,no_object
409847.webp,23,no_object
409847.webp,24,no_object
409847.webp,25,no_object
409847.webp,26,no_object
409847.webp,27,no_object
409847.webp,28,no_object
409847.webp,29,no_object
409847.webp,30,no_object
409847.webp,31,no_object
409847.webp,32,no_object
409847.webp,33,no_object
409847.webp,34,no_object
409847.webp,35,no_object
409847.webp,36,no_object
409847.webp,37,no_object
409847.webp,38,no_object
409847.webp,39,no_object
409847.webp,40,no_object
409847.webp,41,no_object
409847.webp,42,no_object
409847.webp,43,no_object
409847.webp,44,no_object
409847.webp,45,no_object
409847.webp,46,no_object
409847.webp,47,no_object
409847.webp,48,no_object
409847.webp,49,no_object
409847.webp,50,no_object
409847.webp,51,no_object
409847.webp,52,no_object
409847.webp,53,no_object
409847.webp,54,no_object
409847.webp,55,no_object
409847.webp,56,no_object
409847.webp,57,no_object
409847.webp,58,no_object
409847.webp,59,no_object
409847.webp,60,no_object
409847.webp,61,no_object
409847.webp,62,no_object
409847.webp,63,no_object
409847.webp,64,no_object
409733.webp,1,no_object
409733.webp,2,no_object
409733.webp,3,no_object
409733.webp,4,no_object
409733.webp,5,ball
409733.webp,6,no_object
409733.webp,7,no_object
409733.webp,8,no_object
409733.webp,9,no_object
409733.webp,10,no_object
409733.webp,11,no_object
409733.webp,12,no_object
409733.webp,13,ball
409733.webp,14,no_object
409733.webp,15,no_object
409733.webp,16,no_object
409733.webp,17,no_object
409733.webp,18,no_object
409733.webp,19,no_object
409733.webp,20,no_object
409733.webp,21,no_object
409733.webp,22,no_object
409733.webp,23,no_object
409733.webp,24,no_object
409733.webp,25,no_object
409733.webp,26,no_object
409733.webp,27,no_object
409733.webp,28,no_object
409733.webp,29,no_object
409733.webp,30,bat
409733.webp,31,no_object
409733.webp,32,no_object
409733.webp,33,no_object
409733.webp,34,stump
409733.webp,35,stump
409733.webp,36,no_object
409733.webp,37,bat
409733.webp,38,bat
409733.webp,39,no_object
409733.webp,40,no_object
409733.webp,41,no_object
409733.webp,42,stump
409733.webp,43,stump
409733.webp,44,no_object
409733.webp,45,bat
409733.webp,46,no_object
409733.webp,47,no_object
409733.webp,48,no_object
409733.webp,49,no_object
409733.webp,50,stump
409733.webp,51,stump
409733.webp,52,no_object
409733.webp,53,no_object
409733.webp,54,no_object
409733.webp,55,no_object
409733.webp,56,no_object
409733.webp,57,no_object
409733.webp,58,no_object
409733.webp,59,no_object
409733.webp,60,no_object
409733.webp,61,no_object
409733.webp,62,no_object
409733.webp,63,no_object
409733.webp,64,no_object
409096.webp,1,no_object
409096.webp,2,no_object
409096.webp,3,no_object
409096.webp,4,no_object
409096.webp,5,no_object
409096.webp,6,no_object
409096.webp,7,no_object
409096.webp,8,no_object
409096.webp,9,no_object
409096.webp,10,no_object
409096.webp,11,no_object
409096.webp,12,no_object
409096.webp,13,no_object
409096.webp,14,no_object
409096.webp,15,no_object
409096.webp,16,no_object
409096.webp,17,no_object
409096.webp,18,no_object
409096.webp,19,no_object
409096.webp,20,no_object
409096.webp,21,no_object
409096.webp,22,no_object
409096.webp,23,no_object
409096.webp,24,no_object
409096.webp,25,no_object
409096.webp,26,no_object
409096.webp,27,no_object
409096.webp,28,no_object
409096.webp,29,no_object
409096.webp,30,no_object
409096.webp,31,no_object
409096.webp,32,no_object
409096.webp,33,no_object
409096.webp,34,no_object
409096.webp,35,bat
409096.webp,36,no_object
409096.webp,37,no_object
409096.webp,38,no_object
409096.webp,39,no_object
409096.webp,40,no_object
409096.webp,41,no_object
409096.webp,42,no_object
409096.webp,43,bat
409096.webp,44,no_object
409096.webp,45,no_object
409096.webp,46,no_object
409096.webp,47,no_object
409096.webp,48,no_object
409096.webp,49,no_object
409096.webp,50,no_object
409096.webp,51,bat
409096.webp,52,no_object
409096.webp,53,no_object
409096.webp,54,no_object
409096.webp,55,no_object
409096.webp,56,no_object
409096.webp,57,no_object
409096.webp,58,no_object
409096.webp,59,bat
409096.webp,60,no_object
409096.webp,61,no_object
409096.webp,62,no_object
409096.webp,63,no_object
409096.webp,64,no_object
409892.webp,1,no_object
409892.webp,2,no_object
409892.webp,3,no_object
409892.webp,4,no_object
409892.webp,5,no_object
409892.webp,6,no_object
409892.webp,7,no_object
409892.webp,8,bat
409892.webp,9,no_object
409892.webp,10,no_object
409892.webp,11,no_object
409892.webp,12,no_object
409892.webp,13,no_object
409892.webp,14,no_object
409892.webp,15,bat
409892.webp,16,bat
409892.webp,17,no_object
409892.webp,18,no_object
409892.webp,19,no_object
409892.webp,20,no_object
409892.webp,21,no_object
409892.webp,22,no_object
409892.webp,23,bat
409892.webp,24,no_object
409892.webp,25,no_object
409892.webp,26,no_object
409892.webp,27,no_object
409892.webp,28,no_object
409892.webp,29,no_object
409892.webp,30,bat
409892.webp,31,bat
409892.webp,32,no_object
409892.webp,33,no_object
409892.webp,34,no_object
409892.webp,35,no_object
409892.webp,36,no_object
409892.webp,37,no_object
409892.webp,38,no_object
409892.webp,39,no_object
409892.webp,40,no_object
409892.webp,41,no_object
409892.webp,42,no_object
409892.webp,43,no_object
409892.webp,44,no_object
409892.webp,45,no_object
409892.webp,46,no_object
409892.webp,47,no_object
409892.webp,48,no_object
409892.webp,49,no_object
409892.webp,50,no_object
409892.webp,51,no_object
409892.webp,52,no_object
409892.webp,53,no_object
409892.webp,54,no_object
409892.webp,55,no_object
409892.webp,56,no_object
409892.webp,57,no_object
409892.webp,58,no_object
409892.webp,59,no_object
409892.webp,60,no_object
409892.webp,61,no_object
409892.webp,62,no_object
409892.webp,63,no_object
409892.webp,64,no_object
409871.webp,1,no_object
409871.webp,2,no_object
409871.webp,3,no_object
409871.webp,4,bat
409871.webp,5,bat
409871.webp,6,no_object
409871.webp,7,no_object
409871.webp,8,no_object
409871.webp,9,no_object
409871.webp,10,no_object
409871.webp,11,no_object
409871.webp,12,no_object
409871.webp,13,bat
409871.webp,14,no_object
409871.webp,15,no_object
409871.webp,16,no_object
409871.webp,17,no_object
409871.webp,18,no_object
409871.webp,19,no_object
409871.webp,20,no_object
409871.webp,21,bat
409871.webp,22,no_object
409871.webp,23,no_object
409871.webp,24,no_object
409871.webp,25,no_object
409871.webp,26,no_object
409871.webp,27,no_object
409871.webp,28,no_object
409871.webp,29,no_object
409871.webp,30,no_object
409871.webp,31,no_object
409871.webp,32,no_object
409871.webp,33,no_object
409871.webp,34,no_object
409871.webp,35,stump
409871.webp,36,stump
409871.webp,37,no_object
409871.webp,38,no_object
409871.webp,39,no_object
409871.webp,40,no_object
409871.webp,41,no_object
409871.webp,42,no_object
409871.webp,43,stump
409871.webp,44,stump
409871.webp,45,no_object
409871.webp,46,no_object
409871.webp,47,no_object
409871.webp,48,no_object
409871.webp,49,no_object
409871.webp,50,no_object
409871.webp,51,stump
409871.webp,52,stump
409871.webp,53,no_object
409871.webp,54,no_object
409871.webp,55,no_object
409871.webp,56,no_object
409871.webp,57,no_object
409871.webp,58,no_object
409871.webp,59,no_object
409871.webp,60,no_object
409871.webp,61,no_object
409871.webp,62,no_object
409871.webp,63,no_object
409871.webp,64,no_object
409750.webp,1,no_object
409750.webp,2,no_object
409750.webp,3,no_object
409750.webp,4,no_object
409750.webp,5,no_object
409750.webp,6,no_object
409750.webp,7,no_object
409750.webp,8,no_object
409750.webp,9,no_object
409750.webp,10,no_object
409750.webp,11,no_object
409750.webp,12,no_object
409750.webp,13,no_object
409750.webp,14,no_object
409750.webp,15,no_object
409750.webp,16,no_object
409750.webp,17,no_object
409750.webp,18,no_object
409750.webp,19,no_object
409750.webp,20,no_object
409750.webp,21,no_object
409750.webp,22,no_object
409750.webp,23,no_object
409750.webp,24,no_object
409750.webp,25,no_object
409750.webp,26,no_object
409750.webp,27,no_object
409750.webp,28,no_object
409750.webp,29,no_object
409750.webp,30,no_object
409750.webp,31,no_object
409750.webp,32,no_object
409750.webp,33,no_object
409750.webp,34,no_object
409750.webp,35,no_object
409750.webp,36,no_object
409750.webp,37,no_object
409750.webp,38,no_object
409750.webp,39,no_object
409750.webp,40,no_object
409750.webp,41,no_object
409750.webp,42,bat
409750.webp,43,bat
409750.webp,44,bat
409750.webp,45,no_object
409750.webp,46,no_object
409750.webp,47,no_object
409750.webp,48,no_object
409750.webp,49,no_object
409750.webp,50,no_object
409750.webp,51,no_object
409750.webp,52,no_object
409750.webp,53,no_object
409750.webp,54,no_object
409750.webp,55,no_object
409750.webp,56,no_object
409750.webp,57,no_object
409750.webp,58,no_object
409750.webp,59,no_object
409750.webp,60,no_object
409750.webp,61,no_object
409750.webp,62,no_object
409750.webp,63,no_object
409750.webp,64,no_object
409001.webp,1,no_object
409001.webp,2,no_object
409001.webp,3,no_object
409001.webp,4,no_object
409001.webp,5,no_object
409001.webp,6,no_object
409001.webp,7,no_object
409001.webp,8,no_object
409001.webp,9,no_object
409001.webp,10,no_object
409001.webp,11,no_object
409001.webp,12,no_object
409001.webp,13,no_object
409001.webp,14,no_object
409001.webp,15,no_object
409001.webp,16,no_object
409001.webp,17,no_object
409001.webp,18,no_object
409001.webp,19,no_object
409001.webp,20,no_object
409001.webp,21,no_object
409001.webp,22,no_object
409001.webp,23,no_object
409001.webp,24,no_object
409001.webp,25,no_object
409001.webp,26,no_object
409001.webp,27,no_object
409001.webp,28,no_object
409001.webp,29,no_object
409001.webp,30,no_object
409001.webp,31,no_object
409001.webp,32,no_object
409001.webp,33,no_object
409001.webp,34,no_object
409001.webp,35,bat
409001.webp,36,no_object
409001.webp,37,no_object
409001.webp,38,bat
409001.webp,39,no_object
409001.webp,40,no_object
409001.webp,41,no_object
409001.webp,42,no_object
409001.webp,43,bat
409001.webp,44,no_object
409001.webp,45,bat
409001.webp,46,no_object
409001.webp,47,no_object
409001.webp,48,no_object
409001.webp,49,no_object
409001.webp,50,no_object
409001.webp,51,bat
409001.webp,52,no_object
409001.webp,53,bat
409001.webp,54,no_object
409001.webp,55,no_object
409001.webp,56,no_object
409001.webp,57,no_object
409001.webp,58,no_object
409001.webp,59,bat
409001.webp,60,no_object
409001.webp,61,no_object
409001.webp,62,no_object
409001.webp,63,no_object
409001.webp,64,no_object
409053.webp,1,no_object
409053.webp,2,no_object
409053.webp,3,no_object
409053.webp,4,no_object
409053.webp,5,no_object
409053.webp,6,no_object
409053.webp,7,no_object
409053.webp,8,no_object
409053.webp,9,no_object
409053.webp,10,bat
409053.webp,11,bat
409053.webp,12,no_object
409053.webp,13,no_object
409053.webp,14,no_object
409053.webp,15,no_object
409053.webp,16,no_object
409053.webp,17,no_object
409053.webp,18,bat
409053.webp,19,no_object
409053.webp,20,no_object
409053.webp,21,no_object
409053.webp,22,no_object
409053.webp,23,no_object
409053.webp,24,no_object
409053.webp,25,no_object
409053.webp,26,no_object
409053.webp,27,no_object
409053.webp,28,no_object
409053.webp,29,no_object
409053.webp,30,no_object
409053.webp,31,no_object
409053.webp,32,no_object
409053.webp,33,no_object
409053.webp,34,no_object
409053.webp,35,no_object
409053.webp,36,no_object
409053.webp,37,no_object
409053.webp,38,no_object
409053.webp,39,no_object
409053.webp,40,no_object
409053.webp,41,no_object
409053.webp,42,no_object
409053.webp,43,no_object
409053.webp,44,no_object
409053.webp,45,no_object
409053.webp,46,no_object
409053.webp,47,no_object
409053.webp,48,no_object
409053.webp,49,no_object
409053.webp,50,no_object
409053.webp,51,no_object
409053.webp,52,no_object
409053.webp,53,no_object
409053.webp,54,no_object
409053.webp,55,no_object
409053.webp,56,no_object
409053.webp,57,no_object
409053.webp,58,no_object
409053.webp,59,no_object
409053.webp,60,no_object
409053.webp,61,no_object
409053.webp,62,no_object
409053.webp,63,no_object
409053.webp,64,no_object
409091.webp,1,no_object
409091.webp,2,no_object
409091.webp,3,no_object
409091.webp,4,no_object
409091.webp,5,no_object
409091.webp,6,no_object
409091.webp,7,no_object
409091.webp,8,no_object
409091.webp,9,no_object
409091.webp,10,no_object
409091.webp,11,no_object
409091.webp,12,no_object
409091.webp,13,no_object
409091.webp,14,no_object
409091.webp,15,no_object
409091.webp,16,no_object
409091.webp,17,no_object
409091.webp,18,no_object
409091.webp,19,no_object
409091.webp,20,no_object
409091.webp,21,no_object
409091.webp,22,no_object
409091.webp,23,no_object
409091.webp,24,no_object
409091.webp,25,no_object
409091.webp,26,no_object
409091.webp,27,no_object
409091.webp,28,no_object
409091.webp,29,bat
409091.webp,30,bat
409091.webp,31,bat
409091.webp,32,no_object
409091.webp,33,no_object
409091.webp,34,no_object
409091.webp,35,no_object
409091.webp,36,no_object
409091.webp,37,bat
409091.webp,38,no_object
409091.webp,39,no_object
409091.webp,40,no_object
409091.webp,41,no_object
409091.webp,42,no_object
409091.webp,43,no_object
409091.webp,44,no_object
409091.webp,45,bat
409091.webp,46,bat
409091.webp,47,no_object
409091.webp,48,no_object
409091.webp,49,no_object
409091.webp,50,no_object
409091.webp,51,no_object
409091.webp,52,no_object
409091.webp,53,no_object
409091.webp,54,no_object
409091.webp,55,no_object
409091.webp,56,no_object
409091.webp,57,no_object
409091.webp,58,no_object
409091.webp,59,no_object
409091.webp,60,no_object
409091.webp,61,no_object
409091.webp,62,no_object
409091.webp,63,no_object
409091.webp,64,no_object
409093.webp,1,no_object
409093.webp,2,no_object
409093.webp,3,no_object
409093.webp,4,no_object
409093.webp,5,bat
409093.webp,6,no_object
409093.webp,7,no_object
409093.webp,8,no_object
409093.webp,9,no_object
409093.webp,10,no_object
409093.webp,11,no_object
409093.webp,12,bat
409093.webp,13,bat
409093.webp,14,no_object
409093.webp,15,no_object
409093.webp,16,no_object
409093.webp,17,no_object
409093.webp,18,no_object
409093.webp,19,no_object
409093.webp,20,bat
409093.webp,21,no_object
409093.webp,22,no_object
409093.webp,23,no_object
409093.webp,24,no_object
409093.webp,25,no_object
409093.webp,26,no_object
409093.webp,27,no_object
409093.webp,28,no_object
409093.webp,29,no_object
409093.webp,30,no_object
409093.webp,31,no_object
409093.webp,32,no_object
409093.webp,33,no_object
409093.webp,34,no_object
409093.webp,35,no_object
409093.webp,36,no_object
409093.webp,37,no_object
409093.webp,38,no_object
409093.webp,39,no_object
409093.webp,40,no_object
409093.webp,41,stump
409093.webp,42,no_object
409093.webp,43,no_object
409093.webp,44,no_object
409093.webp,45,no_object
409093.webp,46,no_object
409093.webp,47,no_object
409093.webp,48,no_object
409093.webp,49,stump
409093.webp,50,no_object
409093.webp,51,no_object
409093.webp,52,no_object
409093.webp,53,no_object
409093.webp,54,no_object
409093.webp,55,no_object
409093.webp,56,no_object
409093.webp,57,stump
409093.webp,58,no_object
409093.webp,59,no_object
409093.webp,60,no_object
409093.webp,61,no_object
409093.webp,62,no_object
409093.webp,63,no_object
409093.webp,64,no_object
409703.webp,1,no_object
409703.webp,2,no_object
409703.webp,3,no_object
409703.webp,4,no_object
409703.webp,5,no_object
409703.webp,6,no_object
409703.webp,7,no_object
409703.webp,8,no_object
409703.webp,9,no_object
409703.webp,10,no_object
409703.webp,11,no_object
409703.webp,12,no_object
409703.webp,13,no_object
409703.webp,14,no_object
409703.webp,15,no_object
409703.webp,16,no_object
409703.webp,17,no_object
409703.webp,18,no_object
409703.webp,19,no_object
409703.webp,20,no_object
409703.webp,21,no_object
409703.webp,22,no_object
409703.webp,23,no_object
409703.webp,24,no_object
409703.webp,25,no_object
409703.webp,26,no_object
409703.webp,27,no_object
409703.webp,28,no_object
409703.webp,29,no_object
409703.webp,30,no_object
409703.webp,31,no_object
409703.webp,32,no_object
409703.webp,33,no_object
409703.webp,34,no_object
409703.webp,35,no_object
409703.webp,36,no_object
409703.webp,37,no_object
409703.webp,38,no_object
409703.webp,39,no_object
409703.webp,40,no_object
409703.webp,41,no_object
409703.webp,42,no_object
409703.webp,43,ball
409703.webp,44,no_object
409703.webp,45,no_object
409703.webp,46,no_object
409703.webp,47,no_object
409703.webp,48,no_object
409703.webp,49,no_object
409703.webp,50,no_object
409703.webp,51,no_object
409703.webp,52,no_object
409703.webp,53,no_object
409703.webp,54,no_object
409703.webp,55,no_object
409703.webp,56,no_object
409703.webp,57,no_object
409703.webp,58,no_object
409703.webp,59,no_object
409703.webp,60,no_object
409703.webp,61,no_object
409703.webp,62,no_object
409703.webp,63,no_object
409703.webp,64,no_object
409918.webp,1,no_object
409918.webp,2,no_object
409918.webp,3,no_object
409918.webp,4,no_object
409918.webp,5,no_object
409918.webp,6,no_object
409918.webp,7,no_object
409918.webp,8,no_object
409918.webp,9,no_object
409918.webp,10,no_object
409918.webp,11,no_object
409918.webp,12,no_object
409918.webp,13,no_object
409918.webp,14,no_object
409918.webp,15,no_object
409918.webp,16,no_object
409918.webp,17,no_object
409918.webp,18,no_object
409918.webp,19,no_object
409918.webp,20,no_object
409918.webp,21,no_object
409918.webp,22,no_object
409918.webp,23,no_object
409918.webp,24,no_object
409918.webp,25,no_object
409918.webp,26,no_object
409918.webp,27,no_object
409918.webp,28,no_object
409918.webp,29,no_object
409918.webp,30,no_object
409918.webp,31,no_object
409918.webp,32,no_object
409918.webp,33,no_object
409918.webp,34,no_object
409918.webp,35,no_object
409918.webp,36,no_object
409918.webp,37,no_object
409918.webp,38,no_object
409918.webp,39,no_object
409918.webp,40,no_object
409918.webp,41,no_object
409918.webp,42,no_object
409918.webp,43,no_object
409918.webp,44,no_object
409918.webp,45,no_object
409918.webp,46,no_object
409918.webp,47,no_object
409918.webp,48,no_object
409918.webp,49,no_object
409918.webp,50,no_object
409918.webp,51,no_object
409918.webp,52,no_object
409918.webp,53,no_object
409918.webp,54,no_object
409918.webp,55,no_object
409918.webp,56,no_object
409918.webp,57,no_object
409918.webp,58,no_object
409918.webp,59,no_object
409918.webp,60,ball
409918.webp,61,no_object
409918.webp,62,no_object
409918.webp,63,no_object
409918.webp,64,no_object
409768.webp,1,no_object
409768.webp,2,no_object
409768.webp,3,no_object
409768.webp,4,no_object
409768.webp,5,no_object
409768.webp,6,no_object
409768.webp,7,no_object
409768.webp,8,no_object
409768.webp,9,no_object
409768.webp,10,no_object
409768.webp,11,no_object
409768.webp,12,no_object
409768.webp,13,no_object
409768.webp,14,no_object
409768.webp,15,no_object
409768.webp,16,no_object
409768.webp,17,no_object
409768.webp,18,no_object
409768.webp,19,no_object
409768.webp,20,no_object
409768.webp,21,no_object
409768.webp,22,no_object
409768.webp,23,no_object
409768.webp,24,no_object
409768.webp,25,no_object
409768.webp,26,no_object
409768.webp,27,no_object
409768.webp,28,no_object
409768.webp,29,no_object
409768.webp,30,no_object
409768.webp,31,no_object
409768.webp,32,no_object
409768.webp,33,no_object
409768.webp,34,no_object
409768.webp,35,no_object
409768.webp,36,no_object
409768.webp,37,no_object
409768.webp,38,no_object
409768.webp,39,no_object
409768.webp,40,stump
409768.webp,41,no_object
409768.webp,42,no_object
409768.webp,43,no_object
409768.webp,44,no_object
409768.webp,45,no_object
409768.webp,46,no_object
409768.webp,47,no_object
409768.webp,48,stump
409768.webp,49,no_object
409768.webp,50,no_object
409768.webp,51,no_object
409768.webp,52,no_object
409768.webp,53,no_object
409768.webp,54,no_object
409768.webp,55,no_object
409768.webp,56,stump
409768.webp,57,no_object
409768.webp,58,no_object
409768.webp,59,no_object
409768.webp,60,no_object
409768.webp,61,no_object
409768.webp,62,no_object
409768.webp,63,no_object
409768.webp,64,no_object
409725.webp,1,no_object
409725.webp,2,no_object
409725.webp,3,no_object
409725.webp,4,no_object
409725.webp,5,no_object
409725.webp,6,no_object
409725.webp,7,no_object
409725.webp,8,no_object
409725.webp,9,no_object
409725.webp,10,no_object
409725.webp,11,no_object
409725.webp,12,no_object
409725.webp,13,no_object
409725.webp,14,no_object
409725.webp,15,no_object
409725.webp,16,no_object
409725.webp,17,no_object
409725.webp,18,no_object
409725.webp,19,no_object
409725.webp,20,no_object
409725.webp,21,no_object
409725.webp,22,no_object
409725.webp,23,no_object
409725.webp,24,no_object
409725.webp,25,no_object
409725.webp,26,no_object
409725.webp,27,no_object
409725.webp,28,no_object
409725.webp,29,no_object
409725.webp,30,no_object
409725.webp,31,no_object
409725.webp,32,no_object
409725.webp,33,no_object
409725.webp,34,no_object
409725.webp,35,no_object
409725.webp,36,no_object
409725.webp,37,no_object
409725.webp,38,no_object
409725.webp,39,no_object
409725.webp,40,no_object
409725.webp,41,no_object
409725.webp,42,no_object
409725.webp,43,no_object
409725.webp,44,no_object
409725.webp,45,ball
409725.webp,46,no_object
409725.webp,47,no_object
409725.webp,48,no_object
409725.webp,49,no_object
409725.webp,50,no_object
409725.webp,51,no_object
409725.webp,52,no_object
409725.webp,53,ball
409725.webp,54,no_object
409725.webp,55,no_object
409725.webp,56,no_object
409725.webp,57,no_object
409725.webp,58,no_object
409725.webp,59,no_object
409725.webp,60,no_object
409725.webp,61,no_object
409725.webp,62,no_object
409725.webp,63,no_object
409725.webp,64,no_object
409865.webp,1,no_object
409865.webp,2,no_object
409865.webp,3,no_object
409865.webp,4,no_object
409865.webp,5,bat
409865.webp,6,no_object
409865.webp,7,no_object
409865.webp,8,no_object
409865.webp,9,no_object
409865.webp,10,no_object
409865.webp,11,no_object
409865.webp,12,no_object
409865.webp,13,bat
409865.webp,14,no_object
409865.webp,15,no_object
409865.webp,16,no_object
409865.webp,17,no_object
409865.webp,18,no_object
409865.webp,19,no_object
409865.webp,20,no_object
409865.webp,21,bat
409865.webp,22,no_object
409865.webp,23,no_object
409865.webp,24,no_object
409865.webp,25,no_object
409865.webp,26,no_object
409865.webp,27,no_object
409865.webp,28,no_object
409865.webp,29,bat
409865.webp,30,no_object
409865.webp,31,no_object
409865.webp,32,no_object
409865.webp,33,no_object
409865.webp,34,stump
409865.webp,35,stump
409865.webp,36,no_object
409865.webp,37,no_object
409865.webp,38,no_object
409865.webp,39,no_object
409865.webp,40,no_object
409865.webp,41,no_object
409865.webp,42,stump
409865.webp,43,stump
409865.webp,44,no_object
409865.webp,45,no_object
409865.webp,46,no_object
409865.webp,47,ball
409865.webp,48,no_object
409865.webp,49,no_object
409865.webp,50,stump
409865.webp,51,stump
409865.webp,52,no_object
409865.webp,53,no_object
409865.webp,54,no_object
409865.webp,55,ball
409865.webp,56,no_object
409865.webp,57,no_object
409865.webp,58,stump
409865.webp,59,stump
409865.webp,60,no_object
409865.webp,61,no_object
409865.webp,62,no_object
409865.webp,63,no_object
409865.webp,64,no_object
409825.webp,1,no_object
409825.webp,2,no_object
409825.webp,3,no_object
409825.webp,4,no_object
409825.webp,5,no_object
409825.webp,6,no_object
409825.webp,7,no_object
409825.webp,8,no_object
409825.webp,9,no_object
409825.webp,10,no_object
409825.webp,11,no_object
409825.webp,12,no_object
409825.webp,13,no_object
409825.webp,14,no_object
409825.webp,15,no_object
409825.webp,16,no_object
409825.webp,17,no_object
409825.webp,18,no_object
409825.webp,19,no_object
409825.webp,20,no_object
409825.webp,21,no_object
409825.webp,22,no_object
409825.webp,23,no_object
409825.webp,24,no_object
409825.webp,25,no_object
409825.webp,26,no_object
409825.webp,27,no_object
409825.webp,28,no_object
409825.webp,29,no_object
409825.webp,30,no_object
409825.webp,31,no_object
409825.webp,32,no_object
409825.webp,33,no_object
409825.webp,34,no_object
409825.webp,35,no_object
409825.webp,36,no_object
409825.webp,37,bat
409825.webp,38,no_object
409825.webp,39,no_object
409825.webp,40,stump
409825.webp,41,no_object
409825.webp,42,no_object
409825.webp,43,no_object
409825.webp,44,no_object
409825.webp,45,bat
409825.webp,46,no_object
409825.webp,47,no_object
409825.webp,48,stump
409825.webp,49,no_object
409825.webp,50,no_object
409825.webp,51,no_object
409825.webp,52,no_object
409825.webp,53,no_object
409825.webp,54,no_object
409825.webp,55,no_object
409825.webp,56,no_object
409825.webp,57,no_object
409825.webp,58,no_object
409825.webp,59,no_object
409825.webp,60,no_object
409825.webp,61,no_object
409825.webp,62,no_object
409825.webp,63,no_object
409825.webp,64,no_object
409878.webp,1,no_object
409878.webp,2,no_object
409878.webp,3,no_object
409878.webp,4,no_object
409878.webp,5,no_object
409878.webp,6,no_object
409878.webp,7,no_object
409878.webp,8,no_object
409878.webp,9,no_object
409878.webp,10,no_object
409878.webp,11,no_object
409878.webp,12,no_object
409878.webp,13,no_object
409878.webp,14,no_object
409878.webp,15,no_object
409878.webp,16,no_object
409878.webp,17,no_object
409878.webp,18,no_object
409878.webp,19,no_object
409878.webp,20,no_object
409878.webp,21,no_object
409878.webp,22,no_object
409878.webp,23,no_object
409878.webp,24,no_object
409878.webp,25,no_object
409878.webp,26,no_object
409878.webp,27,no_object
409878.webp,28,no_object
409878.webp,29,no_object
409878.webp,30,no_object
409878.webp,31,no_object
409878.webp,32,no_object
409878.webp,33,no_object
409878.webp,34,no_object
409878.webp,35,no_object
409878.webp,36,stump
409878.webp,37,no_object
409878.webp,38,no_object
409878.webp,39,no_object
409878.webp,40,no_object
409878.webp,41,no_object
409878.webp,42,no_object
409878.webp,43,no_object
409878.webp,44,stump
409878.webp,45,no_object
409878.webp,46,no_object
409878.webp,47,no_object
409878.webp,48,no_object
409878.webp,49,no_object
409878.webp,50,no_object
409878.webp,51,no_object
409878.webp,52,stump
409878.webp,53,no_object
409878.webp,54,no_object
409878.webp,55,no_object
409878.webp,56,no_object
409878.webp,57,no_object
409878.webp,58,no_object
409878.webp,59,no_object
409878.webp,60,stump
409878.webp,61,no_object
409878.webp,62,no_object
409878.webp,63,no_object
409878.webp,64,no_object
409761.webp,1,no_object
409761.webp,2,no_object
409761.webp,3,no_object
409761.webp,4,no_object
409761.webp,5,no_object
409761.webp,6,no_object
409761.webp,7,no_object
409761.webp,8,no_object
409761.webp,9,no_object
409761.webp,10,no_object
409761.webp,11,no_object
409761.webp,12,no_object
409761.webp,13,no_object
409761.webp,14,bat
409761.webp,15,no_object
409761.webp,16,no_object
409761.webp,17,no_object
409761.webp,18,no_object
409761.webp,19,no_object
409761.webp,20,no_object
409761.webp,21,no_object
409761.webp,22,bat
409761.webp,23,bat
409761.webp,24,no_object
409761.webp,25,no_object
409761.webp,26,no_object
409761.webp,27,no_object
409761.webp,28,no_object
409761.webp,29,no_object
409761.webp,30,no_object
409761.webp,31,bat
409761.webp,32,no_object
409761.webp,33,stump
409761.webp,34,no_object
409761.webp,35,no_object
409761.webp,36,no_object
409761.webp,37,no_object
409761.webp,38,no_object
409761.webp,39,no_object
409761.webp,40,no_object
409761.webp,41,stump
409761.webp,42,no_object
409761.webp,43,no_object
409761.webp,44,no_object
409761.webp,45,no_object
409761.webp,46,no_object
409761.webp,47,no_object
409761.webp,48,no_object
409761.webp,49,stump
409761.webp,50,no_object
409761.webp,51,no_object
409761.webp,52,no_object
409761.webp,53,no_object
409761.webp,54,no_object
409761.webp,55,no_object
409761.webp,56,no_object
409761.webp,57,no_object
409761.webp,58,no_object
409761.webp,59,no_object
409761.webp,60,no_object
409761.webp,61,no_object
409761.webp,62,no_object
409761.webp,63,no_object
409761.webp,64,no_object
409055.webp,1,no_object
409055.webp,2,no_object
409055.webp,3,bat
409055.webp,4,no_object
409055.webp,5,no_object
409055.webp,6,no_object
409055.webp,7,no_object
409055.webp,8,no_object
409055.webp,9,no_object
409055.webp,10,no_object
409055.webp,11,bat
409055.webp,12,no_object
409055.webp,13,no_object
409055.webp,14,no_object
409055.webp,15,no_object
409055.webp,16,no_object
409055.webp,17,no_object
409055.webp,18,no_object
409055.webp,19,bat
409055.webp,20,no_object
409055.webp,21,no_object
409055.webp,22,no_object
409055.webp,23,no_object
409055.webp,24,no_object
409055.webp,25,no_object
409055.webp,26,no_object
409055.webp,27,bat
409055.webp,28,no_object
409055.webp,29,no_object
409055.webp,30,no_object
409055.webp,31,no_object
409055.webp,32,no_object
409055.webp,33,no_object
409055.webp,34,no_object
409055.webp,35,no_object
409055.webp,36,no_object
409055.webp,37,no_object
409055.webp,38,no_object
409055.webp,39,no_object
409055.webp,40,no_object
409055.webp,41,no_object
409055.webp,42,no_object
409055.webp,43,no_object
409055.webp,44,no_object
409055.webp,45,no_object
409055.webp,46,no_object
409055.webp,47,no_object
409055.webp,48,no_object
409055.webp,49,no_object
409055.webp,50,no_object
409055.webp,51,no_object
409055.webp,52,bat
409055.webp,53,no_object
409055.webp,54,no_object
409055.webp,55,no_object
409055.webp,56,no_object
409055.webp,57,no_object
409055.webp,58,no_object
409055.webp,59,no_object
409055.webp,60,no_object
409055.webp,61,no_object
409055.webp,62,no_object
409055.webp,63,no_object
409055.webp,64,no_object
409061.webp,1,no_object
409061.webp,2,no_object
409061.webp,3,no_object
409061.webp,4,no_object
409061.webp,5,no_object
409061.webp,6,no_object
409061.webp,7,no_object
409061.webp,8,no_object
409061.webp,9,no_object
409061.webp,10,no_object
409061.webp,11,bat
409061.webp,12,bat
409061.webp,13,no_object
409061.webp,14,no_object
409061.webp,15,no_object
409061.webp,16,no_object
409061.webp,17,no_object
409061.webp,18,no_object
409061.webp,19,no_object
409061.webp,20,no_object
409061.webp,21,no_object
409061.webp,22,no_object
409061.webp,23,no_object
409061.webp,24,no_object
409061.webp,25,no_object
409061.webp,26,no_object
409061.webp,27,no_object
409061.webp,28,no_object
409061.webp,29,no_object
409061.webp,30,no_object
409061.webp,31,no_object
409061.webp,32,no_object
409061.webp,33,ball
409061.webp,34,no_object
409061.webp,35,no_object
409061.webp,36,no_object
409061.webp,37,no_object
409061.webp,38,no_object
409061.webp,39,no_object
409061.webp,40,no_object
409061.webp,41,no_object
409061.webp,42,no_object
409061.webp,43,no_object
409061.webp,44,no_object
409061.webp,45,no_object
409061.webp,46,no_object
409061.webp,47,no_object
409061.webp,48,no_object
409061.webp,49,no_object
409061.webp,50,no_object
409061.webp,51,no_object
409061.webp,52,no_object
409061.webp,53,no_object
409061.webp,54,no_object
409061.webp,55,no_object
409061.webp,56,no_object
409061.webp,57,no_object
409061.webp,58,no_object
409061.webp,59,no_object
409061.webp,60,no_object
409061.webp,61,no_object
409061.webp,62,no_object
409061.webp,63,no_object
409061.webp,64,no_object
409002.webp,1,no_object
409002.webp,2,no_object
409002.webp,3,no_object
409002.webp,4,no_object
409002.webp,5,no_object
409002.webp,6,no_object
409002.webp,7,no_object
409002.webp,8,no_object
409002.webp,9,no_object
409002.webp,10,no_object
409002.webp,11,no_object
409002.webp,12,no_object
409002.webp,13,no_object
409002.webp,14,no_object
409002.webp,15,no_object
409002.webp,16,no_object
409002.webp,17,no_object
409002.webp,18,ball
409002.webp,19,no_object
409002.webp,20,no_object
409002.webp,21,no_object
409002.webp,22,no_object
409002.webp,23,no_object
409002.webp,24,no_object
409002.webp,25,no_object
409002.webp,26,bat
409002.webp,27,bat
409002.webp,28,bat
409002.webp,29,no_object
409002.webp,30,no_object
409002.webp,31,no_object
409002.webp,32,no_object
409002.webp,33,no_object
409002.webp,34,no_object
409002.webp,35,no_object
409002.webp,36,bat
409002.webp,37,no_object
409002.webp,38,no_object
409002.webp,39,no_object
409002.webp,40,no_object
409002.webp,41,no_object
409002.webp,42,no_object
409002.webp,43,no_object
409002.webp,44,no_object
409002.webp,45,no_object
409002.webp,46,no_object
409002.webp,47,no_object
409002.webp,48,no_object
409002.webp,49,no_object
409002.webp,50,no_object
409002.webp,51,no_object
409002.webp,52,no_object
409002.webp,53,no_object
409002.webp,54,no_object
409002.webp,55,no_object
409002.webp,56,no_object
409002.webp,57,no_object
409002.webp,58,no_object
409002.webp,59,no_object
409002.webp,60,no_object
409002.webp,61,no_object
409002.webp,62,no_object
409002.webp,63,no_object
409002.webp,64,no_object
409027.webp,1,no_object
409027.webp,2,no_object
409027.webp,3,no_object
409027.webp,4,no_object
409027.webp,5,no_object
409027.webp,6,no_object
409027.webp,7,no_object
409027.webp,8,no_object
409027.webp,9,no_object
409027.webp,10,bat
409027.webp,11,bat
409027.webp,12,no_object
409027.webp,13,no_object
409027.webp,14,no_object
409027.webp,15,no_object
409027.webp,16,no_object
409027.webp,17,no_object
409027.webp,18,no_object
409027.webp,19,no_object
409027.webp,20,no_object
409027.webp,21,no_object
409027.webp,22,no_object
409027.webp,23,no_object
409027.webp,24,no_object
409027.webp,25,no_object
409027.webp,26,no_object
409027.webp,27,no_object
409027.webp,28,no_object
409027.webp,29,no_object
409027.webp,30,no_object
409027.webp,31,no_object
409027.webp,32,no_object
409027.webp,33,no_object
409027.webp,34,no_object
409027.webp,35,no_object
409027.webp,36,no_object
409027.webp,37,no_object
409027.webp,38,no_object
409027.webp,39,stump
409027.webp,40,no_object
409027.webp,41,no_object
409027.webp,42,no_object
409027.webp,43,no_object
409027.webp,44,no_object
409027.webp,45,no_object
409027.webp,46,no_object
409027.webp,47,stump
409027.webp,48,no_object
409027.webp,49,no_object
409027.webp,50,no_object
409027.webp,51,no_object
409027.webp,52,no_object
409027.webp,53,no_object
409027.webp,54,no_object
409027.webp,55,stump
409027.webp,56,no_object
409027.webp,57,no_object
409027.webp,58,no_object
409027.webp,59,no_object
409027.webp,60,no_object
409027.webp,61,no_object
409027.webp,62,no_object
409027.webp,63,stump
409027.webp,64,no_object
409758.webp,1,no_object
409758.webp,2,no_object
409758.webp,3,no_object
409758.webp,4,no_object
409758.webp,5,no_object
409758.webp,6,no_object
409758.webp,7,no_object
409758.webp,8,no_object
409758.webp,9,no_object
409758.webp,10,no_object
409758.webp,11,no_object
409758.webp,12,no_object
409758.webp,13,no_object
409758.webp,14,no_object
409758.webp,15,no_object
409758.webp,16,no_object
409758.webp,17,no_object
409758.webp,18,no_object
409758.webp,19,no_object
409758.webp,20,no_object
409758.webp,21,no_object
409758.webp,22,bat
409758.webp,23,bat
409758.webp,24,no_object
409758.webp,25,no_object
409758.webp,26,no_object
409758.webp,27,no_object
409758.webp,28,no_object
409758.webp,29,bat
409758.webp,30,no_object
409758.webp,31,no_object
409758.webp,32,no_object
409758.webp,33,no_object
409758.webp,34,no_object
409758.webp,35,ball
409758.webp,36,no_object
409758.webp,37,no_object
409758.webp,38,no_object
409758.webp,39,no_object
409758.webp,40,no_object
409758.webp,41,no_object
409758.webp,42,no_object
409758.webp,43,no_object
409758.webp,44,no_object
409758.webp,45,no_object
409758.webp,46,no_object
409758.webp,47,no_object
409758.webp,48,no_object
409758.webp,49,no_object
409758.webp,50,no_object
409758.webp,51,no_object
409758.webp,52,no_object
409758.webp,53,no_object
409758.webp,54,no_object
409758.webp,55,no_object
409758.webp,56,no_object
409758.webp,57,no_object
409758.webp,58,no_object
409758.webp,59,no_object
409758.webp,60,no_object
409758.webp,61,no_object
409758.webp,62,no_object
409758.webp,63,no_object
409758.webp,64,no_object
409082.webp,1,bat
409082.webp,2,no_object
409082.webp,3,no_object
409082.webp,4,no_object
409082.webp,5,no_object
409082.webp,6,no_object
409082.webp,7,no_object
409082.webp,8,no_object
409082.webp,9,bat
409082.webp,10,bat
409082.webp,11,no_object
409082.webp,12,no_object
409082.webp,13,no_object
409082.webp,14,no_object
409082.webp,15,no_object
409082.webp,16,no_object
409082.webp,17,no_object
409082.webp,18,bat
409082.webp,19,no_object
409082.webp,20,no_object
409082.webp,21,no_object
409082.webp,22,no_object
409082.webp,23,no_object
409082.webp,24,no_object
409082.webp,25,no_object
409082.webp,26,no_object
409082.webp,27,no_object
409082.webp,28,no_object
409082.webp,29,no_object
409082.webp,30,no_object
409082.webp,31,no_object
409082.webp,32,no_object
409082.webp,33,no_object
409082.webp,34,no_object
409082.webp,35,no_object
409082.webp,36,no_object
409082.webp,37,no_object
409082.webp,38,no_object
409082.webp,39,no_object
409082.webp,40,stump
409082.webp,41,no_object
409082.webp,42,no_object
409082.webp,43,no_object
409082.webp,44,no_object
409082.webp,45,no_object
409082.webp,46,no_object
409082.webp,47,no_object
409082.webp,48,stump
409082.webp,49,no_object
409082.webp,50,no_object
409082.webp,51,no_object
409082.webp,52,no_object
409082.webp,53,no_object
409082.webp,54,no_object
409082.webp,55,no_object
409082.webp,56,stump
409082.webp,57,no_object
409082.webp,58,no_object
409082.webp,59,no_object
409082.webp,60,no_object
409082.webp,61,no_object
409082.webp,62,no_object
409082.webp,63,no_object
409082.webp,64,no_object
409883.webp,1,no_object
409883.webp,2,no_object
409883.webp,3,no_object
409883.webp,4,no_object
409883.webp,5,no_object
409883.webp,6,no_object
409883.webp,7,no_object
409883.webp,8,no_object
409883.webp,9,no_object
409883.webp,10,no_object
409883.webp,11,no_object
409883.webp,12,no_object
409883.webp,13,no_object
409883.webp,14,no_object
409883.webp,15,no_object
409883.webp,16,no_object
409883.webp,17,no_object
409883.webp,18,no_object
409883.webp,19,no_object
409883.webp,20,no_object
409883.webp,21,no_object
409883.webp,22,no_object
409883.webp,23,no_object
409883.webp,24,no_object
409883.webp,25,no_object
409883.webp,26,ball
409883.webp,27,no_object
409883.webp,28,no_object
409883.webp,29,no_object
409883.webp,30,no_object
409883.webp,31,no_object
409883.webp,32,no_object
409883.webp,33,no_object
409883.webp,34,no_object
409883.webp,35,no_object
409883.webp,36,no_object
409883.webp,37,no_object
409883.webp,38,no_object
409883.webp,39,no_object
409883.webp,40,no_object
409883.webp,41,no_object
409883.webp,42,no_object
409883.webp,43,no_object
409883.webp,44,no_object
409883.webp,45,no_object
409883.webp,46,no_object
409883.webp,47,no_object
409883.webp,48,no_object
409883.webp,49,no_object
409883.webp,50,no_object
409883.webp,51,no_object
409883.webp,52,no_object
409883.webp,53,no_object
409883.webp,54,no_object
409883.webp,55,no_object
409883.webp,56,no_object
409883.webp,57,no_object
409883.webp,58,no_object
409883.webp,59,no_object
409883.webp,60,no_object
409883.webp,61,no_object
409883.webp,62,no_object
409883.webp,63,no_object
409883.webp,64,no_object
408993.webp,1,no_object
408993.webp,2,no_object
408993.webp,3,no_object
408993.webp,4,no_object
408993.webp,5,no_object
408993.webp,6,no_object
408993.webp,7,no_object
408993.webp,8,no_object
408993.webp,9,no_object
408993.webp,10,no_object
408993.webp,11,no_object
408993.webp,12,no_object
408993.webp,13,bat
408993.webp,14,no_object
408993.webp,15,bat
408993.webp,16,no_object
408993.webp,17,no_object
408993.webp,18,no_object
408993.webp,19,no_object
408993.webp,20,no_object
408993.webp,21,no_object
408993.webp,22,no_object
408993.webp,23,bat
408993.webp,24,no_object
408993.webp,25,no_object
408993.webp,26,no_object
408993.webp,27,no_object
408993.webp,28,no_object
408993.webp,29,no_object
408993.webp,30,no_object
408993.webp,31,no_object
408993.webp,32,no_object
408993.webp,33,no_object
408993.webp,34,no_object
408993.webp,35,no_object
408993.webp,36,no_object
408993.webp,37,no_object
408993.webp,38,no_object
408993.webp,39,no_object
408993.webp,40,no_object
408993.webp,41,no_object
408993.webp,42,no_object
408993.webp,43,no_object
408993.webp,44,no_object
408993.webp,45,no_object
408993.webp,46,no_object
408993.webp,47,no_object
408993.webp,48,no_object
408993.webp,49,no_object
408993.webp,50,no_object
408993.webp,51,no_object
408993.webp,52,no_object
408993.webp,53,no_object
408993.webp,54,no_object
408993.webp,55,no_object
408993.webp,56,no_object
408993.webp,57,ball
408993.webp,58,no_object
408993.webp,59,no_object
408993.webp,60,no_object
408993.webp,61,no_object
408993.webp,62,no_object
408993.webp,63,no_object
408993.webp,64,no_object
409051.webp,1,no_object
409051.webp,2,no_object
409051.webp,3,no_object
409051.webp,4,bat
409051.webp,5,bat
409051.webp,6,no_object
409051.webp,7,no_object
409051.webp,8,no_object
409051.webp,9,no_object
409051.webp,10,no_object
409051.webp,11,no_object
409051.webp,12,no_object
409051.webp,13,bat
409051.webp,14,bat
409051.webp,15,no_object
409051.webp,16,no_object
409051.webp,17,no_object
409051.webp,18,no_object
409051.webp,19,no_object
409051.webp,20,no_object
409051.webp,21,no_object
409051.webp,22,no_object
409051.webp,23,no_object
409051.webp,24,no_object
409051.webp,25,no_object
409051.webp,26,no_object
409051.webp,27,no_object
409051.webp,28,no_object
409051.webp,29,no_object
409051.webp,30,no_object
409051.webp,31,no_object
409051.webp,32,no_object
409051.webp,33,stump
409051.webp,34,no_object
409051.webp,35,no_object
409051.webp,36,no_object
409051.webp,37,no_object
409051.webp,38,no_object
409051.webp,39,no_object
409051.webp,40,no_object
409051.webp,41,stump
409051.webp,42,no_object
409051.webp,43,no_object
409051.webp,44,no_object
409051.webp,45,no_object
409051.webp,46,no_object
409051.webp,47,no_object
409051.webp,48,no_object
409051.webp,49,stump
409051.webp,50,no_object
409051.webp,51,no_object
409051.webp,52,no_object
409051.webp,53,no_object
409051.webp,54,no_object
409051.webp,55,no_object
409051.webp,56,no_object
409051.webp,57,stump
409051.webp,58,no_object
409051.webp,59,no_object
409051.webp,60,no_object
409051.webp,61,no_object
409051.webp,62,no_object
409051.webp,63,no_object
409051.webp,64,no_object
409036.webp,1,no_object
409036.webp,2,no_object
409036.webp,3,no_object
409036.webp,4,no_object
409036.webp,5,bat
409036.webp,6,no_object
409036.webp,7,no_object
409036.webp,8,no_object
409036.webp,9,no_object
409036.webp,10,no_object
409036.webp,11,no_object
409036.webp,12,no_object
409036.webp,13,bat
409036.webp,14,no_object
409036.webp,15,no_object
409036.webp,16,no_object
409036.webp,17,no_object
409036.webp,18,no_object
409036.webp,19,no_object
409036.webp,20,no_object
409036.webp,21,bat
409036.webp,22,no_object
409036.webp,23,no_object
409036.webp,24,no_object
409036.webp,25,no_object
409036.webp,26,no_object
409036.webp,27,no_object
409036.webp,28,no_object
409036.webp,29,no_object
409036.webp,30,no_object
409036.webp,31,no_object
409036.webp,32,no_object
409036.webp,33,no_object
409036.webp,34,no_object
409036.webp,35,no_object
409036.webp,36,no_object
409036.webp,37,no_object
409036.webp,38,no_object
409036.webp,39,no_object
409036.webp,40,no_object
409036.webp,41,stump
409036.webp,42,stump
409036.webp,43,no_object
409036.webp,44,no_object
409036.webp,45,no_object
409036.webp,46,no_object
409036.webp,47,no_object
409036.webp,48,no_object
409036.webp,49,stump
409036.webp,50,stump
409036.webp,51,no_object
409036.webp,52,no_object
409036.webp,53,no_object
409036.webp,54,no_object
409036.webp,55,no_object
409036.webp,56,no_object
409036.webp,57,stump
409036.webp,58,stump
409036.webp,59,no_object
409036.webp,60,no_object
409036.webp,61,no_object
409036.webp,62,no_object
409036.webp,63,no_object
409036.webp,64,no_object
409031.webp,1,no_object
409031.webp,2,no_object
409031.webp,3,no_object
409031.webp,4,no_object
409031.webp,5,no_object
409031.webp,6,no_object
409031.webp,7,no_object
409031.webp,8,no_object
409031.webp,9,no_object
409031.webp,10,no_object
409031.webp,11,no_object
409031.webp,12,no_object
409031.webp,13,no_object
409031.webp,14,no_object
409031.webp,15,no_object
409031.webp,16,no_object
409031.webp,17,no_object
409031.webp,18,no_object
409031.webp,19,no_object
409031.webp,20,no_object
409031.webp,21,no_object
409031.webp,22,no_object
409031.webp,23,no_object
409031.webp,24,no_object
409031.webp,25,no_object
409031.webp,26,no_object
409031.webp,27,no_object
409031.webp,28,no_object
409031.webp,29,no_object
409031.webp,30,no_object
409031.webp,31,no_object
409031.webp,32,no_object
409031.webp,33,no_object
409031.webp,34,no_object
409031.webp,35,no_object
409031.webp,36,bat
409031.webp,37,bat
409031.webp,38,bat
409031.webp,39,bat
409031.webp,40,bat
409031.webp,41,no_object
409031.webp,42,no_object
409031.webp,43,no_object
409031.webp,44,no_object
409031.webp,45,no_object
409031.webp,46,bat
409031.webp,47,bat
409031.webp,48,bat
409031.webp,49,no_object
409031.webp,50,no_object
409031.webp,51,no_object
409031.webp,52,no_object
409031.webp,53,no_object
409031.webp,54,no_object
409031.webp,55,no_object
409031.webp,56,no_object
409031.webp,57,no_object
409031.webp,58,no_object
409031.webp,59,no_object
409031.webp,60,no_object
409031.webp,61,no_object
409031.webp,62,no_object
409031.webp,63,no_object
409031.webp,64,no_object
409857.webp,1,no_object
409857.webp,2,no_object
409857.webp,3,no_object
409857.webp,4,no_object
409857.webp,5,no_object
409857.webp,6,no_object
409857.webp,7,no_object
409857.webp,8,no_object
409857.webp,9,no_object
409857.webp,10,no_object
409857.webp,11,no_object
409857.webp,12,no_object
409857.webp,13,no_object
409857.webp,14,no_object
409857.webp,15,no_object
409857.webp,16,no_object
409857.webp,17,no_object
409857.webp,18,no_object
409857.webp,19,no_object
409857.webp,20,no_object
409857.webp,21,bat
409857.webp,22,no_object
409857.webp,23,no_object
409857.webp,24,no_object
409857.webp,25,no_object
409857.webp,26,no_object
409857.webp,27,no_object
409857.webp,28,no_object
409857.webp,29,bat
409857.webp,30,no_object
409857.webp,31,no_object
409857.webp,32,no_object
409857.webp,33,no_object
409857.webp,34,no_object
409857.webp,35,no_object
409857.webp,36,no_object
409857.webp,37,bat
409857.webp,38,no_object
409857.webp,39,no_object
409857.webp,40,no_object
409857.webp,41,no_object
409857.webp,42,no_object
409857.webp,43,no_object
409857.webp,44,no_object
409857.webp,45,no_object
409857.webp,46,no_object
409857.webp,47,no_object
409857.webp,48,no_object
409857.webp,49,no_object
409857.webp,50,no_object
409857.webp,51,no_object
409857.webp,52,no_object
409857.webp,53,no_object
409857.webp,54,no_object
409857.webp,55,no_object
409857.webp,56,no_object
409857.webp,57,no_object
409857.webp,58,no_object
409857.webp,59,no_object
409857.webp,60,no_object
409857.webp,61,no_object
409857.webp,62,no_object
409857.webp,63,no_object
409857.webp,64,no_object
409869.webp,1,no_object
409869.webp,2,no_object
409869.webp,3,no_object
409869.webp,4,no_object
409869.webp,5,no_object
409869.webp,6,bat
409869.webp,7,bat
409869.webp,8,no_object
409869.webp,9,no_object
409869.webp,10,no_object
409869.webp,11,no_object
409869.webp,12,bat
409869.webp,13,bat
409869.webp,14,bat
409869.webp,15,bat
409869.webp,16,no_object
409869.webp,17,no_object
409869.webp,18,no_object
409869.webp,19,no_object
409869.webp,20,bat
409869.webp,21,bat
409869.webp,22,no_object
409869.webp,23,no_object
409869.webp,24,no_object
409869.webp,25,no_object
409869.webp,26,bat
409869.webp,27,no_object
409869.webp,28,no_object
409869.webp,29,no_object
409869.webp,30,no_object
409869.webp,31,no_object
409869.webp,32,no_object
409869.webp,33,no_object
409869.webp,34,no_object
409869.webp,35,no_object
409869.webp,36,no_object
409869.webp,37,no_object
409869.webp,38,no_object
409869.webp,39,no_object
409869.webp,40,no_object
409869.webp,41,no_object
409869.webp,42,no_object
409869.webp,43,no_object
409869.webp,44,no_object
409869.webp,45,no_object
409869.webp,46,no_object
409869.webp,47,no_object
409869.webp,48,no_object
409869.webp,49,no_object
409869.webp,50,no_object
409869.webp,51,no_object
409869.webp,52,no_object
409869.webp,53,no_object
409869.webp,54,no_object
409869.webp,55,no_object
409869.webp,56,no_object
409869.webp,57,no_object
409869.webp,58,no_object
409869.webp,59,no_object
409869.webp,60,no_object
409869.webp,61,no_object
409869.webp,62,no_object
409869.webp,63,no_object
409869.webp,64,no_object
409826.webp,1,no_object
409826.webp,2,no_object
409826.webp,3,no_object
409826.webp,4,no_object
409826.webp,5,no_object
409826.webp,6,no_object
409826.webp,7,no_object
409826.webp,8,no_object
409826.webp,9,no_object
409826.webp,10,no_object
409826.webp,11,no_object
409826.webp,12,no_object
409826.webp,13,no_object
409826.webp,14,no_object
409826.webp,15,no_object
409826.webp,16,no_object
409826.webp,17,no_object
409826.webp,18,no_object
409826.webp,19,no_object
409826.webp,20,no_object
409826.webp,21,no_object
409826.webp,22,no_object
409826.webp,23,no_object
409826.webp,24,no_object
409826.webp,25,no_object
409826.webp,26,no_object
409826.webp,27,no_object
409826.webp,28,no_object
409826.webp,29,bat
409826.webp,30,no_object
409826.webp,31,no_object
409826.webp,32,no_object
409826.webp,33,stump
409826.webp,34,no_object
409826.webp,35,no_object
409826.webp,36,no_object
409826.webp,37,no_object
409826.webp,38,no_object
409826.webp,39,no_object
409826.webp,40,no_object
409826.webp,41,stump
409826.webp,42,no_object
409826.webp,43,no_object
409826.webp,44,no_object
409826.webp,45,no_object
409826.webp,46,no_object
409826.webp,47,no_object
409826.webp,48,no_object
409826.webp,49,stump
409826.webp,50,no_object
409826.webp,51,no_object
409826.webp,52,no_object
409826.webp,53,no_object
409826.webp,54,no_object
409826.webp,55,no_object
409826.webp,56,no_object
409826.webp,57,no_object
409826.webp,58,no_object
409826.webp,59,no_object
409826.webp,60,no_object
409826.webp,61,no_object
409826.webp,62,no_object
409826.webp,63,no_object
409826.webp,64,no_object
409760.webp,1,no_object
409760.webp,2,no_object
409760.webp,3,no_object
409760.webp,4,no_object
409760.webp,5,no_object
409760.webp,6,no_object
409760.webp,7,no_object
409760.webp,8,no_object
409760.webp,9,no_object
409760.webp,10,no_object
409760.webp,11,no_object
409760.webp,12,no_object
409760.webp,13,no_object
409760.webp,14,no_object
409760.webp,15,no_object
409760.webp,16,bat
409760.webp,17,no_object
409760.webp,18,no_object
409760.webp,19,no_object
409760.webp,20,no_object
409760.webp,21,no_object
409760.webp,22,no_object
409760.webp,23,bat
409760.webp,24,bat
409760.webp,25,no_object
409760.webp,26,no_object
409760.webp,27,no_object
409760.webp,28,no_object
409760.webp,29,no_object
409760.webp,30,no_object
409760.webp,31,bat
409760.webp,32,no_object
409760.webp,33,no_object
409760.webp,34,no_object
409760.webp,35,no_object
409760.webp,36,stump
409760.webp,37,no_object
409760.webp,38,no_object
409760.webp,39,no_object
409760.webp,40,no_object
409760.webp,41,no_object
409760.webp,42,no_object
409760.webp,43,no_object
409760.webp,44,ball
409760.webp,45,no_object
409760.webp,46,no_object
409760.webp,47,no_object
409760.webp,48,no_object
409760.webp,49,no_object
409760.webp,50,no_object
409760.webp,51,no_object
409760.webp,52,stump
409760.webp,53,no_object
409760.webp,54,no_object
409760.webp,55,no_object
409760.webp,56,no_object
409760.webp,57,no_object
409760.webp,58,no_object
409760.webp,59,no_object
409760.webp,60,no_object
409760.webp,61,no_object
409760.webp,62,no_object
409760.webp,63,no_object
409760.webp,64,no_object
